series,wavelength_rest,flux
observed_bright,4600.2292980299362,17.659000396728516
observed_bright,4601.2875747345606,17.087779998779297
observed_bright,4602.3460948943493,16.917829513549805
observed_bright,4603.4073857389039,17.393026351928711
observed_bright,4604.4663935584285,17.47327995300293
observed_bright,4605.5281733391721,18.114583969116211
observed_bright,4606.5876690430978,17.841352462768555
observed_bright,4607.649937985283,16.825483322143555
observed_bright,4608.7099217983759,16.488895416259766
observed_bright,4609.770149459353,17.491558074951172
observed_bright,4610.8331522744929,18.042928695678711
observed_bright,4611.8938683818506,18.609901428222656
observed_bright,4612.9573609218842,18.60887336730957
observed_bright,4614.0185657006505,18.347911834716797
observed_bright,4615.0825481911925,18.117290496826172
observed_bright,4616.1442418664965,17.560501098632812
observed_bright,4617.208714533268,17.090169906616211
observed_bright,4618.2708973303452,18.291784286499023
observed_bright,4619.3333244811784,17.24542236328125
observed_bright,4620.3985325433569,16.690446853637695
observed_bright,4621.461449153875,18.220487594604492
observed_bright,4622.5271479569028,18.159248352050781
observed_bright,4623.5905542525998,18.142498016357422
observed_bright,4624.6567440225608,17.982137680053711
observed_bright,4625.720640229034,18.687421798706055
observed_bright,4626.7847811834308,18.39903450012207
observed_bright,4627.8517075350674,17.441459655761719
observed_bright,4628.9163387386989,18.709135055541992
observed_bright,4629.9837566227998,18.080238342285156
observed_bright,4631.0488783015207,18.940328598022461
observed_bright,4632.1167879445347,18.861515045166016
observed_bright,4633.1824003243091,17.722221374511719
observed_bright,4634.2482578468098,17.223062515258789
observed_bright,4635.3169052596813,17.758888244628906
observed_bright,4636.3832538222377,17.127279281616211
observed_bright,4637.4523935604657,17.225446701049805
observed_bright,4638.5192333892992,17.205873489379883
observed_bright,4639.5888656796978,16.974529266357422
observed_bright,4640.6561970011353,16.409219741821289
observed_bright,4641.72377386074,15.459178924560547
observed_bright,4642.7941451110928,16.97227668762207
observed_bright,4643.8622138028513,17.447090148925781
observed_bright,4644.9330781727322,16.66131591796875
observed_bright,4646.0016389232305,15.685296058654785
observed_bright,4647.0729966398194,16.01042366027832
observed_bright,4648.1420496757473,17.740840911865234
observed_bright,4649.2113486459239,16.630882263183594
observed_bright,4650.2834465144851,16.846685409545898
observed_bright,4651.3532381101886,16.905681610107422
observed_bright,4652.4258298937302,16.731969833374023
observed_bright,4653.496114341915,17.315156936645508
observed_bright,4654.5692002679825,18.148378372192383
observed_bright,4655.6399777957049,17.122411727905273
observed_bright,4656.7110016543911,17.356573104858398
observed_bright,4657.784828926372,17.206655502319336
observed_bright,4658.8563462052416,16.863071441650391
observed_bright,4659.9306681889384,17.03492546081543
observed_bright,4661.0026791153105,17.174091339111328
observed_bright,4662.0774960386352,17.82282829284668
observed_bright,4663.1500008399335,18.213544845581055
observed_bright,4664.222752369551,17.809860229492188
observed_bright,4665.2983118346565,17.158775329589844
observed_bright,4666.3715575803953,17.139200210571289
observed_bright,4667.4476125552364,17.63800048828125
observed_bright,4668.5213527447822,16.746963500976562
observed_bright,4669.5979034576394,16.297151565551758
observed_bright,4670.6721383187805,17.13994026184082
observed_bright,4671.7466203062404,17.321617126464844
observed_bright,4672.8239147586746,16.161249160766602
observed_bright,4673.898891759477,16.111978530883789
observed_bright,4674.9766825209545,17.252817153930664
observed_bright,4676.0521547631515,16.434698104858398
observed_bright,4677.130442062321,16.407506942749023
observed_bright,4678.2064097740695,16.785282135009766
observed_bright,4679.2826250107773,16.468669891357422
observed_bright,4680.361657249251,16.587900161743164
observed_bright,4681.4383682978078,16.881332397460938
observed_bright,4682.5178976459229,17.641942977905273
observed_bright,4683.5951047347489,17.752405166625977
observed_bright,4684.6751314215226,17.453861236572266
observed_bright,4685.752834779144,17.258195877075195
observed_bright,4686.8307860610066,17.097499847412109
observed_bright,4687.911558888748,17.772377014160156
observed_bright,4688.9900067822546,16.693975448608398
observed_bright,4690.0712775215252,16.879232406616211
observed_bright,4691.1502222554655,16.917634963989258
observed_bright,4692.2319911356526,15.971115112304688
observed_bright,4693.31143293892,17.006221771240234
observed_bright,4694.3937001895183,17.273685455322266
observed_bright,4695.4736392911136,16.769269943237305
observed_bright,4696.5538268312794,16.154809951782227
observed_bright,4697.6368417707472,16.173738479614258
observed_bright,4698.7175269528007,16.637836456298828
observed_bright,4699.8010408367381,16.537481307983398
observed_bright,4700.882223889942,16.515501022338867
observed_bright,4701.9662369482121,16.284488677978516
observed_bright,4703.0479181019364,16.549375534057617
observed_bright,4704.129848094989,16.678424835205078
observed_bright,4705.2146100482278,16.387605667114258
observed_bright,4706.2970384859154,16.613317489624023
observed_bright,4707.3823001884712,16.319189071655273
observed_bright,4708.4652273004276,15.778763771057129
observed_bright,4709.5509889825362,16.063713073730469
observed_bright,4710.634414998498,16.150749206542969
observed_bright,4711.7180902551918,16.061412811279297
observed_bright,4712.8046020403135,17.332866668701172
observed_bright,4713.8887765456839,16.063936233520508
observed_bright,4714.9757888862696,16.360235214233398
observed_bright,4716.0604628703213,16.772083282470703
observed_bright,4717.147975996977,16.304533004760742
observed_bright,4718.2331496898187,15.701608657836914
observed_bright,4719.3185730254418,16.127079010009766
observed_bright,4720.4068374651033,17.343404769897461
observed_bright,4721.4927608547423,17.285989761352539
observed_bright,4722.5815266573154,16.099954605102539
observed_bright,4723.6679503313462,15.940762519836426
observed_bright,4724.7572177278089,17.175512313842773
observed_bright,4725.8441419167111,17.134243011474609
observed_bright,4726.9313161510936,16.186460494995117
observed_bright,4728.0213360725065,16.324558258056641
observed_bright,4729.1090111675439,15.513021469116211
observed_bright,4730.1995332606175,15.093015670776367
observed_bright,4731.2877094470559,16.149967193603516
observed_bright,4732.378733943141,16.158201217651367
observed_bright,4733.467411451832,15.346072196960449
observed_bright,4734.5563394093533,15.400522232055664
observed_bright,4735.6481176442885,16.420186996459961
observed_bright,4736.7375472704043,16.308183670043945
observed_bright,4737.8298284870543,15.432671546936035
observed_bright,4738.9197600128828,16.872896194458008
observed_bright,4740.0125444429714,15.941540718078613
observed_bright,4741.102978099736,16.680339813232422
observed_bright,4742.1936626093311,16.962867736816406
observed_bright,4743.2872019941278,16.14179801940918
observed_bright,4744.3783889815586,15.975232124328613
observed_bright,4745.4724321594313,17.268758773803711
observed_bright,4746.5641218561914,16.278070449829102
observed_bright,4747.6586690592376,16.018672943115234
observed_bright,4748.7508616969217,16.265666961669922
observed_bright,4749.8433055920887,16.036237716674805
observed_bright,4750.9386089676609,15.711567878723145
observed_bright,4752.0315561512125,16.486000061035156
observed_bright,4753.1273641325315,16.326030731201172
observed_bright,4754.2208148363306,14.956024169921875
observed_bright,4755.3171276558678,15.728353500366211
observed_bright,4756.4110821118875,16.88627815246582
observed_bright,4757.5052882306936,16.390434265136719
observed_bright,4758.6023584425411,16.393606185913086
observed_bright,4759.6970686615869,15.775494575500488
observed_bright,4760.7946442931607,15.965251922607422
observed_bright,4761.8898588446855,16.785707473754883
observed_bright,4762.9879401288326,16.057056427001953
observed_bright,4764.0836592451815,14.645833015441895
observed_bright,4765.1796304302743,16.395051956176758
observed_bright,4766.2784703284824,15.171962738037109
observed_bright,4767.3749464269804,15.54864501953125
observed_bright,4768.4742925602095,16.063997268676758
observed_bright,4769.5712738047259,15.664371490478516
observed_bright,4770.671126406196,15.462649345397949
observed_bright,4771.7686130294524,16.525419235229492
observed_bright,4772.8663521280632,16.307905197143555
observed_bright,4773.9669645673184,16.00218391418457
observed_bright,4775.0652093938115,15.461528778076172
observed_bright,4776.1663288846958,15.846532821655273
observed_bright,4777.26507967206,16.715751647949219
observed_bright,4778.3667064481706,15.607456207275391
observed_bright,4779.4659634295022,17.102016448974609
observed_bright,4780.5680977245465,16.742673873901367
observed_bright,4781.667861133049,16.88654899597168
observed_bright,4782.7678775406766,17.241321563720703
observed_bright,4783.8707732498224,16.771108627319336
observed_bright,4784.971296434489,16.990823745727539
observed_bright,4786.0747002471653,16.093435287475586
observed_bright,4787.1757304423409,16.823028564453125
observed_bright,4788.2796425926308,16.778261184692383
observed_bright,4789.3811800318945,16.954898834228516
observed_bright,4790.4829708783991,17.792488098144531
observed_bright,4791.5876456710284,16.21820068359375
observed_bright,4792.689944112054,16.951681137084961
observed_bright,4793.795127827837,17.51030158996582
observed_bright,4794.897934097231,17.003917694091797
observed_bright,4796.0036269706279,16.867597579956055
observed_bright,4797.1069413023488,17.668449401855469
observed_bright,4798.2105094500803,17.493141174316406
observed_bright,4799.3169661960383,16.720813751220703
observed_bright,4800.4210427570924,16.515811920166016
observed_bright,4801.5280092471476,16.959980010986328
observed_bright,4802.6325944557502,17.651697158813477
observed_bright,4803.7400709247431,17.667978286743164
observed_bright,4804.8451650152283,16.680599212646484
observed_bright,4805.9505133311559,18.147245407104492
observed_bright,4807.0587549049133,17.836347579956055
observed_bright,4808.1646124542858,17.972784042358398
observed_bright,4809.2733645944109,18.55463981628418
observed_bright,4810.3797316118334,18.548774719238281
observed_bright,4811.4889945535424,18.978979110717773
observed_bright,4812.5958712737256,18.276576995849609
observed_bright,4813.7030026294424,18.207660675048828
observed_bright,4814.8130319101092,18.446254730224609
observed_bright,4815.9206733207175,18.450386047363281
observed_bright,4817.0312139913476,18.129980087280273
observed_bright,4818.1393656918281,17.85835075378418
observed_bright,4819.2504179880189,18.691011428833008
observed_bright,4820.3590802134622,19.86201286315918
observed_bright,4821.4679974851952,19.686285018920898
observed_bright,4822.5798173565245,19.252494812011719
observed_bright,4823.6892455059178,19.81170654296875
observed_bright,4824.8015775921367,20.110855102539062
observed_bright,4825.9115168545522,20.378341674804688
observed_bright,4827.0243613916355,19.434036254882812
observed_bright,4828.1348120025432,19.684560775756836
observed_bright,4829.245518071154,20.411483764648438
observed_bright,4830.3591314215537,19.980749130249023
observed_bright,4831.4703491919245,19.662784576416016
observed_bright,4832.5844755834669,19.938793182373047
observed_bright,4833.6962052913377,20.184320449829102
observed_bright,4834.8108449603806,19.405862808227539
observed_bright,4835.9230868416007,19.394355773925781
observed_bright,4837.0355845926033,20.827859878540039
observed_bright,4838.1509943151377,20.590152740478516
observed_bright,4839.2640045933276,20.226873397827148
observed_bright,4840.3799281845922,20.557064056396484
observed_bright,4841.4934512260897,20.481647491455078
observed_bright,4842.6098889228233,20.550277709960938
observed_bright,4843.7239249638587,21.388221740722656
observed_bright,4844.8382172874199,21.682392120361328
observed_bright,4845.955426279821,21.693204879760742
observed_bright,4847.0702319573275,22.148876190185547
observed_bright,4848.1879556473805,22.528934478759766
observed_bright,4849.3032749153354,22.888830184936523
observed_bright,4850.4215135401628,22.994518280029297
observed_bright,4851.5373466351748,22.155586242675781
observed_bright,4852.6534364261242,23.281505584716797
observed_bright,4853.7724475907971,22.920597076416016
observed_bright,4854.8890515637841,22.874446868896484
observed_bright,4856.0085782563701,23.093751907348633
observed_bright,4857.1256966482779,22.801563262939453
observed_bright,4858.2457391062808,23.539871215820312
observed_bright,4859.3633721541019,24.259820938110352
observed_bright,4860.4812623119369,23.760671615600586
observed_bright,4861.6020785559704,23.449913024902344
observed_bright,4862.7204837252712,23.477838516235352
observed_bright,4863.841816328817,23.315980911254883
observed_bright,4864.9607367468489,23.300924301147461
observed_bright,4866.0825859477936,22.805015563964844
observed_bright,4867.2020218519319,24.179794311523438
observed_bright,4868.3243878882713,23.264923095703125
observed_bright,4869.4443395160006,21.159841537475586
observed_bright,4870.5645487871298,21.163787841796875
observed_bright,4871.6876902147533,21.68865966796875
observed_bright,4872.8084155657625,21.458585739135742
observed_bright,4873.9320744241095,20.303010940551758
observed_bright,4875.0533160927571,20.119194030761719
observed_bright,4876.1774926202079,20.361885070800781
observed_bright,4877.2992508443594,19.971691131591797
observed_bright,4878.4212671275172,20.18952751159668
observed_bright,4879.5462202970384,20.451940536499023
observed_bright,4880.6687534925659,19.751802444458008
observed_bright,4881.7942249274784,19.658445358276367
observed_bright,4882.9172752735158,19.848516464233398
observed_bright,4884.0432652125855,19.607564926147461
observed_bright,4885.166832947386,20.066005706787109
observed_bright,4886.2906591574665,19.584760665893555
observed_bright,4887.4174269914092,19.054370880126953
observed_bright,4888.5417709476924,19.406894683837891
observed_bright,4889.6690578830421,19.758916854858398
observed_bright,4890.7939198240529,18.943603515625
observed_bright,4891.9217260999585,18.01507568359375
observed_bright,4893.0471062643328,19.547931671142578
observed_bright,4894.1727453209342,19.426313400268555
observed_bright,4895.3013307465371,19.293815612792969
observed_bright,4896.4274883845192,19.682168960571289
observed_bright,4897.5565937488918,19.569154739379883
observed_bright,4898.6832702071633,19.235626220703125
observed_bright,4899.8128957498429,19.215950012207031
observed_bright,4900.9400912674246,18.389495849609375
observed_bright,4902.0675460948542,18.517887115478516
observed_bright,4903.1979520440782,18.831808090209961
observed_bright,4904.3259262894117,18.236337661743164
observed_bright,4905.4568530161223,18.637968063354492
observed_bright,4906.585346918655,18.557703018188477
observed_bright,4907.7167946627715,18.243558883666992
observed_bright,4908.8458084619115,17.993337631225586
observed_bright,4909.9750819891924,18.173639297485352
observed_bright,4911.1073113987295,18.410497665405273
observed_bright,4912.2371051817881,17.648609161376953
observed_bright,4913.3698562088775,17.947393417358398
observed_bright,4914.5001704873966,18.204034805297852
observed_bright,4915.6334433723468,17.687894821166992
observed_bright,4916.7642783861183,17.23204231262207
observed_bright,4917.8953735469986,17.592273712158203
observed_bright,4919.0294293582765,17.708328247070312
observed_bright,4920.1610456141607,17.018138885498047
observed_bright,4921.2956238844126,17.145420074462891
observed_bright,4922.4277614753701,17.497898101806641
observed_bright,4923.5628624452929,17.547222137451172
observed_bright,4924.695521611503,17.387659072875977
observed_bright,4925.8284413444635,17.130409240722656
observed_bright,4926.9643265036539,16.873703002929688
observed_bright,4928.0977681721997,16.854206085205078
observed_bright,4929.2341766331438,16.794319152832031
observed_bright,4930.368140477728,16.999828338623047
observed_bright,4931.5050724815119,17.436920166015625
observed_bright,4932.6395587427023,17.084470748901367
observed_bright,4933.7743059909672,17.38800048828125
observed_bright,4934.9120234489947,17.061365127563477
observed_bright,4936.0472934747777,17.011957168579102
observed_bright,4937.1855350786991,17.548606872558594
observed_bright,4938.3213281228454,17.742633819580078
observed_bright,4939.4600941141343,16.821733474731445
observed_bright,4940.5964104175964,16.149848937988281
observed_bright,4941.7329881291325,17.300327301025391
observed_bright,4942.8725408416831,17.17840576171875
observed_bright,4944.0096421740318,16.355688095092773
observed_bright,4945.1497198779771,17.154930114746094
observed_bright,4946.28734507237,17.940221786499023
observed_bright,4947.4279480095729,17.264396667480469
observed_bright,4948.5660973073536,17.468009948730469
observed_bright,4949.7045084348847,17.017313003540039
observed_bright,4950.8458993624117,16.788291931152344
observed_bright,4951.9848349554104,17.824075698852539
observed_bright,4953.1267517211963,17.402793884277344
observed_bright,4954.2662120212817,18.195205688476562
observed_bright,4955.4086548675814,18.402214050292969
observed_bright,4956.5486401164862,18.63446044921875
observed_bright,4957.6916092856636,19.0159912109375
observed_bright,4958.8321197252326,19.17259407043457
observed_bright,4959.9728925377303,19.552244186401367
observed_bright,4961.1166513319522,19.260150909423828
observed_bright,4962.2579496979433,18.812427520751953
observed_bright,4963.4022354212993,18.580486297607422
observed_bright,4964.5440595829068,18.157466888427734
observed_bright,4965.6888724781538,17.328701019287109
observed_bright,4966.8312226776106,17.060840606689453
observed_bright,4967.9738356732305,17.494308471679688
observed_bright,4969.1194394672684,17.320728302001953
observed_bright,4970.2625788641526,17.241546630859375
observed_bright,4971.4087104373157,17.2900390625
observed_bright,4972.5523764779782,16.927766799926758
observed_bright,4973.6990360734135,16.554418563842773
observed_bright,4974.8432290004803,16.473339080810547
observed_bright,4975.9876851476247,16.510845184326172
observed_bright,4977.1351369176518,16.079572677612305
observed_bright,4978.2801203152012,15.571331977844238
observed_bright,4979.4281007157151,15.848387718200684
observed_bright,4980.5736116065727,16.653146743774414
observed_bright,4981.7221208811125,16.284408569335938
observed_bright,4982.8681595082953,15.403623580932617
observed_bright,4984.014461780157,15.852141380310059
observed_bright,4985.1637645071469,16.837310791015625
observed_bright,4986.310594879923,16.729047775268555
observed_bright,4987.4604270901345,16.620677947998047
observed_bright,4988.6077858071194,17.069520950317383
observed_bright,4989.7581477444855,16.689716339111328
observed_bright,4990.9060350490863,16.611059188842773
observed_bright,4992.0541864236538,17.179536819458008
observed_bright,4993.2053430933902,17.497226715087891
observed_bright,4994.3540234207521,17.228227615356445
observed_bright,4995.5057104278203,17.569807052612305
observed_bright,4996.6549199516639,17.796594619750977
observed_bright,4997.8071375403897,17.910890579223633
observed_bright,4998.9568765045169,17.979846954345703
observed_bright,5000.1068799645818,18.113975524902344
observed_bright,5001.2598935676624,18.628555297851562
observed_bright,5002.410426833776,18.831239700317383
observed_bright,5003.5639716296773,21.912763595581055
observed_bright,5004.7150349459207,22.53028678894043
observed_bright,5005.8691111793632,22.56060791015625
observed_bright,5007.0207047899312,25.530385971069336
observed_bright,5008.1725633230944,24.553215026855469
observed_bright,5009.3274368549446,23.637819290161133
observed_bright,5010.4798260487887,21.555381774902344
observed_bright,5011.6352316303273,20.641374588012695
observed_bright,5012.7881517293263,20.201065063476562
observed_bright,5013.9440896056685,18.226116180419922
observed_bright,5015.0975408544118,16.993026733398438
observed_bright,5016.2512574530983,16.810001373291016
observed_bright,5017.407993913971,15.731474876403809
observed_bright,5018.5622420293485,15.874582290649414
observed_bright,5019.7195113981606,16.527778625488281
observed_bright,5020.8742912750968,15.801967620849609
observed_bright,5022.0320937973584,15.795139312744141
observed_bright,5023.1874056808365,15.640668869018555
observed_bright,5024.3429833422952,15.428813934326172
observed_bright,5025.5015857372864,15.953876495361328
observed_bright,5026.6576957728266,16.405059814453125
observed_bright,5027.8168319353917,16.217033386230469
observed_bright,5028.973474590277,17.195514678955078
observed_bright,5030.1331447663224,16.520366668701172
observed_bright,5031.2903202859306,15.662042617797852
observed_bright,5032.4477620122452,16.337881088256836
observed_bright,5033.6082333512977,17.119327545166016
observed_bright,5034.7662083104678,16.148069381713867
observed_bright,5035.9272142781156,15.442450523376465
observed_bright,5037.0857227158003,15.597896575927734
observed_bright,5038.2472635583472,16.133405685424805
observed_bright,5039.4063057203193,15.984687805175781
observed_bright,5040.5656145184184,15.711862564086914
observed_bright,5041.7279578163289,16.032815933227539
observed_bright,5042.8878007074409,15.639209747314453
observed_bright,5044.0506794963585,16.066474914550781
observed_bright,5045.2110567265408,16.073558807373047
observed_bright,5046.3744712531643,15.703607559204102
observed_bright,5047.5353830685872,15.566771507263184
observed_bright,5048.6993335797315,15.952352523803711
observed_bright,5049.860780226677,16.363819122314453
observed_bright,5051.0224940628977,15.781439781188965
observed_bright,5052.1872486941356,15.24146842956543
observed_bright,5053.3494977313694,15.55206298828125
observed_bright,5054.5147889645141,15.593777656555176
observed_bright,5055.6775734493285,14.780678749084473
observed_bright,5056.8434015315916,15.744202613830566
observed_bright,5058.0067217106662,16.651285171508789
observed_bright,5059.1703095100202,16.012495040893555
observed_bright,5060.3369430095045,15.78947925567627
observed_bright,5061.5010668732057,15.606067657470703
observed_bright,5062.6682378401902,14.685787200927734
observed_bright,5063.8328980152046,15.969956398010254
observed_bright,5065.0006066973001,15.302383422851562
observed_bright,5066.1658034307038,15.188519477844238
observed_bright,5067.3312682160849,15.747040748596191
observed_bright,5068.4997836146231,15.844307899475098
observed_bright,5069.6657853290772,15.173826217651367
observed_bright,5070.8348390621059,14.982229232788086
observed_bright,5072.0013779529982,15.23464298248291
observed_bright,5073.1709702685266,15.113869667053223
observed_bright,5074.3380465833325,15.355193138122559
observed_bright,5075.5053913825113,15.672089576721191
observed_bright,5076.6757917157975,15.296927452087402
observed_bright,5077.843674310172,15.240313529968262
observed_bright,5079.0146138463369,15.633481979370117
observed_bright,5080.183034483669,14.838052749633789
observed_bright,5081.3545134711221,14.141831398010254
observed_bright,5082.523472399288,14.476075172424316
observed_bright,5083.6927002449193,15.075336456298828
observed_bright,5084.864988553546,14.751302719116211
observed_bright,5086.0347550618917,14.467841148376465
observed_bright,5087.2075834431862,14.70872688293457
observed_bright,5088.3778888624074,15.589996337890625
observed_bright,5089.551257565181,15.534790992736816
observed_bright,5090.7221021435544,14.255935668945312
observed_bright,5091.8932160731829,15.603402137756348
observed_bright,5093.0673954026479,15.688209533691406
observed_bright,5094.2390488639103,14.918395042419434
observed_bright,5095.4137691372352,14.923238754272461
observed_bright,5096.585962378691,15.491050720214844
observed_bright,5097.7612238450893,15.52379322052002
observed_bright,5098.933957115416,15.546550750732422
observed_bright,5100.1069601714898,15.148947715759277
observed_bright,5101.2830335722028,15.322551727294922
observed_bright,5102.4565770302288,15.346798896789551
observed_bright,5103.6331922473992,15.165162086486816
observed_bright,5104.8072763563396,15.26481819152832
observed_bright,5105.9844336395836,14.919968605041504
observed_bright,5107.1590586485163,14.562865257263184
observed_bright,5108.3339538783894,14.563480377197266
observed_bright,5109.5119244056805,14.643446922302246
observed_bright,5110.687360909229,14.938079833984375
observed_bright,5111.8658741269837,15.374425888061523
observed_bright,5113.0418521535712,14.824493408203125
observed_bright,5114.2209083118069,15.073455810546875
observed_bright,5115.397428110914,15.272136688232422
observed_bright,5116.5742185668551,15.048611640930176
observed_bright,5117.7540892809839,14.628981590270996
observed_bright,5118.9314218837299,14.548598289489746
observed_bright,5120.1118361637373,15.221186637878418
observed_bright,5121.2897111630555,15.592207908630371
observed_bright,5122.4706692593618,14.858724594116211
observed_bright,5123.6490869051331,14.662717819213867
observed_bright,5124.8277756443367,15.180818557739258
observed_bright,5126.0095496104977,15.160146713256836
observed_bright,5127.1887813710446,14.99964714050293
observed_bright,5128.3710997799108,15.609686851501465
observed_bright,5129.550874811971,15.09473705291748
observed_bright,5130.7337379143682,14.962189674377441
observed_bright,5131.9140564682257,15.41779613494873
observed_bright,5133.094646552815,15.290481567382812
observed_bright,5134.2783268411495,15.556704521179199
observed_bright,5135.4594608230309,15.531772613525391
observed_bright,5136.6436864323132,15.718554496765137
observed_bright,5137.8253645620598,15.777168273925781
observed_bright,5139.0101357435187,15.429838180541992
observed_bright,5140.1923582718209,14.929170608520508
observed_bright,5141.3776752768008,14.73119068145752
observed_bright,5142.5604424544608,14.965081214904785
observed_bright,5143.7434817261556,15.357465744018555
observed_bright,5144.9296176123617,15.220011711120605
observed_bright,5146.1132019096876,14.92534065246582
observed_bright,5147.2998842481338,15.290452003479004
observed_bright,5148.4840138221844,15.654207229614258
observed_bright,5149.6712428646215,15.535268783569336
observed_bright,5150.8559179666054,14.888701438903809
observed_bright,5152.0408656015406,14.615659713745117
observed_bright,5153.2289148461423,14.988131523132324
observed_bright,5154.414408385891,15.413056373596191
observed_bright,5155.6030049642159,15.498894691467285
observed_bright,5156.789044660276,15.649233818054199
observed_bright,5157.9781888244815,15.430439949035645
observed_bright,5159.1647749284675,15.57734203338623
observed_bright,5160.3516340050273,16.12541389465332
observed_bright,5161.5415996944666,16.360183715820312
observed_bright,5162.7290055564408,16.381921768188477
observed_bright,5163.919519462509,16.012222290039062
observed_bright,5165.1074723618003,15.008491516113281
observed_bright,5166.2985347370623,15.118558883666992
observed_bright,5167.4870349256908,15.475852966308594
observed_bright,5168.6758085272259,14.385302543640137
observed_bright,5169.8676937529253,14.701918601989746
observed_bright,5171.0570150218955,14.696754455566406
observed_bright,5172.2494493485538,14.311444282531738
observed_bright,5173.4393185372692,14.100813865661621
observed_bright,5174.6323022178558,14.155976295471191
observed_bright,5175.8227195787422,14.31056022644043
observed_bright,5177.0134107935764,14.842184066772461
observed_bright,5178.2072186519445,15.093430519104004
observed_bright,5179.3984584176587,15.054098129272461
observed_bright,5180.5928162627397,14.948278427124023
observed_bright,5181.7846048320489,15.265216827392578
observed_bright,5182.9795129172244,15.535942077636719
observed_bright,5184.1718505429617,13.85539722442627
observed_bright,5185.364462464403,14.574294090270996
observed_bright,5186.560196056842,14.440312385559082
observed_bright,5187.7533574140298,13.865899085998535
observed_bright,5188.9496418803683,14.129124641418457
observed_bright,5190.1433529264286,15.069635391235352
observed_bright,5191.3401885204521,15.636753082275391
observed_bright,5192.5344495086247,14.914700508117676
observed_bright,5193.7289852349695,14.988961219787598
observed_bright,5194.926647667884,15.136519432067871
observed_bright,5196.1217337162707,14.768279075622559
observed_bright,5197.3199479117011,14.736038208007812
observed_bright,5198.5155845356649,15.605007171630859
observed_bright,5199.7143507478067,16.024702072143555
observed_faint,4600.2292980299362,10.340758323669434
observed_faint,4601.2875747345606,9.47174072265625
observed_faint,4602.3486214867035,12.630955696105957
observed_faint,4603.4073857389039,10.998900413513184
observed_faint,4604.4663935584285,8.3557834625244141
observed_faint,4605.5281733391721,10.102766036987305
observed_faint,4606.5876690430978,10.789143562316895
observed_faint,4607.649937985283,8.8336410522460938
observed_faint,4608.7099217983759,8.8607873916625977
observed_faint,4609.7726801273593,10.757694244384766
observed_faint,4610.8331522744929,12.104100227355957
observed_faint,4611.8938683818506,10.825665473937988
observed_faint,4612.9573609218842,10.570854187011719
observed_faint,4614.0185657006505,10.332149505615234
observed_faint,4615.0825481911925,11.667646408081055
observed_faint,4616.1442418664965,10.089457511901855
observed_faint,4617.208714533268,10.355783462524414
observed_faint,4618.2708973303452,11.438485145568848
observed_faint,4619.3333244811784,11.073233604431152
observed_faint,4620.3985325433569,11.181195259094238
observed_faint,4621.461449153875,11.971712112426758
observed_faint,4622.5271479569028,11.366281509399414
observed_faint,4623.5905542525998,12.146755218505859
observed_faint,4624.6567440225608,10.807119369506836
observed_faint,4625.720640229034,11.884526252746582
observed_faint,4626.7847811834308,12.27377986907959
observed_faint,4627.8517075350674,10.266152381896973
observed_faint,4628.9163387386989,7.9717574119567871
observed_faint,4629.9837566227998,10.092516899108887
observed_faint,4631.0488783015207,11.403587341308594
observed_faint,4632.1167879445347,10.938302993774414
observed_faint,4633.1824003243091,10.779458999633789
observed_faint,4634.2482578468098,11.765852928161621
observed_faint,4635.3169052596813,11.747314453125
observed_faint,4636.3832538222377,10.776800155639648
observed_faint,4637.4523935604657,10.840486526489258
observed_faint,4638.5192333892992,10.375946998596191
observed_faint,4639.5888656796978,10.358400344848633
observed_faint,4640.6561970011353,14.418865203857422
observed_faint,4641.7263220706218,12.79591178894043
observed_faint,4642.7941451110928,3.7006316184997559
observed_faint,4643.8622138028513,6.7679095268249512
observed_faint,4644.9330781727322,10.663835525512695
observed_faint,4646.0016389232305,14.754953384399414
observed_faint,4647.0729966398194,8.7487077713012695
observed_faint,4648.1420496757473,2.387077808380127
observed_faint,4649.2139009663279,9.0465250015258789
observed_faint,4650.2834465144851,10.089399337768555
observed_faint,4651.3532381101886,8.7884702682495117
observed_faint,4652.4258298937302,9.6850357055664062
observed_faint,4653.496114341915,10.011930465698242
observed_faint,4654.5692002679825,10.516067504882812
observed_faint,4655.6399777957049,8.9385271072387695
observed_faint,4656.7135580919494,9.4847898483276367
observed_faint,4657.784828926372,10.362297058105469
observed_faint,4658.8563462052416,9.142582893371582
observed_faint,4659.9306681889384,10.338547706604004
observed_faint,4661.0026791153105,11.000752449035645
observed_faint,4662.0774960386352,10.953876495361328
observed_faint,4663.1500008399335,10.920550346374512
observed_faint,4664.2253129309047,10.2755126953125
observed_faint,4665.2983118346565,10.181076049804688
observed_faint,4666.3715575803953,10.562376022338867
observed_faint,4667.4476125552364,10.509644508361816
observed_faint,4668.5213527447822,9.2139053344726562
observed_faint,4669.5979034576394,9.1487054824829102
observed_faint,4670.6721383187805,8.5899667739868164
observed_faint,4671.7491849980415,9.9725570678710938
observed_faint,4672.8239147586746,9.4447593688964844
observed_faint,4673.898891759477,8.3112545013427734
observed_faint,4674.9766825209545,8.8238334655761719
observed_faint,4676.0521547631515,10.240909576416016
observed_faint,4677.130442062321,10.718035697937012
observed_faint,4678.2064097740695,8.9870662689208984
observed_faint,4679.285193839688,8.5829982757568359
observed_faint,4680.361657249251,11.00355052947998
observed_faint,4681.4383682978078,9.64794921875
observed_faint,4682.5178976459229,10.403033256530762
observed_faint,4683.5951047347489,11.083523750305176
observed_faint,4684.6751314215226,9.2899503707885742
observed_faint,4685.752834779144,11.293952941894531
observed_faint,4686.8333590337006,8.3647823333740234
observed_faint,4687.911558888748,10.21848201751709
observed_faint,4688.9900067822546,10.508730888366699
observed_faint,4690.0712775215252,10.888099670410156
observed_faint,4691.1502222554655,11.222749710083008
observed_faint,4692.2319911356526,9.1413021087646484
observed_faint,4693.31143293892,8.0713663101196289
observed_faint,4694.3937001895183,9.6610984802246094
observed_faint,4695.4736392911136,10.82917594909668
observed_faint,4696.5538268312794,10.531918525695801
observed_faint,4697.6368417707472,10.540594100952148
observed_faint,4698.7175269528007,11.566914558410645
observed_faint,4699.8010408367381,11.333534240722656
observed_faint,4700.882223889942,11.358149528503418
observed_faint,4701.9662369482121,10.882809638977051
observed_faint,4703.0479181019364,10.331315040588379
observed_faint,4704.129848094989,9.7819604873657227
observed_faint,4705.2146100482278,11.102510452270508
observed_faint,4706.2970384859154,9.6399946212768555
observed_faint,4707.3823001884712,8.7286739349365234
observed_faint,4708.4652273004276,9.4819164276123047
observed_faint,4709.5509889825362,11.371012687683105
observed_faint,4710.634414998498,13.326394081115723
observed_faint,4711.7180902551918,10.163243293762207
observed_faint,4712.8046020403135,10.236630439758301
observed_faint,4713.8887765456839,8.7265853881835938
observed_faint,4714.9757888862696,9.1174068450927734
observed_faint,4716.0604628703213,8.7150287628173828
observed_faint,4717.147975996977,10.271847724914551
observed_faint,4718.2331496898187,11.18868350982666
observed_faint,4719.3185730254418,9.8919038772583008
observed_faint,4720.4068374651033,8.7321748733520508
observed_faint,4721.4927608547423,10.360329627990723
observed_faint,4722.5815266573154,10.610677719116211
observed_faint,4723.6679503313462,9.8822021484375
observed_faint,4724.7572177278089,9.5799350738525391
observed_faint,4725.8441419167111,9.4009504318237305
observed_faint,4726.933911138146,10.548722267150879
observed_faint,4728.0213360725065,9.0465974807739258
observed_faint,4729.1090111675439,11.054755210876465
observed_faint,4730.1995332606175,11.243170738220215
observed_faint,4731.2877094470559,11.182761192321777
observed_faint,4732.378733943141,9.4625844955444336
observed_faint,4733.467411451832,11.06971549987793
observed_faint,4734.5589385823851,10.106683731079102
observed_faint,4735.6481176442885,8.8899316787719727
observed_faint,4736.7375472704043,9.8966779708862305
observed_faint,4737.8298284870543,10.162915229797363
observed_faint,4738.9197600128828,9.6710596084594727
observed_faint,4740.0125444429714,10.739410400390625
observed_faint,4741.102978099736,10.996306419372559
observed_faint,4742.1962659750943,8.9862442016601562
observed_faint,4743.2872019941278,10.519287109375
observed_faint,4744.3783889815586,11.459871292114258
observed_faint,4745.4724321594313,10.926581382751465
observed_faint,4746.5641218561914,11.92961597442627
observed_faint,4747.6586690592376,10.687237739562988
observed_faint,4748.7508616969217,9.2233867645263672
observed_faint,4749.8459131573463,10.372543334960938
observed_faint,4750.9386089676609,9.638092041015625
observed_faint,4752.0315561512125,9.9665279388427734
observed_faint,4753.1273641325315,9.593907356262207
observed_faint,4754.2208148363306,9.0250492095947266
observed_faint,4755.3171276558678,11.28449535369873
observed_faint,4756.4110821118875,10.277980804443359
observed_faint,4757.5079000022215,7.6675424575805664
observed_faint,4758.6023584425411,9.7007770538330078
observed_faint,4759.6970686615869,8.5699625015258789
observed_faint,4760.7946442931607,8.8983068466186523
observed_faint,4761.8898588446855,9.69818115234375
observed_faint,4762.9879401288326,10.223278999328613
observed_faint,4764.0836592451815,9.7318086624145508
observed_faint,4765.1822464148554,10.351690292358398
observed_faint,4766.2784703284824,10.234638214111328
observed_faint,4767.3749464269804,10.301139831542969
observed_faint,4768.4742925602095,10.628842353820801
observed_faint,4769.5712738047259,9.6255588531494141
observed_faint,4770.671126406196,9.4401636123657227
observed_faint,4771.7686130294524,10.409540176391602
observed_faint,4772.8689723324951,9.2847270965576172
observed_faint,4773.9669645673184,8.7425050735473633
observed_faint,4775.0652093938115,9.7023143768310547
observed_faint,4776.1663288846958,9.2737150192260742
observed_faint,4777.26507967206,10.135538101196289
observed_faint,4778.3667064481706,10.327757835388184
observed_faint,4779.4659634295022,11.867093086242676
observed_faint,4780.5680977245465,9.5108575820922852
observed_faint,4781.667861133049,11.108739852905273
observed_faint,4782.7678775406766,10.70710277557373
observed_faint,4783.8707732498224,10.662736892700195
observed_faint,4784.971296434489,10.145564079284668
observed_faint,4786.0747002471653,9.6725578308105469
observed_faint,4787.1757304423409,10.890109062194824
observed_faint,4788.2796425926308,11.474603652954102
observed_faint,4789.3811800318945,10.763358116149902
observed_faint,4790.4829708783991,10.654289245605469
observed_faint,4791.5876456710284,10.735377311706543
observed_faint,4792.689944112054,10.877909660339355
observed_faint,4793.795127827837,10.980240821838379
observed_faint,4794.897934097231,10.579594612121582
observed_faint,4796.0036269706279,11.390450477600098
observed_faint,4797.1069413023488,10.523891448974609
observed_faint,4798.2105094500803,9.8151111602783203
observed_faint,4799.3169661960383,10.151490211486816
observed_faint,4800.4210427570924,9.7187767028808594
observed_faint,4801.5280092471476,11.691478729248047
observed_faint,4802.6325944557502,10.285212516784668
observed_faint,4803.7400709247431,10.992594718933105
observed_faint,4804.8451650152283,11.808510780334473
observed_faint,4805.9531516981051,11.212700843811035
observed_faint,4807.0587549049133,10.818033218383789
observed_faint,4808.1646124542858,10.721278190612793
observed_faint,4809.2733645944109,10.640336990356445
observed_faint,4810.3797316118334,10.925276756286621
observed_faint,4811.4889945535424,10.852492332458496
observed_faint,4812.5958712737256,10.080216407775879
observed_faint,4813.7056452523475,11.572322845458984
observed_faint,4814.8130319101092,12.095301628112793
observed_faint,4815.9206733207175,10.247184753417969
observed_faint,4817.0312139913476,10.909879684448242
observed_faint,4818.1393656918281,10.952119827270508
observed_faint,4819.2504179880189,9.8371591567993164
observed_faint,4820.3590802134622,11.200170516967773
observed_faint,4821.4706443709192,10.998455047607422
observed_faint,4822.5798173565245,10.294316291809082
observed_faint,4823.6892455059178,10.538522720336914
observed_faint,4824.8015775921367,11.129915237426758
observed_faint,4825.9115168545522,11.469387054443359
observed_faint,4827.0243613916355,10.247746467590332
observed_faint,4828.1348120025432,9.6298227310180664
observed_faint,4829.2481692265765,11.779407501220703
observed_faint,4830.3591314215537,10.789327621459961
observed_faint,4831.4703491919245,12.064813613891602
observed_faint,4832.5844755834669,11.794353485107422
observed_faint,4833.6962052913377,10.826458930969238
observed_faint,4834.8108449603806,11.026226997375488
observed_faint,4835.9230868416007,9.8059968948364258
observed_faint,4837.0382400246108,8.9749584197998047
observed_faint,4838.1509943151377,10.330699920654297
observed_faint,4839.2640045933276,10.63029956817627
observed_faint,4840.3799281845922,10.215580940246582
observed_faint,4841.4934512260897,11.110653877258301
observed_faint,4842.6098889228233,11.060394287109375
observed_faint,4843.7239249638587,11.42998218536377
observed_faint,4844.84087700291,12.567179679870605
observed_faint,4845.955426279821,11.156743049621582
observed_faint,4847.0702319573275,11.36357307434082
observed_faint,4848.1879556473805,11.681560516357422
observed_faint,4849.3032749153354,12.476318359375
observed_faint,4850.4215135401628,11.21092414855957
observed_faint,4851.5373466351748,10.898195266723633
observed_faint,4852.6561004320074,12.363384246826172
observed_faint,4853.7724475907971,12.543817520141602
observed_faint,4854.8890515637841,11.914758682250977
observed_faint,4856.0085782563701,11.002091407775879
observed_faint,4857.1256966482779,10.661751747131348
observed_faint,4858.2457391062808,12.481254577636719
observed_faint,4859.3633721541019,12.721431732177734
observed_faint,4860.4839306151334,12.835513114929199
observed_faint,4861.6020785559704,13.538132667541504
observed_faint,4862.7204837252712,12.687236785888672
observed_faint,4863.841816328817,12.070370674133301
observed_faint,4864.9607367468489,12.25403881072998
observed_faint,4866.0825859477936,12.734489440917969
observed_faint,4867.2020218519319,12.366050720214844
observed_faint,4868.3243878882713,11.231966972351074
observed_faint,4869.4443395160006,11.470819473266602
observed_faint,4870.5645487871298,11.815608024597168
observed_faint,4871.6876902147533,10.940502166748047
observed_faint,4872.8084155657625,11.038538932800293
observed_faint,4873.9320744241095,10.870678901672363
observed_faint,4875.0533160927571,10.020877838134766
observed_faint,4876.1774926202079,11.06737232208252
observed_faint,4877.2992508443594,10.605648040771484
observed_faint,4878.4212671275172,9.8672113418579102
observed_faint,4879.5462202970384,10.800185203552246
observed_faint,4880.6687534925659,11.091396331787109
observed_faint,4881.7942249274784,10.209153175354004
observed_faint,4882.9172752735158,10.622527122497559
observed_faint,4884.0432652125855,11.160262107849121
observed_faint,4885.166832947386,10.760812759399414
observed_faint,4886.2906591574665,11.17856502532959
observed_faint,4887.4174269914092,8.3920984268188477
observed_faint,4888.5417709476924,11.996978759765625
observed_faint,4889.6690578830421,10.088360786437988
observed_faint,4890.7939198240529,11.016870498657227
observed_faint,4891.9217260999585,12.32071590423584
observed_faint,4893.0471062643328,10.247690200805664
observed_faint,4894.1754321200551,10.747036933898926
observed_faint,4895.3013307465371,11.133968353271484
observed_faint,4896.4274883845192,10.591331481933594
observed_faint,4897.5565937488918,11.471796989440918
observed_faint,4898.6832702071633,12.137290954589844
observed_faint,4899.8128957498429,12.276467323303223
observed_faint,4900.9400912674246,12.394737243652344
observed_faint,4902.0702372280557,10.793815612792969
observed_faint,4903.1979520440782,9.3667678833007812
observed_faint,4904.3259262894117,9.671116828918457
observed_faint,4905.4568530161223,11.671502113342285
observed_faint,4906.585346918655,11.932333946228027
observed_faint,4907.7167946627715,10.476369857788086
observed_faint,4908.8458084619115,10.207487106323242
observed_faint,4909.9777774634667,10.121155738830566
observed_faint,4911.1073113987295,10.420408248901367
observed_faint,4912.2371051817881,10.840913772583008
observed_faint,4913.3698562088775,11.50688648223877
observed_faint,4914.5001704873966,11.813055992126465
observed_faint,4915.6334433723468,12.928749084472656
observed_faint,4916.7642783861183,11.779640197753906
observed_faint,4917.8980733693497,10.838915824890137
observed_faint,4919.0294293582765,11.162237167358398
observed_faint,4920.1610456141607,11.324797630310059
observed_faint,4921.2956238844126,10.923097610473633
observed_faint,4922.4277614753701,9.7904672622680664
observed_faint,4923.5628624452929,9.6982355117797852
observed_faint,4924.695521611503,9.2596092224121094
observed_faint,4925.8311455219036,9.7048683166503906
observed_faint,4926.9643265036539,11.105422019958496
observed_faint,4928.0977681721997,10.370465278625488
observed_faint,4929.2341766331438,10.578128814697266
observed_faint,4930.368140477728,11.756340026855469
observed_faint,4931.5050724815119,11.131195068359375
observed_faint,4932.6395587427023,10.670098304748535
observed_faint,4933.7770145305212,12.711079597473145
observed_faint,4934.9120234489947,12.662711143493652
observed_faint,4936.0472934747777,11.607556343078613
observed_faint,4937.1855350786991,11.345503807067871
observed_faint,4938.3213281228454,10.549978256225586
observed_faint,4939.4600941141343,10.132411956787109
observed_faint,4940.5964104175964,11.34107494354248
observed_faint,4941.7357010378373,12.215549468994141
observed_faint,4942.8725408416831,10.932876586914062
observed_faint,4944.0096421740318,9.5522880554199219
observed_faint,4945.1497198779771,10.930144309997559
observed_faint,4946.28734507237,12.871277809143066
observed_faint,4947.4279480095729,11.020100593566895
observed_faint,4948.5660973073536,11.980010986328125
observed_faint,4949.7072257197897,11.58669376373291
observed_faint,4950.8458993624117,12.609487533569336
observed_faint,4951.9848349554104,12.239556312561035
observed_faint,4953.1267517211963,10.29669189453125
observed_faint,4954.2662120212817,11.769444465637207
observed_faint,4955.4086548675814,11.208150863647461
observed_faint,4956.5486401164862,11.809913635253906
observed_faint,4957.6916092856636,13.309738159179688
observed_faint,4958.8321197252326,13.569004058837891
observed_faint,4959.9728925377303,13.686836242675781
observed_faint,4961.1166513319522,12.677682876586914
observed_faint,4962.2579496979433,11.652797698974609
observed_faint,4963.4022354212993,12.428383827209473
observed_faint,4964.5440595829068,12.202588081359863
observed_faint,4965.6888724781538,10.569866180419922
observed_faint,4966.8312226776106,8.3089437484741211
observed_faint,4967.9738356732305,11.361248016357422
observed_faint,4969.1194394672684,12.057482719421387
observed_faint,4970.2625788641526,11.404216766357422
observed_faint,4971.4087104373157,10.215509414672852
observed_faint,4972.5523764779782,10.196601867675781
observed_faint,4973.6990360734135,10.946218490600586
observed_faint,4974.8432290004803,7.9120140075683594
observed_faint,4975.9876851476247,11.268132209777832
observed_faint,4977.1351369176518,10.603199005126953
observed_faint,4978.2801203152012,10.550028800964355
observed_faint,4979.4281007157151,10.710604667663574
observed_faint,4980.5736116065727,11.157421112060547
observed_faint,4981.7221208811125,11.312434196472168
observed_faint,4982.8681595082953,10.857722282409668
observed_faint,4984.0171979005127,10.660555839538574
observed_faint,4985.1637645071469,10.362837791442871
observed_faint,4986.310594879923,10.851141929626465
observed_faint,4987.4604270901345,11.2069091796875
observed_faint,4988.6077858071194,9.8281221389770508
observed_faint,4989.7581477444855,9.8918247222900391
observed_faint,4990.9060350490863,10.811277389526367
observed_faint,4992.0569269576517,10.731855392456055
observed_faint,4993.2053430933902,11.720810890197754
observed_faint,4994.3540234207521,10.562976837158203
observed_faint,4995.5057104278203,11.539799690246582
observed_faint,4996.6549199516639,12.361989974975586
observed_faint,4997.8071375403897,11.482802391052246
observed_faint,4998.9568765045169,12.484037399291992
observed_faint,5000.1096249193397,12.148448944091797
observed_faint,5001.2598935676624,11.358149528503418
observed_faint,5002.410426833776,12.651047706604004
observed_faint,5003.5639716296773,13.314272880554199
observed_faint,5004.7150349459207,15.005021095275879
observed_faint,5005.8691111793632,17.829904556274414
observed_faint,5007.0207047899312,19.222639083862305
observed_faint,5008.1753127057464,19.669818878173828
observed_faint,5009.3274368549446,17.378673553466797
observed_faint,5010.4798260487887,15.350025177001953
observed_faint,5011.6352316303273,14.235542297363281
observed_faint,5012.7881517293263,14.632162094116211
observed_faint,5013.9440896056685,12.541293144226074
observed_faint,5015.0975408544118,11.212407112121582
observed_faint,5016.2540112707857,11.346616744995117
observed_faint,5017.407993913971,10.583103179931641
observed_faint,5018.5622420293485,11.080685615539551
observed_faint,5019.7195113981606,10.771029472351074
observed_faint,5020.8742912750968,10.447607040405273
observed_faint,5022.0320937973584,10.864657402038574
observed_faint,5023.1874056808365,9.747960090637207
observed_faint,5024.3457416021711,10.153634071350098
observed_faint,5025.5015857372864,11.027514457702637
observed_faint,5026.6576957728266,11.137015342712402
observed_faint,5027.8168319353917,10.798633575439453
observed_faint,5028.973474590277,10.482462882995605
observed_faint,5030.1331447663224,10.995780944824219
observed_faint,5031.2903202859306,11.679213523864746
observed_faint,5032.4505247214774,11.080050468444824
observed_faint,5033.6082333512977,10.15179443359375
observed_faint,5034.7662083104678,11.117584228515625
observed_faint,5035.9272142781156,10.467296600341797
observed_faint,5037.0857227158003,10.411998748779297
observed_faint,5038.2472635583472,10.601537704467773
observed_faint,5039.4063057203193,9.6341133117675781
observed_faint,5040.568381684182,8.3874397277832031
observed_faint,5041.7279578163289,10.118000984191895
observed_faint,5042.8878007074409,9.3948640823364258
observed_faint,5044.0506794963585,9.9762105941772461
observed_faint,5045.2110567265408,9.5688390731811523
observed_faint,5046.3744712531643,10.574972152709961
observed_faint,5047.5353830685872,10.369826316833496
observed_faint,5048.6993335797315,9.3665666580200195
observed_faint,5049.860780226677,9.9766912460327148
observed_faint,5051.0224940628977,10.470134735107422
observed_faint,5052.1872486941356,10.165482521057129
observed_faint,5053.3494977313694,10.696102142333984
observed_faint,5054.5147889645141,10.921377182006836
observed_faint,5055.6775734493285,9.7510232925415039
observed_faint,5056.8434015315916,9.6409158706665039
observed_faint,5058.0067217106662,10.199995040893555
observed_faint,5059.1703095100202,9.6695613861083984
observed_faint,5060.3369430095045,10.272365570068359
observed_faint,5061.5010668732057,9.5917997360229492
observed_faint,5062.6682378401902,9.5948543548583984
observed_faint,5063.8328980152046,10.23534107208252
observed_faint,5065.0006066973001,10.877481460571289
observed_faint,5066.1658034307038,10.55580997467041
observed_faint,5067.3312682160849,10.087028503417969
observed_faint,5068.4997836146231,9.2790861129760742
observed_faint,5069.6657853290772,9.4228668212890625
observed_faint,5070.8348390621059,10.109819412231445
observed_faint,5072.0013779529982,11.225225448608398
observed_faint,5073.1709702685266,10.211226463317871
observed_faint,5074.3380465833325,10.222663879394531
observed_faint,5075.5081777294863,9.8866043090820312
observed_faint,5076.6757917157975,11.832670211791992
observed_faint,5077.843674310172,12.362524032592773
observed_faint,5079.0146138463369,9.8496065139770508
observed_faint,5080.183034483669,9.6134920120239258
observed_faint,5081.3545134711221,9.4135885238647461
observed_faint,5082.523472399288,8.3612785339355469
observed_faint,5083.6954910865561,9.6358318328857422
observed_faint,5084.864988553546,10.491098403930664
observed_faint,5086.0347550618917,9.5455923080444336
observed_faint,5087.2075834431862,8.4281444549560547
observed_faint,5088.3778888624074,10.730916023254395
observed_faint,5089.551257565181,8.7947320938110352
observed_faint,5090.7221021435544,9.8104419708251953
observed_faint,5091.896011416733,10.077898979187012
observed_faint,5093.0673954026479,10.143002510070801
observed_faint,5094.2390488639103,9.9185218811035156
observed_faint,5095.4137691372352,9.8663530349731445
observed_faint,5096.585962378691,10.03803539276123
observed_faint,5097.7612238450893,9.8321733474731445
observed_faint,5098.933957115416,9.5007190704345703
observed_faint,5100.1097600242147,10.834770202636719
observed_faint,5101.2830335722028,9.3860435485839844
observed_faint,5102.4565770302288,8.8557453155517578
observed_faint,5103.6331922473992,8.3874683380126953
observed_faint,5104.8072763563396,8.5426025390625
observed_faint,5105.9844336395836,10.098381996154785
observed_faint,5107.1590586485163,9.9502534866333008
observed_faint,5108.336758247563,9.7026615142822266
observed_faint,5109.5119244056805,9.2342119216918945
observed_faint,5110.687360909229,10.23409366607666
observed_faint,5111.8658741269837,10.805370330810547
observed_faint,5113.0418521535712,9.7340497970581055
observed_faint,5114.2209083118069,10.051309585571289
observed_faint,5115.397428110914,9.7613983154296875
observed_faint,5116.5770274597626,11.511919021606445
observed_faint,5117.7540892809839,9.9102964401245117
observed_faint,5118.9314218837299,9.6173124313354492
observed_faint,5120.1118361637373,10.610357284545898
observed_faint,5121.2897111630555,9.9946842193603516
observed_faint,5122.4706692593618,9.4330892562866211
observed_faint,5123.6490869051331,10.469904899597168
observed_faint,5124.830589068275,9.9605226516723633
observed_faint,5126.0095496104977,9.2762069702148438
observed_faint,5127.1887813710446,9.226201057434082
observed_faint,5128.3710997799108,9.9080476760864258
observed_faint,5129.550874811971,9.5829982757568359
observed_faint,5130.7337379143682,9.5144157409667969
observed_faint,5131.9140564682257,10.202337265014648
observed_faint,5133.0974645150936,11.034764289855957
observed_faint,5134.2783268411495,10.249833106994629
observed_faint,5135.4594608230309,9.907221794128418
observed_faint,5136.6436864323132,10.945633888244629
observed_faint,5137.8253645620598,8.9502801895141602
observed_faint,5139.0101357435187,9.8853950500488281
observed_faint,5140.1923582718209,9.9910421371459961
observed_faint,5141.3776752768008,10.855377197265625
observed_faint,5142.5604424544608,10.370994567871094
observed_faint,5143.7434817261556,10.902470588684082
observed_faint,5144.9296176123617,10.242184638977051
observed_faint,5146.1132019096876,10.34197998046875
observed_faint,5147.2998842481338,11.427815437316895
observed_faint,5148.4840138221844,10.817134857177734
observed_faint,5149.6712428646215,9.3415346145629883
observed_faint,5150.8559179666054,12.431858062744141
observed_faint,5152.0408656015406,11.66655445098877
observed_faint,5153.2289148461423,10.954612731933594
observed_faint,5154.414408385891,9.9559164047241211
observed_faint,5155.6030049642159,9.6715316772460938
observed_faint,5156.789044660276,9.8891239166259766
observed_faint,5157.9781888244815,10.995728492736816
observed_faint,5159.1647749284675,11.466049194335938
observed_faint,5160.3516340050273,10.001284599304199
observed_faint,5161.5415996944666,10.198456764221191
observed_faint,5162.7290055564408,11.36888599395752
observed_faint,5163.919519462509,10.92054557800293
observed_faint,5165.1074723618003,10.002348899841309
observed_faint,5166.2985347370623,8.2107257843017578
observed_faint,5167.4870349256908,8.196162223815918
observed_faint,5168.6786460228232,10.000270843505859
observed_faint,5169.8676937529253,9.6365747451782227
observed_faint,5171.0570150218955,8.313812255859375
observed_faint,5172.2494493485538,8.6320133209228516
observed_faint,5173.4393185372692,7.606743335723877
observed_faint,5174.6323022178558,8.3832502365112305
observed_faint,5175.8227195787422,10.50839900970459
observed_faint,5177.016252866345,8.518061637878418
observed_faint,5178.2072186519445,9.4703750610351562
observed_faint,5179.3984584176587,10.517116546630859
observed_faint,5180.5928162627397,8.5810375213623047
observed_faint,5181.7846048320489,10.617800712585449
observed_faint,5182.9795129172244,9.2010335922241211
observed_faint,5184.1718505429617,9.1749677658081055
observed_faint,5185.3673091217252,8.3548307418823242
observed_faint,5186.560196056842,10.393514633178711
observed_faint,5187.7533574140298,9.2414321899414062
observed_faint,5188.9496418803683,9.4670801162719727
observed_faint,5190.1433529264286,10.307838439941406
observed_faint,5191.3401885204521,9.7763643264770508
observed_faint,5192.5344495086247,9.455897331237793
observed_faint,5193.7318364842395,9.8095149993896484
observed_faint,5194.926647667884,10.007377624511719
observed_faint,5196.1217337162707,9.9920167922973633
observed_faint,5197.3199479117011,10.653348922729492
observed_faint,5198.5155845356649,10.670321464538574
observed_faint,5199.7143507478067,9.9385509490966797
line_bright,4600.2292980299362,25.418120661934161
line_bright,4601.2875747345606,24.594931897930774
line_bright,4602.3460948943493,24.349346035655586
line_bright,4603.4073857389039,25.032283833678918
line_bright,4604.4663935584285,25.146783798566474
line_bright,4605.5281733391721,26.068680568138191
line_bright,4606.5876690430978,25.674449980515401
line_bright,4607.649937985283,24.211603337485229
line_bright,4608.7099217983759,23.72631315661728
line_bright,4609.770149459353,25.168071260775335
line_bright,4610.8331522744929,25.960386866428998
line_bright,4611.8938683818506,26.775089609982082
line_bright,4612.9573609218842,26.772542647316282
line_bright,4614.0185657006505,26.396047344726224
line_bright,4615.0825481911925,26.063226644474042
line_bright,4616.1442418664965,25.261233321649353
line_bright,4617.208714533268,24.583669184013822
line_bright,4618.2708973303452,26.31110996601014
line_bright,4619.3333244811784,24.805023447346908
line_bright,4620.3985325433569,24.005815012748123
line_bright,4621.461449153875,26.205429629977441
line_bright,4622.5271479569028,26.116313093727758
line_bright,4623.5905542525998,26.091187000985251
line_bright,4624.6567440225608,25.859539377993375
line_bright,4625.720640229034,26.872720682834043
line_bright,4626.7847811834308,26.456966135731264
line_bright,4627.8517075350674,25.079018424003817
line_bright,4628.9163387386989,26.900740108746575
line_bright,4629.9837566227998,25.995452849533944
line_bright,4631.0488783015207,27.230997531484284
line_bright,4632.1167879445347,27.116607599445164
line_bright,4633.1824003243091,25.477669140188585
line_bright,4634.2482578468098,24.759090619869948
line_bright,4635.3169052596813,25.528356514924877
line_bright,4636.3832538222377,24.619443933381266
line_bright,4637.4523935604657,24.75957107820917
line_bright,4638.5192333892992,24.730457662537255
line_bright,4639.5888656796978,24.396971978325908
line_bright,4640.6561970011353,23.583535444810476
line_bright,4641.72377386074,22.217243976944385
line_bright,4642.7941451110928,24.390836531774713
line_bright,4643.8622138028513,25.072199460535209
line_bright,4644.9330781727322,23.942058475431136
line_bright,4646.0016389232305,22.538639770482753
line_bright,4647.0729966398194,23.004913718068813
line_bright,4648.1420496757473,25.490295836500025
line_bright,4649.2113486459239,23.89454511813608
line_bright,4650.2834465144851,24.203643696812563
line_bright,4651.3532381101886,24.287444222488045
line_bright,4652.4258298937302,24.036930306445075
line_bright,4653.496114341915,24.873748043090011
line_bright,4654.5692002679825,26.069665480846894
line_bright,4655.6399777957049,24.594919013676712
line_bright,4656.7110016543911,24.930288720329756
line_bright,4657.784828926372,24.713975201633403
line_bright,4658.8563462052416,24.219528140766499
line_bright,4659.9306681889384,24.465385699952151
line_bright,4661.0026791153105,24.664281687570707
line_bright,4662.0774960386352,25.594943516451636
line_bright,4663.1500008399335,26.155011595581595
line_bright,4664.222752369551,25.57430365825471
line_bright,4665.2983118346565,24.638395277677489
line_bright,4666.3715575803953,24.609317324724202
line_bright,4667.4476125552364,25.324520018819488
line_bright,4668.5213527447822,24.044226690456021
line_bright,4669.5979034576394,23.397490757844302
line_bright,4670.6721383187805,24.6064974862241
line_bright,4671.7466203062404,24.866338008633463
line_bright,4672.8239147586746,23.19963513127411
line_bright,4673.898891759477,23.127996069252827
line_bright,4674.9766825209545,24.764641287891006
line_bright,4676.0521547631515,23.589386243257266
line_bright,4677.130442062321,23.549428711672469
line_bright,4678.2064097740695,24.090695918959575
line_bright,4679.2826250107773,23.635355140040236
line_bright,4680.361657249251,23.805532452902646
line_bright,4681.4383682978078,24.225688783006682
line_bright,4682.5178976459229,25.316211893824306
line_bright,4683.5951047347489,25.473723742308007
line_bright,4684.6751314215226,25.044342325581209
line_bright,4685.752834779144,24.762610721102998
line_bright,4686.8307860610066,24.531074527439266
line_bright,4687.911558888748,25.498367961209105
line_bright,4688.9900067822546,23.950222440945119
line_bright,4690.0712775215252,24.215050131819673
line_bright,4691.1502222554655,24.269189231769488
line_bright,4692.2319911356526,22.910456316725075
line_bright,4693.31143293892,24.394352697852398
line_bright,4694.3937001895183,24.777037307950707
line_bright,4695.4736392911136,24.052568511338617
line_bright,4696.5538268312794,23.170323325098785
line_bright,4697.6368417707472,23.196559009563245
line_bright,4698.7175269528007,23.861237297430847
line_bright,4699.8010408367381,23.716379180896578
line_bright,4700.882223889942,23.683927675504062
line_bright,4701.9662369482121,23.351727338639613
line_bright,4703.0479181019364,23.730640373756
line_bright,4704.129848094989,23.914749748823333
line_bright,4705.2146100482278,23.496827547886042
line_bright,4706.2970384859154,23.819522762241274
line_bright,4707.3823001884712,23.396892759038373
line_bright,4708.4652273004276,22.621194905493926
line_bright,4709.5509889825362,23.028806897680131
line_bright,4710.634414998498,23.152673344977757
line_bright,4711.7180902551918,23.023703595478604
line_bright,4712.8046020403135,24.845331166518342
line_bright,4713.8887765456839,23.025513267040473
line_bright,4714.9757888862696,23.449297282244448
line_bright,4716.0604628703213,24.038661617742953
line_bright,4717.147975996977,23.367624747007635
line_bright,4718.2331496898187,22.502632404229587
line_bright,4719.3185730254418,23.111486567669875
line_bright,4720.4068374651033,24.853610634898118
line_bright,4721.4927608547423,24.770362780860758
line_bright,4722.5815266573154,23.069899166392275
line_bright,4723.6679503313462,22.840895332681079
line_bright,4724.7572177278089,24.609155019318234
line_bright,4725.8441419167111,24.54906276469999
line_bright,4726.9313161510936,23.190219837982944
line_bright,4728.0213360725065,23.387153700902555
line_bright,4729.1090111675439,22.223645937431428
line_bright,4730.1995332606175,21.621105201647445
line_bright,4731.2877094470559,23.134308914381222
line_bright,4732.378733943141,23.145195847279521
line_bright,4733.467411451832,21.98103183830273
line_bright,4734.5563394093533,22.058160519856457
line_bright,4735.6481176442885,23.517704357093947
line_bright,4736.7375472704043,23.356374425633462
line_bright,4737.8298284870543,22.101609613987645
line_bright,4738.9197600128828,24.163256218361322
line_bright,4740.0125444429714,22.828589360332515
line_bright,4741.102978099736,23.885630134226631
line_bright,4742.1936626093311,24.289250015721102
line_bright,4743.2872019941278,23.112647930164563
line_bright,4744.3783889815586,22.873255932456939
line_bright,4745.4724321594313,24.724352874387222
line_bright,4746.5641218561914,23.305034128166849
line_bright,4747.6586690592376,22.93276040391456
line_bright,4748.7508616969217,23.285453698588384
line_bright,4749.8433055920887,22.956112138104931
line_bright,4750.9386089676609,22.490461201505674
line_bright,4752.0315561512125,23.598107398048587
line_bright,4753.1273641325315,23.368211498080633
line_bright,4754.2208148363306,21.406419705270128
line_bright,4755.3171276558678,22.51096667379797
line_bright,4756.4110821118875,24.167285548135567
line_bright,4757.5052882306936,23.456727689396452
line_bright,4758.6023584425411,23.460348659767188
line_bright,4759.6970686615869,22.574907510731538
line_bright,4760.7946442931607,22.845558298659775
line_bright,4761.8898588446855,24.018656105774024
line_bright,4762.9879401288326,22.975130252013983
line_bright,4764.0836592451815,20.955071765178175
line_bright,4765.1796304302743,23.456917705508406
line_bright,4766.2784703284824,21.706155318570801
line_bright,4767.3749464269804,22.244197562233452
line_bright,4768.4742925602095,22.98057205914748
line_bright,4769.5712738047259,22.408007249318313
line_bright,4770.671126406196,22.118576912144853
line_bright,4771.7686130294524,23.637896739980089
line_bright,4772.8663521280632,23.325855392676718
line_bright,4773.9669645673184,22.887674781658365
line_bright,4775.0652093938115,22.113521273013173
line_bright,4776.1663288846958,22.663279399669673
line_bright,4777.26507967206,23.905480887720049
line_bright,4778.3667064481706,22.319615601140825
line_bright,4779.4659634295022,24.45597562112226
line_bright,4780.5680977245465,23.941178001587474
line_bright,4781.667861133049,24.145971030371634
line_bright,4782.7678775406766,24.65229748223393
line_bright,4783.8707732498224,23.97903205456009
line_bright,4784.971296434489,24.292230313609405
line_bright,4786.0747002471653,23.008311003912237
line_bright,4787.1757304423409,24.050452534151333
line_bright,4788.2796425926308,23.985515738386844
line_bright,4789.3811800318945,24.237085693128794
line_bright,4790.4829708783991,25.433432359107133
line_bright,4791.5876456710284,23.182164674927531
line_bright,4792.689944112054,24.229652682068785
line_bright,4793.795127827837,25.027132720760243
line_bright,4794.897934097231,24.302421552975101
line_bright,4796.0036269706279,24.106648652359649
line_bright,4797.1069413023488,25.250218990748163
line_bright,4798.2105094500803,24.998710526453671
line_bright,4799.3169661960383,23.894077304562451
line_bright,4800.4210427570924,23.600210742676623
line_bright,4801.5280092471476,24.233958304194303
line_bright,4802.6325944557502,25.221365783988194
line_bright,4803.7400709247431,25.243644490142614
line_bright,4804.8451650152283,23.831969857395581
line_bright,4805.9505133311559,25.926394991512105
line_bright,4807.0587549049133,25.481231595485006
line_bright,4808.1646124542858,25.67514817886974
line_bright,4809.2733645944109,26.505329784884431
line_bright,4810.3797316118334,26.495921422513931
line_bright,4811.4889945535424,27.109389111793593
line_bright,4812.5958712737256,26.105069652507723
line_bright,4813.7030026294424,26.005623361867212
line_bright,4814.8130319101092,26.345376255513603
line_bright,4815.9206733207175,26.350252865520304
line_bright,4817.0312139913476,25.89165076244084
line_bright,4818.1393656918281,25.502742640827741
line_bright,4819.2504179880189,26.69079093324029
line_bright,4820.3590802134622,28.36188193626716
line_bright,4821.4679974851952,28.10986034436111
line_bright,4822.5798173565245,27.489385185041481
line_bright,4823.6892455059178,28.28674938546505
line_bright,4824.8015775921367,28.712750465377624
line_bright,4825.9115168545522,29.093518329776938
line_bright,4827.0243613916355,27.74428316443138
line_bright,4828.1348120025432,28.10084486600406
line_bright,4829.245518071154,29.137439162877246
line_bright,4830.3591314215537,28.52145497853191
line_bright,4831.4703491919245,28.066488475898087
line_bright,4832.5844755834669,28.459354361176416
line_bright,4833.6962052913377,28.808687009245148
line_bright,4834.8108449603806,27.696532410408089
line_bright,4835.9230868416007,27.679035946810131
line_bright,4837.0355845926033,29.723737960179271
line_bright,4838.1509943151377,29.383360658060155
line_bright,4839.2640045933276,28.863820512908159
line_bright,4840.3799281845922,29.33386426345437
line_bright,4841.4934512260897,29.225116035436336
line_bright,4842.6098889228233,29.32190505509007
line_bright,4843.7239249638587,30.516333042940495
line_bright,4844.8382172874199,30.934851753116813
line_bright,4845.955426279821,30.949076819077568
line_bright,4847.0702319573275,31.597946425389015
line_bright,4848.1879556473805,32.138896258072812
line_bright,4849.3032749153354,32.651045157015531
line_bright,4850.4215135401628,32.800536761493177
line_bright,4851.5373466351748,31.602617880972421
line_bright,4852.6534364261242,33.207338747548171
line_bright,4853.7724475907971,32.691291906199751
line_bright,4854.8890515637841,32.624205859481528
line_bright,4856.0085782563701,32.935707606285781
line_bright,4857.1256966482779,32.517737306760132
line_bright,4858.2457391062808,33.569350642572765
line_bright,4859.3633721541019,34.594706716160218
line_bright,4860.4812623119369,33.881604719993561
line_bright,4861.6020785559704,33.437180973698531
line_bright,4862.7204837252712,33.475705262663453
line_bright,4863.841816328817,33.243633101884107
line_bright,4864.9607367468489,33.220881086468658
line_bright,4866.0825859477936,32.512587705636768
line_bright,4867.2020218519319,34.471246602024102
line_bright,4868.3243878882713,33.165700548851383
line_bright,4869.4443395160006,30.163599196094594
line_bright,4870.5645487871298,30.168058908751082
line_bright,4871.6876902147533,30.915043872795252
line_bright,4872.8084155657625,30.585914363050609
line_bright,4873.9320744241095,28.937698798112002
line_bright,4875.0533160927571,28.674598485107875
line_bright,4876.1774926202079,29.019367227058982
line_bright,4877.2992508443594,28.462170887931691
line_bright,4878.4212671275172,28.771504353438228
line_bright,4879.5462202970384,29.144333793433947
line_bright,4880.6687534925659,28.145539004500218
line_bright,4881.7942249274784,28.011424952830779
line_bright,4882.9172752735158,28.281166954979756
line_bright,4884.0432652125855,27.936766172723612
line_bright,4885.166832947386,28.588847727723746
line_bright,4886.2906591574665,27.902121562159063
line_bright,4887.4174269914092,27.145432807541795
line_bright,4888.5417709476924,27.646582815570767
line_bright,4889.6690578830421,28.146977083984602
line_bright,4890.7939198240529,26.984505302841374
line_bright,4891.9217260999585,25.660856851319835
line_bright,4893.0471062643328,27.84320070449342
line_bright,4894.1727453209342,27.668906312083962
line_bright,4895.3013307465371,27.479127797157492
line_bright,4896.4274883845192,28.031158345650148
line_bright,4897.5565937488918,27.869127920194536
line_bright,4898.6832702071633,27.393082261230585
line_bright,4899.8128957498429,27.364004977928715
line_bright,4900.9400912674246,26.186103382964003
line_bright,4902.0675460948542,26.367913324644036
line_bright,4903.1979520440782,26.813875650424322
line_bright,4904.3259262894117,25.965007997596384
line_bright,4905.4568530161223,26.535828194655064
line_bright,4906.585346918655,26.420533534593808
line_bright,4907.7167946627715,25.972285167861038
line_bright,4908.8458084619115,25.615073664352931
line_bright,4909.9750819891924,25.870753405480684
line_bright,4911.1073113987295,26.206918418751894
line_bright,4912.2371051817881,25.121420232727246
line_bright,4913.3698562088775,25.545731826074515
line_bright,4914.5001704873966,25.910030670973747
line_bright,4915.6334433723468,25.174431071332883
line_bright,4916.7642783861183,24.524691912640733
line_bright,4917.8953735469986,25.03641238624488
line_bright,4919.0294293582765,25.200604449068493
line_bright,4920.1610456141607,24.217468818222045
line_bright,4921.2956238844126,24.397655380188596
line_bright,4922.4277614753701,24.898269938887342
line_bright,4923.5628624452929,24.967493298472611
line_bright,4924.695521611503,24.739504718868847
line_bright,4925.8284413444635,24.372548285121923
line_bright,4926.9643265036539,24.006391323029955
line_bright,4928.0977681721997,23.977732397545999
line_bright,4929.2341766331438,23.891614652182241
line_bright,4930.368140477728,24.183044541505133
line_bright,4931.5050724815119,24.803874687149925
line_bright,4932.6395587427023,24.301585496922311
line_bright,4933.7743059909672,24.73238930223874
line_bright,4934.9120234489947,24.266855487728748
line_bright,4936.0472934747777,24.19565332949092
line_bright,4937.1855350786991,24.957957595599137
line_bright,4938.3213281228454,25.232939392328745
line_bright,4939.4600941141343,23.922347457041127
line_bright,4940.5964104175964,22.965972965354705
line_bright,4941.7329881291325,24.601075637410762
line_bright,4942.8725408416831,24.426764934432633
line_bright,4944.0096421740318,23.256012873435228
line_bright,4945.1497198779771,24.391513046501696
line_bright,4946.28734507237,25.507094064232319
line_bright,4947.4279480095729,24.545274756734617
line_bright,4948.5660973073536,24.833806986032748
line_bright,4949.7045084348847,24.192136437373549
line_bright,4950.8458993624117,23.865639807183065
line_bright,4951.9848349554104,25.337105012266512
line_bright,4953.1267517211963,24.737299286065518
line_bright,4954.2662120212817,25.862689016686037
line_bright,4955.4086548675814,26.155928238282087
line_bright,4956.5486401164862,26.485018129701906
line_bright,4957.6916092856636,27.026249257904553
line_bright,4958.8321197252326,27.247777381770007
line_bright,4959.9728925377303,27.786267888603756
line_bright,4961.1166513319522,27.370116342510773
line_bright,4962.2579496979433,26.732845486672524
line_bright,4963.4022354212993,26.40224042885626
line_bright,4964.5440595829068,25.800157713029122
line_bright,4965.6888724781538,24.621610520016226
line_bright,4966.8312226776106,24.240092616547813
line_bright,4967.9738356732305,24.855015991246315
line_bright,4969.1194394672684,24.607459752763987
line_bright,4970.2625788641526,24.494031162617546
line_bright,4971.4087104373157,24.561981237010936
line_bright,4972.5523764779782,24.046423799962923
line_bright,4973.6990360734135,23.515170480534845
line_bright,4974.8432290004803,23.399105535070568
line_bright,4975.9876851476247,23.45148490690417
line_bright,4977.1351369176518,22.838044708537609
line_bright,4978.2801203152012,22.115338589291341
line_bright,4979.4281007157151,22.507969201471418
line_bright,4980.5736116065727,23.649991234805942
line_bright,4981.7221208811125,23.125442373959956
line_bright,4982.8681595082953,21.873806572242113
line_bright,4984.014461780157,22.509863218370782
line_bright,4985.1637645071469,23.907880245650784
line_bright,4986.310594879923,23.753248012373078
line_bright,4987.4604270901345,23.598473851204453
line_bright,4988.6077858071194,24.234829725611394
line_bright,4989.7581477444855,23.69468797230952
line_bright,4990.9060350490863,23.582118228240592
line_bright,4992.0541864236538,24.388236864185455
line_bright,4993.2053430933902,24.838284446319605
line_bright,4994.3540234207521,24.455493374190208
line_bright,4995.5057104278203,24.939414259412235
line_bright,4996.6549199516639,25.260365664613282
line_bright,4997.8071375403897,25.42162652937153
line_bright,4998.9568765045169,25.518527668947247
line_bright,5000.1068799645818,25.707916045387616
line_bright,5001.2598935676624,26.437215887676906
line_bright,5002.410426833776,26.723844381957658
line_bright,5003.5639716296773,31.09572427783899
line_bright,5004.7150349459207,31.970817059821226
line_bright,5005.8691111793632,32.012622907694819
line_bright,5007.0207047899312,36.225248429605713
line_bright,5008.1725633230944,34.837408102835752
line_bright,5009.3274368549446,33.537317087872651
line_bright,5010.4798260487887,30.581591900667277
line_bright,5011.6352316303273,29.283732143377961
line_bright,5012.7881517293263,28.657979643520413
line_bright,5013.9440896056685,25.855256750858135
line_bright,5015.0975408544118,24.105099774054555
line_bright,5016.2512574530983,23.844567305871941
line_bright,5017.407993913971,22.313853436297556
line_bright,5018.5622420293485,22.515985613128255
line_bright,5019.7195113981606,23.441567252156272
line_bright,5020.8742912750968,22.411288313514703
line_bright,5022.0320937973584,22.40075217261375
line_bright,5023.1874056808365,22.180839789874813
line_bright,5024.3429833422952,21.87956728923422
line_bright,5025.5015857372864,22.623298483870606
line_bright,5026.6576957728266,23.262215208132389
line_bright,5027.8168319353917,22.994721636960449
line_bright,5028.973474590277,24.381223532852967
line_bright,5030.1331447663224,23.423052201601813
line_bright,5031.2903202859306,22.205253098841993
line_bright,5032.4477620122452,23.162563840386035
line_bright,5033.6082333512977,24.269517165358469
line_bright,5034.7662083104678,22.891727718228811
line_bright,5035.9272142781156,21.890600886282908
line_bright,5037.0857227158003,22.110118400207838
line_bright,5038.2472635583472,22.868339337240837
line_bright,5039.4063057203193,22.656681298047193
line_bright,5040.5656145184184,22.269136208487513
line_bright,5041.7279578163289,22.723176896090081
line_bright,5042.8878007074409,22.164483335963702
line_bright,5044.0506794963585,22.769157356127675
line_bright,5045.2110567265408,22.778335351534398
line_bright,5046.3744712531643,22.25322234209559
line_bright,5047.5353830685872,22.058481212427591
line_bright,5048.6993335797315,22.604002823137922
line_bright,5049.860780226677,23.186163007988576
line_bright,5051.0224940628977,22.360134748957989
line_bright,5052.1872486941356,21.594251149498586
line_bright,5053.3494977313694,22.03347256648162
line_bright,5054.5147889645141,22.091735871905072
line_bright,5055.6775734493285,20.939025503588688
line_bright,5056.8434015315916,22.303157243182568
line_bright,5058.0067217106662,23.587236424808165
line_bright,5059.1703095100202,22.681507006576236
line_bright,5060.3369430095045,22.364761621233505
line_bright,5061.5010668732057,22.104136934270493
line_bright,5062.6682378401902,20.799881730227895
line_bright,5063.8328980152046,22.617833924144435
line_bright,5065.0006066973001,21.671547746286571
line_bright,5066.1658034307038,21.509480096350771
line_bright,5067.3312682160849,22.299599287727137
line_bright,5068.4997836146231,22.436492891943193
line_bright,5069.6657853290772,21.486240002537336
line_bright,5070.8348390621059,21.214135795274895
line_bright,5072.0013779529982,21.570729293674699
line_bright,5073.1709702685266,21.39891810789263
line_bright,5074.3380465833325,21.739776365196271
line_bright,5075.5053913825113,22.187600757925345
line_bright,5076.6757917157975,21.655650985216667
line_bright,5077.843674310172,21.574691010625045
line_bright,5079.0146138463369,22.130438457017341
line_bright,5080.183034483669,21.003653702425275
line_bright,5081.3545134711221,20.017378229216661
line_bright,5082.523472399288,20.489720495329308
line_bright,5083.6927002449193,21.337124423189373
line_bright,5084.864988553546,20.877710373043204
line_bright,5086.0347550618917,20.475753082546927
line_bright,5087.2075834431862,20.815884478597575
line_bright,5088.3778888624074,22.062233902103983
line_bright,5089.551257565181,21.983281356090792
line_bright,5090.7221021435544,20.172813818055854
line_bright,5091.8932160731829,22.078713221937811
line_bright,5093.0673954026479,22.197879046090218
line_bright,5094.2390488639103,21.107843743248161
line_bright,5095.4137691372352,21.113901960021007
line_bright,5096.585962378691,21.916438829684175
line_bright,5097.7612238450893,21.961935552286633
line_bright,5098.933957115416,21.993305432549516
line_bright,5100.1069601714898,21.430021704421133
line_bright,5101.2830335722028,21.674790212209107
line_bright,5102.4565770302288,21.70827475275194
line_bright,5103.6331922473992,21.450539740238725
line_bright,5104.8072763563396,21.590689497464759
line_bright,5105.9844336395836,21.102137433703039
line_bright,5107.1590586485163,20.596293509585671
line_bright,5108.3339538783894,20.596391072798969
line_bright,5109.5119244056805,20.708705443759023
line_bright,5110.687360909229,21.124582526224479
line_bright,5111.8658741269837,21.740821896220893
line_bright,5113.0418521535712,20.962381688717922
line_bright,5114.2209083118069,21.31362345609136
line_bright,5115.397428110914,21.593746229563106
line_bright,5116.5742185668551,21.276900011565839
line_bright,5117.7540892809839,20.682817401962026
line_bright,5118.9314218837299,20.568399192505908
line_bright,5120.1118361637373,21.518478910509572
line_bright,5121.2897111630555,22.042173996843832
line_bright,5122.4706692593618,21.004484744274105
line_bright,5123.6490869051331,20.726631191873778
line_bright,5124.8277756443367,21.458195443058148
line_bright,5126.0095496104977,21.428172113520926
line_bright,5127.1887813710446,21.200520191328504
line_bright,5128.3710997799108,22.061924848842487
line_bright,5129.550874811971,21.333323157547191
line_bright,5130.7337379143682,21.145202023130651
line_bright,5131.9140564682257,21.788270629425753
line_bright,5133.094646552815,21.607543352580567
line_bright,5134.2783268411495,21.982929831644778
line_bright,5135.4594608230309,21.94687903636887
line_bright,5136.6436864323132,22.209976348502497
line_bright,5137.8253645620598,22.291963926587663
line_bright,5139.0101357435187,21.800395981656699
line_bright,5140.1923582718209,21.092228381832182
line_bright,5141.3776752768008,20.811739455118936
line_bright,5142.5604424544608,21.141383605260124
line_bright,5143.7434817261556,21.694901864717327
line_bright,5144.9296176123617,21.499921627803065
line_bright,5146.1132019096876,21.082879886089827
line_bright,5147.2998842481338,21.597813260618626
line_bright,5148.4840138221844,22.110794768373982
line_bright,5149.6712428646215,21.941979943292754
line_bright,5150.8559179666054,21.027984873344838
line_bright,5152.0408656015406,20.641586022023464
line_bright,5153.2289148461423,21.166835136496193
line_bright,5154.414408385891,21.766120663454121
line_bright,5155.6030049642159,21.886523386875858
line_bright,5156.789044660276,22.097999718431662
line_bright,5157.9781888244815,21.788231307398728
line_bright,5159.1647749284675,21.994842743603126
line_bright,5160.3516340050273,22.767860817694821
line_bright,5161.5415996944666,23.098476716931103
line_bright,5162.7290055564408,23.128307556223749
line_bright,5163.919519462509,22.605515331808299
line_bright,5165.1074723618003,21.187692457420177
line_bright,5166.2985347370623,21.342280712112061
line_bright,5167.4870349256908,21.845847246141656
line_bright,5168.6758085272259,20.305660258064965
line_bright,5169.8676937529253,20.751809042031557
line_bright,5171.0570150218955,20.743749027203965
line_bright,5172.2494493485538,20.199149699347117
line_bright,5173.4393185372692,19.901126677370357
line_bright,5174.6323022178558,19.978236365338827
line_bright,5175.8227195787422,20.195650099477565
line_bright,5177.0134107935764,20.945122963286611
line_bright,5178.2072186519445,21.298887204000422
line_bright,5179.3984584176587,21.242595530646039
line_bright,5180.5928162627397,21.092490479226068
line_bright,5181.7846048320489,21.538902165621359
line_bright,5182.9795129172244,21.920075476051558
line_bright,5184.1718505429617,19.548222179471509
line_bright,5185.364462464403,20.561734368893703
line_bright,5186.560196056842,20.371952946406296
line_bright,5187.7533574140298,19.560862257266621
line_bright,5188.9496418803683,19.931459393018894
line_bright,5190.1433529264286,21.257419214069884
line_bright,5191.3401885204521,22.056584839484014
line_bright,5192.5344495086247,21.037305893913921
line_bright,5193.7289852349695,21.14126871355878
line_bright,5194.926647667884,21.348601263860971
line_bright,5196.1217337162707,20.82846233269273
line_bright,5197.3199479117011,20.782220571327166
line_bright,5198.5155845356649,22.006914121569039
line_bright,5199.7143507478067,22.597950492953821
line_faint_snr10,4600.2292980299362,8.6679887174148007
line_faint_snr10,4601.2875747345606,10.30994671508595
line_faint_snr10,4602.3486214867035,12.964903623460394
line_faint_snr10,4603.4073857389039,12.438158379017352
line_faint_snr10,4604.4663935584285,11.610838775888977
line_faint_snr10,4605.5281733391721,9.4217015807821127
line_faint_snr10,4606.5876690430978,9.2110679072242281
line_faint_snr10,4607.649937985283,11.113807772284376
line_faint_snr10,4608.7099217983759,12.126626802532805
line_faint_snr10,4609.7726801273593,13.370033808849271
line_faint_snr10,4610.8331522744929,16.210919232697041
line_faint_snr10,4611.8938683818506,10.415666052929289
line_faint_snr10,4612.9573609218842,9.9789950774750871
line_faint_snr10,4614.0185657006505,12.906713723330679
line_faint_snr10,4615.0825481911925,12.359873797943441
line_faint_snr10,4616.1442418664965,13.921721088852774
line_faint_snr10,4617.208714533268,14.400026235572998
line_faint_snr10,4618.2708973303452,8.7584002150963158
line_faint_snr10,4619.3333244811784,12.20919399850286
line_faint_snr10,4620.3985325433569,12.288531112124131
line_faint_snr10,4621.461449153875,12.545006934528642
line_faint_snr10,4622.5271479569028,13.640429014237954
line_faint_snr10,4623.5905542525998,15.781129715634847
line_faint_snr10,4624.6567440225608,13.729431700722515
line_faint_snr10,4625.720640229034,12.34014925177941
line_faint_snr10,4626.7847811834308,11.213871954038863
line_faint_snr10,4627.8517075350674,12.185942875985495
line_faint_snr10,4628.9163387386989,9.5255521355375361
line_faint_snr10,4629.9837566227998,9.7182256181628421
line_faint_snr10,4631.0488783015207,10.727662046918296
line_faint_snr10,4632.1167879445347,9.6656265043003806
line_faint_snr10,4633.1824003243091,13.852608971388515
line_faint_snr10,4634.2482578468098,15.622516003634399
line_faint_snr10,4635.3169052596813,15.365268760428265
line_faint_snr10,4636.3832538222377,8.5734040844360386
line_faint_snr10,4637.4523935604657,11.333125108037944
line_faint_snr10,4638.5192333892992,10.019609842629359
line_faint_snr10,4639.5888656796978,8.0031847487696695
line_faint_snr10,4640.6561970011353,21.490045667238274
line_faint_snr10,4641.7263220706218,15.241411204667306
line_faint_snr10,4642.7941451110928,1.5911147401603181
line_faint_snr10,4643.8622138028513,4.987743034267031
line_faint_snr10,4644.9330781727322,11.637717199695986
line_faint_snr10,4646.0016389232305,20.576721891737652
line_faint_snr10,4647.0729966398194,10.477477808439795
line_faint_snr10,4648.1420496757473,-1.9041651564741773
line_faint_snr10,4649.2139009663279,14.492824220360697
line_faint_snr10,4650.2834465144851,10.825350641573923
line_faint_snr10,4651.3532381101886,7.2597076072400375
line_faint_snr10,4652.4258298937302,9.1667852017281728
line_faint_snr10,4653.496114341915,10.308356057924962
line_faint_snr10,4654.5692002679825,12.85773722239469
line_faint_snr10,4655.6399777957049,7.4403677324333302
line_faint_snr10,4656.7135580919494,10.816251013438336
line_faint_snr10,4657.784828926372,11.349949044547301
line_faint_snr10,4658.8563462052416,9.494368628090923
line_faint_snr10,4659.9306681889384,9.298093042731665
line_faint_snr10,4661.0026791153105,10.420021585830444
line_faint_snr10,4662.0774960386352,13.527344648514751
line_faint_snr10,4663.1500008399335,11.486113135440732
line_faint_snr10,4664.2253129309047,13.676826709052076
line_faint_snr10,4665.2983118346565,11.721186335536881
line_faint_snr10,4666.3715575803953,13.612773012979936
line_faint_snr10,4667.4476125552364,11.349384554417572
line_faint_snr10,4668.5213527447822,8.6036935076000951
line_faint_snr10,4669.5979034576394,10.248188053034545
line_faint_snr10,4670.6721383187805,8.071694189162697
line_faint_snr10,4671.7491849980415,9.4774287845624716
line_faint_snr10,4672.8239147586746,9.4904982976619667
line_faint_snr10,4673.898891759477,7.8896072121981931
line_faint_snr10,4674.9766825209545,9.6565775538030678
line_faint_snr10,4676.0521547631515,11.958360671402803
line_faint_snr10,4677.130442062321,11.78824107708329
line_faint_snr10,4678.2064097740695,8.6578530621123218
line_faint_snr10,4679.285193839688,6.5653735931131969
line_faint_snr10,4680.361657249251,13.050297045912773
line_faint_snr10,4681.4383682978078,8.8573773295870115
line_faint_snr10,4682.5178976459229,11.329369733952346
line_faint_snr10,4683.5951047347489,15.616150946785826
line_faint_snr10,4684.6751314215226,10.214295167901042
line_faint_snr10,4685.752834779144,13.130244289956867
line_faint_snr10,4686.8333590337006,10.959766920646512
line_faint_snr10,4687.911558888748,12.482760930548737
line_faint_snr10,4688.9900067822546,14.510413499035391
line_faint_snr10,4690.0712775215252,13.425404860023169
line_faint_snr10,4691.1502222554655,14.352534234825495
line_faint_snr10,4692.2319911356526,10.281159520099408
line_faint_snr10,4693.31143293892,5.6905026061718313
line_faint_snr10,4694.3937001895183,6.9665096064308782
line_faint_snr10,4695.4736392911136,13.792853595693408
line_faint_snr10,4696.5538268312794,10.520265324025996
line_faint_snr10,4697.6368417707472,9.980360820966041
line_faint_snr10,4698.7175269528007,13.251982744080228
line_faint_snr10,4699.8010408367381,12.316894908044205
line_faint_snr10,4700.882223889942,11.21506897988057
line_faint_snr10,4701.9662369482121,11.545618075446809
line_faint_snr10,4703.0479181019364,12.666799784066853
line_faint_snr10,4704.129848094989,11.409259823149958
line_faint_snr10,4705.2146100482278,11.558650978249426
line_faint_snr10,4706.2970384859154,11.0847328864715
line_faint_snr10,4707.3823001884712,8.868401600709829
line_faint_snr10,4708.4652273004276,9.22245952919973
line_faint_snr10,4709.5509889825362,11.773268103541826
line_faint_snr10,4710.634414998498,13.974991060002226
line_faint_snr10,4711.7180902551918,13.188265767739761
line_faint_snr10,4712.8046020403135,9.2573653358292063
line_faint_snr10,4713.8887765456839,10.027261707742239
line_faint_snr10,4714.9757888862696,7.4900450027897021
line_faint_snr10,4716.0604628703213,10.499814327541472
line_faint_snr10,4717.147975996977,11.77701495355914
line_faint_snr10,4718.2331496898187,15.028442144717786
line_faint_snr10,4719.3185730254418,10.614028007932461
line_faint_snr10,4720.4068374651033,9.1397338415406626
line_faint_snr10,4721.4927608547423,11.144667984061853
line_faint_snr10,4722.5815266573154,13.860414739439889
line_faint_snr10,4723.6679503313462,10.24972520298914
line_faint_snr10,4724.7572177278089,8.8874813032231419
line_faint_snr10,4725.8441419167111,11.386435179423589
line_faint_snr10,4726.933911138146,13.624886753193916
line_faint_snr10,4728.0213360725065,11.168807577621537
line_faint_snr10,4729.1090111675439,11.481912715814524
line_faint_snr10,4730.1995332606175,11.407732586813884
line_faint_snr10,4731.2877094470559,10.257716771697591
line_faint_snr10,4732.378733943141,11.306979113017873
line_faint_snr10,4733.467411451832,14.840892746576692
line_faint_snr10,4734.5589385823851,11.597592360598245
line_faint_snr10,4735.6481176442885,9.1257113436822568
line_faint_snr10,4736.7375472704043,7.5594098974562334
line_faint_snr10,4737.8298284870543,11.156898915785449
line_faint_snr10,4738.9197600128828,13.062998632253416
line_faint_snr10,4740.0125444429714,10.116663508929824
line_faint_snr10,4741.102978099736,13.15979119774671
line_faint_snr10,4742.1962659750943,9.4690402955885702
line_faint_snr10,4743.2872019941278,10.989188390563136
line_faint_snr10,4744.3783889815586,15.2377068955397
line_faint_snr10,4745.4724321594313,12.547261062084422
line_faint_snr10,4746.5641218561914,14.085278664505999
line_faint_snr10,4747.6586690592376,11.851414452562315
line_faint_snr10,4748.7508616969217,11.085548163821594
line_faint_snr10,4749.8459131573463,11.858852629064396
line_faint_snr10,4750.9386089676609,9.2484803478375692
line_faint_snr10,4752.0315561512125,8.4619908784684927
line_faint_snr10,4753.1273641325315,9.2171312661540483
line_faint_snr10,4754.2208148363306,7.4846889046780696
line_faint_snr10,4755.3171276558678,13.575547402252893
line_faint_snr10,4756.4110821118875,13.471731544718743
line_faint_snr10,4757.5079000022215,7.3884998382625655
line_faint_snr10,4758.6023584425411,11.003309919743785
line_faint_snr10,4759.6970686615869,9.1866367055238367
line_faint_snr10,4760.7946442931607,8.2138245880771734
line_faint_snr10,4761.8898588446855,8.7167124870751014
line_faint_snr10,4762.9879401288326,13.187653878435169
line_faint_snr10,4764.0836592451815,8.49273824634726
line_faint_snr10,4765.1822464148554,12.549066155493446
line_faint_snr10,4766.2784703284824,10.16713689499473
line_faint_snr10,4767.3749464269804,11.416932220758449
line_faint_snr10,4768.4742925602095,9.4485475663948666
line_faint_snr10,4769.5712738047259,8.6845289228678073
line_faint_snr10,4770.671126406196,10.0083373705827
line_faint_snr10,4771.7686130294524,9.7756985221434345
line_faint_snr10,4772.8689723324951,11.121207038539472
line_faint_snr10,4773.9669645673184,7.1739636832207463
line_faint_snr10,4775.0652093938115,9.2480706868032687
line_faint_snr10,4776.1663288846958,9.3262389662946124
line_faint_snr10,4777.26507967206,11.788884372383752
line_faint_snr10,4778.3667064481706,12.061397949312358
line_faint_snr10,4779.4659634295022,13.643640519345443
line_faint_snr10,4780.5680977245465,12.367426475618521
line_faint_snr10,4781.667861133049,12.130440449900723
line_faint_snr10,4782.7678775406766,13.062364174106474
line_faint_snr10,4783.8707732498224,11.849444245404175
line_faint_snr10,4784.971296434489,13.356704378278785
line_faint_snr10,4786.0747002471653,12.865277457801808
line_faint_snr10,4787.1757304423409,12.417753387234782
line_faint_snr10,4788.2796425926308,12.61947257680808
line_faint_snr10,4789.3811800318945,11.39111297953963
line_faint_snr10,4790.4829708783991,13.570072598763179
line_faint_snr10,4791.5876456710284,12.101316802876822
line_faint_snr10,4792.689944112054,13.416204209335969
line_faint_snr10,4793.795127827837,13.261773515731756
line_faint_snr10,4794.897934097231,9.3431406118978195
line_faint_snr10,4796.0036269706279,10.048116414283234
line_faint_snr10,4797.1069413023488,13.199602384296645
line_faint_snr10,4798.2105094500803,10.589399953669867
line_faint_snr10,4799.3169661960383,9.788149231722203
line_faint_snr10,4800.4210427570924,11.42589715797329
line_faint_snr10,4801.5280092471476,12.521492572278815
line_faint_snr10,4802.6325944557502,12.526773495995812
line_faint_snr10,4803.7400709247431,11.212607545476518
line_faint_snr10,4804.8451650152283,15.576264219303466
line_faint_snr10,4805.9531516981051,14.036423120381018
line_faint_snr10,4807.0587549049133,11.760039529714463
line_faint_snr10,4808.1646124542858,12.725242092638307
line_faint_snr10,4809.2733645944109,9.5324977889740961
line_faint_snr10,4810.3797316118334,11.376299407021483
line_faint_snr10,4811.4889945535424,11.596919540207672
line_faint_snr10,4812.5958712737256,10.844322865661761
line_faint_snr10,4813.7056452523475,12.691060704962753
line_faint_snr10,4814.8130319101092,13.025405868555971
line_faint_snr10,4815.9206733207175,9.9579910280179469
line_faint_snr10,4817.0312139913476,11.096280088833531
line_faint_snr10,4818.1393656918281,10.707261767704541
line_faint_snr10,4819.2504179880189,12.833859930856461
line_faint_snr10,4820.3590802134622,15.216783517768897
line_faint_snr10,4821.4706443709192,11.118686270284037
line_faint_snr10,4822.5798173565245,9.7252015191596541
line_faint_snr10,4823.6892455059178,11.151906573155811
line_faint_snr10,4824.8015775921367,13.038261328705447
line_faint_snr10,4825.9115168545522,12.309075581539757
line_faint_snr10,4827.0243613916355,11.523125799101644
line_faint_snr10,4828.1348120025432,10.337435415230104
line_faint_snr10,4829.2481692265765,11.449253112050572
line_faint_snr10,4830.3591314215537,12.400790720508063
line_faint_snr10,4831.4703491919245,14.07272267168468
line_faint_snr10,4832.5844755834669,15.112925645154984
line_faint_snr10,4833.6962052913377,11.906493035152526
line_faint_snr10,4834.8108449603806,10.685525814146034
line_faint_snr10,4835.9230868416007,10.960599020246915
line_faint_snr10,4837.0382400246108,10.25762211439627
line_faint_snr10,4838.1509943151377,12.048483714581984
line_faint_snr10,4839.2640045933276,11.417779878542166
line_faint_snr10,4840.3799281845922,11.978695938839998
line_faint_snr10,4841.4934512260897,12.146627944372582
line_faint_snr10,4842.6098889228233,11.62558231180534
line_faint_snr10,4843.7239249638587,12.000861868541651
line_faint_snr10,4844.84087700291,13.360376405904852
line_faint_snr10,4845.955426279821,12.131888398431556
line_faint_snr10,4847.0702319573275,13.553251665963005
line_faint_snr10,4848.1879556473805,14.362897420942963
line_faint_snr10,4849.3032749153354,15.067196298624175
line_faint_snr10,4850.4215135401628,15.147678207441936
line_faint_snr10,4851.5373466351748,12.381506507717708
line_faint_snr10,4852.6561004320074,13.22150126271284
line_faint_snr10,4853.7724475907971,14.403641571579799
line_faint_snr10,4854.8890515637841,15.725096652575363
line_faint_snr10,4856.0085782563701,13.305911146018992
line_faint_snr10,4857.1256966482779,13.016616535934151
line_faint_snr10,4858.2457391062808,15.5722334527354
line_faint_snr10,4859.3633721541019,16.209319868102973
line_faint_snr10,4860.4839306151334,13.466464499626431
line_faint_snr10,4861.6020785559704,16.374259425934216
line_faint_snr10,4862.7204837252712,14.392675077296504
line_faint_snr10,4863.841816328817,15.470353043573487
line_faint_snr10,4864.9607367468489,14.726001615312722
line_faint_snr10,4866.0825859477936,15.026760833309611
line_faint_snr10,4867.2020218519319,13.573696633179297
line_faint_snr10,4868.3243878882713,12.450299099073552
line_faint_snr10,4869.4443395160006,15.517801361396421
line_faint_snr10,4870.5645487871298,15.525904279870304
line_faint_snr10,4871.6876902147533,12.49094838392018
line_faint_snr10,4872.8084155657625,14.113359067871199
line_faint_snr10,4873.9320744241095,12.295579284083026
line_faint_snr10,4875.0533160927571,12.411248224665052
line_faint_snr10,4876.1774926202079,12.264073911284466
line_faint_snr10,4877.2992508443594,11.192573636149271
line_faint_snr10,4878.4212671275172,8.8433246351546728
line_faint_snr10,4879.5462202970384,12.913368363275064
line_faint_snr10,4880.6687534925659,12.218357973892672
line_faint_snr10,4881.7942249274784,11.524548092915532
line_faint_snr10,4882.9172752735158,12.168280498418033
line_faint_snr10,4884.0432652125855,11.449284426298885
line_faint_snr10,4885.166832947386,11.815528596881325
line_faint_snr10,4886.2906591574665,11.443252125741486
line_faint_snr10,4887.4174269914092,8.0947997668662826
line_faint_snr10,4888.5417709476924,13.376181345350979
line_faint_snr10,4889.6690578830421,13.281969005047522
line_faint_snr10,4890.7939198240529,10.274114919541192
line_faint_snr10,4891.9217260999585,13.759764851065313
line_faint_snr10,4893.0471062643328,9.2439126909549465
line_faint_snr10,4894.1754321200551,12.024558624882181
line_faint_snr10,4895.3013307465371,11.737158330670551
line_faint_snr10,4896.4274883845192,11.767897721424598
line_faint_snr10,4897.5565937488918,13.123124481925064
line_faint_snr10,4898.6832702071633,13.680663731293457
line_faint_snr10,4899.8128957498429,15.285042612015211
line_faint_snr10,4900.9400912674246,12.745308896979825
line_faint_snr10,4902.0702372280557,12.521450746600348
line_faint_snr10,4903.1979520440782,11.091661821896585
line_faint_snr10,4904.3259262894117,11.382150696715211
line_faint_snr10,4905.4568530161223,12.642244907432371
line_faint_snr10,4906.585346918655,12.764648845786903
line_faint_snr10,4907.7167946627715,10.951930942560308
line_faint_snr10,4908.8458084619115,12.07439934346432
line_faint_snr10,4909.9777774634667,11.224901611383103
line_faint_snr10,4911.1073113987295,10.373324364036915
line_faint_snr10,4912.2371051817881,11.928595019220639
line_faint_snr10,4913.3698562088775,11.315656053405437
line_faint_snr10,4914.5001704873966,12.271074662125754
line_faint_snr10,4915.6334433723468,16.130317368620513
line_faint_snr10,4916.7642783861183,12.12720834025793
line_faint_snr10,4917.8980733693497,13.509412085945426
line_faint_snr10,4919.0294293582765,12.532343906509942
line_faint_snr10,4920.1610456141607,12.622972760381616
line_faint_snr10,4921.2956238844126,12.796996956822527
line_faint_snr10,4922.4277614753701,9.305220630914981
line_faint_snr10,4923.5628624452929,10.043616221160987
line_faint_snr10,4924.695521611503,6.6045183494686208
line_faint_snr10,4925.8311455219036,10.480494335082907
line_faint_snr10,4926.9643265036539,11.392360498660727
line_faint_snr10,4928.0977681721997,10.670857103491326
line_faint_snr10,4929.2341766331438,9.4679141128445323
line_faint_snr10,4930.368140477728,12.325429001649979
line_faint_snr10,4931.5050724815119,11.367819967054345
line_faint_snr10,4932.6395587427023,13.309638811121326
line_faint_snr10,4933.7770145305212,17.123091627622237
line_faint_snr10,4934.9120234489947,13.498604286990027
line_faint_snr10,4936.0472934747777,14.261036122138551
line_faint_snr10,4937.1855350786991,13.849126432874119
line_faint_snr10,4938.3213281228454,10.354800966527668
line_faint_snr10,4939.4600941141343,15.632551524239529
line_faint_snr10,4940.5964104175964,12.865652964955954
line_faint_snr10,4941.7357010378373,12.711699476629141
line_faint_snr10,4942.8725408416831,15.226179964364723
line_faint_snr10,4944.0096421740318,11.104666642021687
line_faint_snr10,4945.1497198779771,12.079515139627061
line_faint_snr10,4946.28734507237,15.217477576506084
line_faint_snr10,4947.4279480095729,12.113133307276579
line_faint_snr10,4948.5660973073536,14.607479651266901
line_faint_snr10,4949.7072257197897,13.327302423323284
line_faint_snr10,4950.8458993624117,13.72698275542364
line_faint_snr10,4951.9848349554104,13.298388679005186
line_faint_snr10,4953.1267517211963,13.106226087911217
line_faint_snr10,4954.2662120212817,12.407747957865723
line_faint_snr10,4955.4086548675814,13.223081434366543
line_faint_snr10,4956.5486401164862,12.566505855173945
line_faint_snr10,4957.6916092856636,14.904644129203982
line_faint_snr10,4958.8321197252326,15.391921119439342
line_faint_snr10,4959.9728925377303,16.859289793148562
line_faint_snr10,4961.1166513319522,13.290878870850902
line_faint_snr10,4962.2579496979433,14.421054586792263
line_faint_snr10,4963.4022354212993,12.675780932751577
line_faint_snr10,4964.5440595829068,13.651621333643455
line_faint_snr10,4965.6888724781538,13.097677590085887
line_faint_snr10,4966.8312226776106,6.6263554757184684
line_faint_snr10,4967.9738356732305,15.296976751223317
line_faint_snr10,4969.1194394672684,12.352433969265697
line_faint_snr10,4970.2625788641526,12.930693110234813
line_faint_snr10,4971.4087104373157,10.065721281767416
line_faint_snr10,4972.5523764779782,10.523829082648312
line_faint_snr10,4973.6990360734135,11.944694464116294
line_faint_snr10,4974.8432290004803,7.3960235724333776
line_faint_snr10,4975.9876851476247,13.466071502710763
line_faint_snr10,4977.1351369176518,10.394458009728087
line_faint_snr10,4978.2801203152012,12.11536284709703
line_faint_snr10,4979.4281007157151,12.414869590212707
line_faint_snr10,4980.5736116065727,12.893672674879999
line_faint_snr10,4981.7221208811125,10.760322614420327
line_faint_snr10,4982.8681595082953,10.959519419601589
line_faint_snr10,4984.0171979005127,10.394344812081265
line_faint_snr10,4985.1637645071469,11.178672877849046
line_faint_snr10,4986.310594879923,11.402220207349245
line_faint_snr10,4987.4604270901345,12.205622662986054
line_faint_snr10,4988.6077858071194,9.1378970372807036
line_faint_snr10,4989.7581477444855,9.0902028252722964
line_faint_snr10,4990.9060350490863,11.702528164224445
line_faint_snr10,4992.0569269576517,10.467001775153133
line_faint_snr10,4993.2053430933902,13.669459696353565
line_faint_snr10,4994.3540234207521,11.106524471498419
line_faint_snr10,4995.5057104278203,13.814321709443703
line_faint_snr10,4996.6549199516639,12.168176061014147
line_faint_snr10,4997.8071375403897,13.76244727071226
line_faint_snr10,4998.9568765045169,13.860750699684715
line_faint_snr10,5000.1096249193397,14.949107432859329
line_faint_snr10,5001.2598935676624,12.778707957470798
line_faint_snr10,5002.410426833776,15.681808417454029
line_faint_snr10,5003.5639716296773,15.272427629676672
line_faint_snr10,5004.7150349459207,17.849937824333733
line_faint_snr10,5005.8691111793632,22.347575841959749
line_faint_snr10,5007.0207047899312,24.960806333332449
line_faint_snr10,5008.1753127057464,24.424367703451807
line_faint_snr10,5009.3274368549446,21.608235767427402
line_faint_snr10,5010.4798260487887,20.800070908531701
line_faint_snr10,5011.6352316303273,17.279437574166867
line_faint_snr10,5012.7881517293263,17.545672331490518
line_faint_snr10,5013.9440896056685,16.20677174474589
line_faint_snr10,5015.0975408544118,11.584495946485497
line_faint_snr10,5016.2540112707857,13.760857626959361
line_faint_snr10,5017.407993913971,13.875254116593144
line_faint_snr10,5018.5622420293485,13.89965718634811
line_faint_snr10,5019.7195113981606,11.658329432363743
line_faint_snr10,5020.8742912750968,11.663009046460054
line_faint_snr10,5022.0320937973584,13.362500646342831
line_faint_snr10,5023.1874056808365,10.868532261264622
line_faint_snr10,5024.3457416021711,10.888934485896735
line_faint_snr10,5025.5015857372864,11.20310632603595
line_faint_snr10,5026.6576957728266,11.694813246616345
line_faint_snr10,5027.8168319353917,11.71466903295684
line_faint_snr10,5028.973474590277,11.951050353813288
line_faint_snr10,5030.1331447663224,12.525817153612936
line_faint_snr10,5031.2903202859306,11.378793775621746
line_faint_snr10,5032.4505247214774,12.351719274614702
line_faint_snr10,5033.6082333512977,9.8271764179641075
line_faint_snr10,5034.7662083104678,13.878186418861141
line_faint_snr10,5035.9272142781156,11.797164566852002
line_faint_snr10,5037.0857227158003,10.024651958441892
line_faint_snr10,5038.2472635583472,13.288854019901262
line_faint_snr10,5039.4063057203193,11.303689942185967
line_faint_snr10,5040.568381684182,9.5464174112016558
line_faint_snr10,5041.7279578163289,10.327037947775681
line_faint_snr10,5042.8878007074409,11.852931980826371
line_faint_snr10,5044.0506794963585,10.043331466119595
line_faint_snr10,5045.2110567265408,10.443191794826859
line_faint_snr10,5046.3744712531643,11.826678596163102
line_faint_snr10,5047.5353830685872,11.549941336641186
line_faint_snr10,5048.6993335797315,10.743470661418797
line_faint_snr10,5049.860780226677,7.7725816758287349
line_faint_snr10,5051.0224940628977,13.067552905306425
line_faint_snr10,5052.1872486941356,10.67985359929563
line_faint_snr10,5053.3494977313694,13.13446828294021
line_faint_snr10,5054.5147889645141,12.375307139977053
line_faint_snr10,5055.6775734493285,10.068906684827343
line_faint_snr10,5056.8434015315916,10.739052571334232
line_faint_snr10,5058.0067217106662,11.408730310025271
line_faint_snr10,5059.1703095100202,11.619006787471736
line_faint_snr10,5060.3369430095045,11.551914918404041
line_faint_snr10,5061.5010668732057,10.992015642725118
line_faint_snr10,5062.6682378401902,10.214890401411729
line_faint_snr10,5063.8328980152046,12.276698668425455
line_faint_snr10,5065.0006066973001,12.558851217734977
line_faint_snr10,5066.1658034307038,10.605542620948714
line_faint_snr10,5067.3312682160849,10.831619302371967
line_faint_snr10,5068.4997836146231,10.219485891752546
line_faint_snr10,5069.6657853290772,8.5415359616262627
line_faint_snr10,5070.8348390621059,10.459799883027983
line_faint_snr10,5072.0013779529982,11.572778973215648
line_faint_snr10,5073.1709702685266,11.86462588864452
line_faint_snr10,5074.3380465833325,11.899779879626458
line_faint_snr10,5075.5081777294863,11.04880051167649
line_faint_snr10,5076.6757917157975,11.119732892738694
line_faint_snr10,5077.843674310172,16.194288650592235
line_faint_snr10,5079.0146138463369,11.654939656527368
line_faint_snr10,5080.183034483669,8.6585696404748838
line_faint_snr10,5081.3545134711221,9.2937458798496984
line_faint_snr10,5082.523472399288,8.6760345165561628
line_faint_snr10,5083.6954910865561,11.081034805704403
line_faint_snr10,5084.864988553546,12.669119590719198
line_faint_snr10,5086.0347550618917,10.595628005638842
line_faint_snr10,5087.2075834431862,9.0037326424264901
line_faint_snr10,5088.3778888624074,13.265206713000243
line_faint_snr10,5089.551257565181,9.4861299067936251
line_faint_snr10,5090.7221021435544,12.139780049288524
line_faint_snr10,5091.896011416733,11.305678292437934
line_faint_snr10,5093.0673954026479,9.8289770656399167
line_faint_snr10,5094.2390488639103,10.821260459676708
line_faint_snr10,5095.4137691372352,8.1311057196596987
line_faint_snr10,5096.585962378691,11.568137564708167
line_faint_snr10,5097.7612238450893,12.04462724399724
line_faint_snr10,5098.933957115416,9.639840020968963
line_faint_snr10,5100.1097600242147,11.574816314767379
line_faint_snr10,5101.2830335722028,9.9527037826856724
line_faint_snr10,5102.4565770302288,11.002962277221386
line_faint_snr10,5103.6331922473992,8.8914394118974656
line_faint_snr10,5104.8072763563396,9.2454607657135419
line_faint_snr10,5105.9844336395836,9.7703045526963823
line_faint_snr10,5107.1590586485163,11.864126532022974
line_faint_snr10,5108.336758247563,9.8237864058141149
line_faint_snr10,5109.5119244056805,9.7229771070081004
line_faint_snr10,5110.687360909229,12.455765206387701
line_faint_snr10,5111.8658741269837,13.817640692267629
line_faint_snr10,5113.0418521535712,11.465846218770308
line_faint_snr10,5114.2209083118069,10.358693988010454
line_faint_snr10,5115.397428110914,9.5916030630214433
line_faint_snr10,5116.5770274597626,13.705962725063205
line_faint_snr10,5117.7540892809839,12.476533098889172
line_faint_snr10,5118.9314218837299,10.505928910989645
line_faint_snr10,5120.1118361637373,12.420466138188981
line_faint_snr10,5121.2897111630555,11.568590911458319
line_faint_snr10,5122.4706692593618,8.0037941624007178
line_faint_snr10,5123.6490869051331,12.497609826496758
line_faint_snr10,5124.830589068275,8.6089285545917367
line_faint_snr10,5126.0095496104977,8.9109647525371933
line_faint_snr10,5127.1887813710446,11.314322764882013
line_faint_snr10,5128.3710997799108,9.9715258340710697
line_faint_snr10,5129.550874811971,12.072321421440712
line_faint_snr10,5130.7337379143682,10.272311217626477
line_faint_snr10,5131.9140564682257,9.6456919682735194
line_faint_snr10,5133.0974645150936,10.462676746542984
line_faint_snr10,5134.2783268411495,11.182483241162032
line_faint_snr10,5135.4594608230309,11.25517886590157
line_faint_snr10,5136.6436864323132,12.946817490713986
line_faint_snr10,5137.8253645620598,8.2384309121804353
line_faint_snr10,5139.0101357435187,10.426224397592996
line_faint_snr10,5140.1923582718209,10.978038424602117
line_faint_snr10,5141.3776752768008,12.284759028174532
line_faint_snr10,5142.5604424544608,12.59810048258444
line_faint_snr10,5143.7434817261556,12.380213863496888
line_faint_snr10,5144.9296176123617,10.868222324662074
line_faint_snr10,5146.1132019096876,10.068742516206303
line_faint_snr10,5147.2998842481338,13.307118467418261
line_faint_snr10,5148.4840138221844,14.6418884778059
line_faint_snr10,5149.6712428646215,10.283890453586935
line_faint_snr10,5150.8559179666054,15.385487878637631
line_faint_snr10,5152.0408656015406,14.131619230997213
line_faint_snr10,5153.2289148461423,13.355282821416646
line_faint_snr10,5154.414408385891,11.03051663445301
line_faint_snr10,5155.6030049642159,11.053438339263405
line_faint_snr10,5156.789044660276,10.892370499505974
line_faint_snr10,5157.9781888244815,13.160913111784719
line_faint_snr10,5159.1647749284675,14.392779458417433
line_faint_snr10,5160.3516340050273,11.240650795089177
line_faint_snr10,5161.5415996944666,12.171376496138191
line_faint_snr10,5162.7290055564408,12.942316265077791
line_faint_snr10,5163.919519462509,12.194291744166176
line_faint_snr10,5165.1074723618003,11.58286775548963
line_faint_snr10,5166.2985347370623,8.8608301201606423
line_faint_snr10,5167.4870349256908,9.407130033601133
line_faint_snr10,5168.6786460228232,13.270165571899199
line_faint_snr10,5169.8676937529253,11.262350703263488
line_faint_snr10,5171.0570150218955,9.1968753413945628
line_faint_snr10,5172.2494493485538,8.833040883931023
line_faint_snr10,5173.4393185372692,8.7371762491636318
line_faint_snr10,5174.6323022178558,9.6878179549000372
line_faint_snr10,5175.8227195787422,12.953081366076134
line_faint_snr10,5177.016252866345,7.8366942982075383
line_faint_snr10,5178.2072186519445,10.10721950516032
line_faint_snr10,5179.3984584176587,13.80317363819413
line_faint_snr10,5180.5928162627397,8.1908141412447861
line_faint_snr10,5181.7846048320489,12.773088447081571
line_faint_snr10,5182.9795129172244,10.923333469805266
line_faint_snr10,5184.1718505429617,12.510007133242565
line_faint_snr10,5185.3673091217252,7.3764616912861536
line_faint_snr10,5186.560196056842,12.675403413952088
line_faint_snr10,5187.7533574140298,8.9363320110221895
line_faint_snr10,5188.9496418803683,10.068335233583261
line_faint_snr10,5190.1433529264286,10.053829430960823
line_faint_snr10,5191.3401885204521,10.144982858654483
line_faint_snr10,5192.5344495086247,11.535243603492143
line_faint_snr10,5193.7318364842395,12.39269947935647
line_faint_snr10,5194.926647667884,10.894689854610622
line_faint_snr10,5196.1217337162707,12.598161421077016
line_faint_snr10,5197.3199479117011,10.656629782213715
line_faint_snr10,5198.5155845356649,10.006426043588206
line_faint_snr10,5199.7143507478067,10.475522971323898
line_faint_snr5,4600.2292980299362,13.190478269511567
line_faint_snr5,4601.2875747345606,9.343810228733382
line_faint_snr5,4602.3486214867035,15.972820201052468
line_faint_snr5,4603.4073857389039,16.305471568687285
line_faint_snr5,4604.4663935584285,3.5521252440056168
line_faint_snr5,4605.5281733391721,9.4178563282480994
line_faint_snr5,4606.5876690430978,12.997368462969948
line_faint_snr5,4607.649937985283,11.942986076534819
line_faint_snr5,4608.7099217983759,5.825704671110004
line_faint_snr5,4609.7726801273593,5.2306556564691364
line_faint_snr5,4610.8331522744929,13.798404587532087
line_faint_snr5,4611.8938683818506,9.7645695968936721
line_faint_snr5,4612.9573609218842,12.273602054376672
line_faint_snr5,4614.0185657006505,8.0025502351916487
line_faint_snr5,4615.0825481911925,17.196975435063301
line_faint_snr5,4616.1442418664965,17.790812822079854
line_faint_snr5,4617.208714533268,10.371078813594158
line_faint_snr5,4618.2708973303452,13.664439137589209
line_faint_snr5,4619.3333244811784,16.495711122771244
line_faint_snr5,4620.3985325433569,12.629659339027645
line_faint_snr5,4621.461449153875,12.572094828112022
line_faint_snr5,4622.5271479569028,15.646014072505928
line_faint_snr5,4623.5905542525998,15.412322325808525
line_faint_snr5,4624.6567440225608,7.3609912915774824
line_faint_snr5,4625.720640229034,11.461728177740751
line_faint_snr5,4626.7847811834308,9.4126389624304014
line_faint_snr5,4627.8517075350674,8.0761185111044256
line_faint_snr5,4628.9163387386989,6.4483091678277544
line_faint_snr5,4629.9837566227998,5.1367180509971746
line_faint_snr5,4631.0488783015207,15.042063115849677
line_faint_snr5,4632.1167879445347,13.016641868406198
line_faint_snr5,4633.1824003243091,6.6680793776388709
line_faint_snr5,4634.2482578468098,15.630301351551996
line_faint_snr5,4635.3169052596813,14.449401486529679
line_faint_snr5,4636.3832538222377,11.588513032255795
line_faint_snr5,4637.4523935604657,11.153829176121599
line_faint_snr5,4638.5192333892992,9.7476865760852807
line_faint_snr5,4639.5888656796978,9.434278087686085
line_faint_snr5,4640.6561970011353,16.198795806715669
line_faint_snr5,4641.7263220706218,13.434415031319054
line_faint_snr5,4642.7941451110928,-27.724305762054684
line_faint_snr5,4643.8622138028513,15.679778469888301
line_faint_snr5,4644.9330781727322,7.4614227155520112
line_faint_snr5,4646.0016389232305,19.813672603770605
line_faint_snr5,4647.0729966398194,5.9931909358781628
line_faint_snr5,4648.1420496757473,-9.7459897090898089
line_faint_snr5,4649.2139009663279,9.1119922169391874
line_faint_snr5,4650.2834465144851,23.03341141075288
line_faint_snr5,4651.3532381101886,-2.483530011047459
line_faint_snr5,4652.4258298937302,1.1860970132317854
line_faint_snr5,4653.496114341915,5.1692157067906317
line_faint_snr5,4654.5692002679825,5.9434054996848706
line_faint_snr5,4655.6399777957049,18.947565616540288
line_faint_snr5,4656.7135580919494,2.7619558658682579
line_faint_snr5,4657.784828926372,7.6985864769712418
line_faint_snr5,4658.8563462052416,6.7795184293759299
line_faint_snr5,4659.9306681889384,17.174467953317293
line_faint_snr5,4661.0026791153105,16.897862312613672
line_faint_snr5,4662.0774960386352,4.4216597075223794
line_faint_snr5,4663.1500008399335,11.905004306147376
line_faint_snr5,4664.2253129309047,14.028590906023494
line_faint_snr5,4665.2983118346565,6.3693145272088305
line_faint_snr5,4666.3715575803953,14.499066116890702
line_faint_snr5,4667.4476125552364,5.7418456757336944
line_faint_snr5,4668.5213527447822,12.028498432262957
line_faint_snr5,4669.5979034576394,7.7547830930728825
line_faint_snr5,4670.6721383187805,3.789168159986791
line_faint_snr5,4671.7491849980415,15.393773915203877
line_faint_snr5,4672.8239147586746,6.5831535698262043
line_faint_snr5,4673.898891759477,12.930977949174798
line_faint_snr5,4674.9766825209545,4.4103206848282968
line_faint_snr5,4676.0521547631515,6.0004353019268901
line_faint_snr5,4677.130442062321,10.734288721153595
line_faint_snr5,4678.2064097740695,0.88807665269093905
line_faint_snr5,4679.285193839688,10.923866075609109
line_faint_snr5,4680.361657249251,19.06128228553057
line_faint_snr5,4681.4383682978078,13.288988701597173
line_faint_snr5,4682.5178976459229,6.9798582466101173
line_faint_snr5,4683.5951047347489,8.2720769879395188
line_faint_snr5,4684.6751314215226,7.9931861198542391
line_faint_snr5,4685.752834779144,11.611769490951353
line_faint_snr5,4686.8333590337006,7.7306149685763446
line_faint_snr5,4687.911558888748,11.137787432390128
line_faint_snr5,4688.9900067822546,13.984640914018092
line_faint_snr5,4690.0712775215252,14.200494129634938
line_faint_snr5,4691.1502222554655,16.785259220689127
line_faint_snr5,4692.2319911356526,6.7848891562338238
line_faint_snr5,4693.31143293892,10.088346302377357
line_faint_snr5,4694.3937001895183,10.40974747915527
line_faint_snr5,4695.4736392911136,10.796815689833407
line_faint_snr5,4696.5538268312794,6.0478692739022781
line_faint_snr5,4697.6368417707472,17.113796577468243
line_faint_snr5,4698.7175269528007,15.769105598905316
line_faint_snr5,4699.8010408367381,14.056265196293138
line_faint_snr5,4700.882223889942,13.554294458808597
line_faint_snr5,4701.9662369482121,9.2504252829059617
line_faint_snr5,4703.0479181019364,12.381568801356996
line_faint_snr5,4704.129848094989,5.3140975622764293
line_faint_snr5,4705.2146100482278,12.7990772025999
line_faint_snr5,4706.2970384859154,5.181014340863535
line_faint_snr5,4707.3823001884712,14.576767408217608
line_faint_snr5,4708.4652273004276,8.4352073607903861
line_faint_snr5,4709.5509889825362,12.322335015830181
line_faint_snr5,4710.634414998498,17.478748194774113
line_faint_snr5,4711.7180902551918,10.200381499434751
line_faint_snr5,4712.8046020403135,15.160507592227075
line_faint_snr5,4713.8887765456839,8.3140444729934764
line_faint_snr5,4714.9757888862696,8.9704048804319854
line_faint_snr5,4716.0604628703213,10.273564140670134
line_faint_snr5,4717.147975996977,8.1407141471711135
line_faint_snr5,4718.2331496898187,15.419426445152018
line_faint_snr5,4719.3185730254418,11.397818473233656
line_faint_snr5,4720.4068374651033,6.1426823773941823
line_faint_snr5,4721.4927608547423,6.5548965439140554
line_faint_snr5,4722.5815266573154,13.99148120921901
line_faint_snr5,4723.6679503313462,16.661950370465835
line_faint_snr5,4724.7572177278089,10.136910839143754
line_faint_snr5,4725.8441419167111,6.8801198721320773
line_faint_snr5,4726.933911138146,7.6154003085691091
line_faint_snr5,4728.0213360725065,6.0126151774271444
line_faint_snr5,4729.1090111675439,8.0562222061672397
line_faint_snr5,4730.1995332606175,11.730669681439108
line_faint_snr5,4731.2877094470559,7.3589384342689161
line_faint_snr5,4732.378733943141,6.7940179964737828
line_faint_snr5,4733.467411451832,7.4593558082414768
line_faint_snr5,4734.5589385823851,14.475533779338123
line_faint_snr5,4735.6481176442885,3.9350002525350485
line_faint_snr5,4736.7375472704043,9.2609234101606095
line_faint_snr5,4737.8298284870543,8.5444749264920627
line_faint_snr5,4738.9197600128828,11.129819077942264
line_faint_snr5,4740.0125444429714,8.9330242249500884
line_faint_snr5,4741.102978099736,13.525208875693485
line_faint_snr5,4742.1962659750943,6.8693263685571093
line_faint_snr5,4743.2872019941278,11.110535393405868
line_faint_snr5,4744.3783889815586,5.8282685894869601
line_faint_snr5,4745.4724321594313,13.263130367355856
line_faint_snr5,4746.5641218561914,12.069683795500918
line_faint_snr5,4747.6586690592376,12.110636793331919
line_faint_snr5,4748.7508616969217,17.472850179494127
line_faint_snr5,4749.8459131573463,9.5937426725226818
line_faint_snr5,4750.9386089676609,12.27519837678294
line_faint_snr5,4752.0315561512125,5.5252827175681558
line_faint_snr5,4753.1273641325315,9.4268340633507783
line_faint_snr5,4754.2208148363306,10.766672074231222
line_faint_snr5,4755.3171276558678,11.189853479962776
line_faint_snr5,4756.4110821118875,6.8705608792602062
line_faint_snr5,4757.5079000022215,2.9960143197033937
line_faint_snr5,4758.6023584425411,7.9628866623723233
line_faint_snr5,4759.6970686615869,3.3160580287682775
line_faint_snr5,4760.7946442931607,8.444633238881563
line_faint_snr5,4761.8898588446855,5.3099685979890605
line_faint_snr5,4762.9879401288326,7.1307221081737637
line_faint_snr5,4764.0836592451815,10.51382495690525
line_faint_snr5,4765.1822464148554,3.655505544863066
line_faint_snr5,4766.2784703284824,8.8871378773201855
line_faint_snr5,4767.3749464269804,4.6996658902817341
line_faint_snr5,4768.4742925602095,7.4948423880744173
line_faint_snr5,4769.5712738047259,9.474881398106902
line_faint_snr5,4770.671126406196,8.670883705416319
line_faint_snr5,4771.7686130294524,8.1507994601092051
line_faint_snr5,4772.8689723324951,8.914932881917407
line_faint_snr5,4773.9669645673184,8.9606627311219373
line_faint_snr5,4775.0652093938115,5.5313643416828553
line_faint_snr5,4776.1663288846958,6.54712320508954
line_faint_snr5,4777.26507967206,9.4703316154604007
line_faint_snr5,4778.3667064481706,10.97419910035309
line_faint_snr5,4779.4659634295022,14.497825038357805
line_faint_snr5,4780.5680977245465,1.7994840481775825
line_faint_snr5,4781.667861133049,14.407904931917056
line_faint_snr5,4782.7678775406766,9.3721906716440717
line_faint_snr5,4783.8707732498224,10.706845595611304
line_faint_snr5,4784.971296434489,13.812715701560283
line_faint_snr5,4786.0747002471653,10.529805755198071
line_faint_snr5,4787.1757304423409,9.1575737318207544
line_faint_snr5,4788.2796425926308,11.649116828897498
line_faint_snr5,4789.3811800318945,9.4998574669037694
line_faint_snr5,4790.4829708783991,4.8175174681986981
line_faint_snr5,4791.5876456710284,8.7904338604192009
line_faint_snr5,4792.689944112054,5.4287364855571987
line_faint_snr5,4793.795127827837,9.9693355905392949
line_faint_snr5,4794.897934097231,10.814492828418482
line_faint_snr5,4796.0036269706279,13.181021187614114
line_faint_snr5,4797.1069413023488,13.674912908783304
line_faint_snr5,4798.2105094500803,16.185559716902386
line_faint_snr5,4799.3169661960383,6.0232989864392312
line_faint_snr5,4800.4210427570924,11.338558535522573
line_faint_snr5,4801.5280092471476,9.1858573878233898
line_faint_snr5,4802.6325944557502,7.4318384128943586
line_faint_snr5,4803.7400709247431,11.800458770853838
line_faint_snr5,4804.8451650152283,9.2235325701271318
line_faint_snr5,4805.9531516981051,11.161834996741044
line_faint_snr5,4807.0587549049133,12.950258466089407
line_faint_snr5,4808.1646124542858,9.2268070696079949
line_faint_snr5,4809.2733645944109,10.087109078556816
line_faint_snr5,4810.3797316118334,13.578751867649968
line_faint_snr5,4811.4889945535424,9.9724143625420876
line_faint_snr5,4812.5958712737256,3.7440819475657197
line_faint_snr5,4813.7056452523475,8.7231974513058503
line_faint_snr5,4814.8130319101092,13.006980736495077
line_faint_snr5,4815.9206733207175,17.797781481439237
line_faint_snr5,4817.0312139913476,13.457396461518316
line_faint_snr5,4818.1393656918281,11.981387737719562
line_faint_snr5,4819.2504179880189,10.36303970850234
line_faint_snr5,4820.3590802134622,11.013693110192504
line_faint_snr5,4821.4706443709192,9.6675909733634011
line_faint_snr5,4822.5798173565245,10.23522966335495
line_faint_snr5,4823.6892455059178,8.0895655361756145
line_faint_snr5,4824.8015775921367,15.042750634814208
line_faint_snr5,4825.9115168545522,18.217944032270221
line_faint_snr5,4827.0243613916355,13.524318145202848
line_faint_snr5,4828.1348120025432,5.3077534790531979
line_faint_snr5,4829.2481692265765,11.141689644067698
line_faint_snr5,4830.3591314215537,11.014211360897546
line_faint_snr5,4831.4703491919245,16.590835176113686
line_faint_snr5,4832.5844755834669,10.188676732116216
line_faint_snr5,4833.6962052913377,10.71386468641583
line_faint_snr5,4834.8108449603806,12.700855470514016
line_faint_snr5,4835.9230868416007,5.3134289045756269
line_faint_snr5,4837.0382400246108,9.5007400316186139
line_faint_snr5,4838.1509943151377,10.603610866855318
line_faint_snr5,4839.2640045933276,6.2605864321138736
line_faint_snr5,4840.3799281845922,10.386562883503123
line_faint_snr5,4841.4934512260897,12.851291149023726
line_faint_snr5,4842.6098889228233,15.193969301501006
line_faint_snr5,4843.7239249638587,15.542530654878368
line_faint_snr5,4844.84087700291,10.866056894891218
line_faint_snr5,4845.955426279821,17.077012838064054
line_faint_snr5,4847.0702319573275,15.205279950714713
line_faint_snr5,4848.1879556473805,13.899375590232287
line_faint_snr5,4849.3032749153354,12.586313177340214
line_faint_snr5,4850.4215135401628,16.936897493744102
line_faint_snr5,4851.5373466351748,11.104515032758252
line_faint_snr5,4852.6561004320074,17.349700479699884
line_faint_snr5,4853.7724475907971,12.216853226358497
line_faint_snr5,4854.8890515637841,15.133840557640793
line_faint_snr5,4856.0085782563701,8.5940256341740415
line_faint_snr5,4857.1256966482779,7.5097422592255283
line_faint_snr5,4858.2457391062808,16.448646129341224
line_faint_snr5,4859.3633721541019,14.796684491210604
line_faint_snr5,4860.4839306151334,11.913803799778364
line_faint_snr5,4861.6020785559704,9.1636542164823762
line_faint_snr5,4862.7204837252712,11.374808972287322
line_faint_snr5,4863.841816328817,16.160861727613749
line_faint_snr5,4864.9607367468489,9.3170815973032504
line_faint_snr5,4866.0825859477936,16.677348587378326
line_faint_snr5,4867.2020218519319,13.893774080262926
line_faint_snr5,4868.3243878882713,13.014622498261172
line_faint_snr5,4869.4443395160006,13.291137281659136
line_faint_snr5,4870.5645487871298,13.97366474653332
line_faint_snr5,4871.6876902147533,7.7788330205291931
line_faint_snr5,4872.8084155657625,13.012016282034825
line_faint_snr5,4873.9320744241095,7.0444843462266942
line_faint_snr5,4875.0533160927571,5.828352334341445
line_faint_snr5,4876.1774926202079,14.288606188266336
line_faint_snr5,4877.2992508443594,10.980750695640937
line_faint_snr5,4878.4212671275172,9.7456589622866492
line_faint_snr5,4879.5462202970384,14.221462291201112
line_faint_snr5,4880.6687534925659,12.470927561198598
line_faint_snr5,4881.7942249274784,10.218388896808607
line_faint_snr5,4882.9172752735158,7.9835903413009204
line_faint_snr5,4884.0432652125855,11.453725037483315
line_faint_snr5,4885.166832947386,12.753061703506704
line_faint_snr5,4886.2906591574665,15.350718716678557
line_faint_snr5,4887.4174269914092,5.1431073860787881
line_faint_snr5,4888.5417709476924,6.8203705218774031
line_faint_snr5,4889.6690578830421,6.6833198022276745
line_faint_snr5,4890.7939198240529,14.822411583299077
line_faint_snr5,4891.9217260999585,22.305503465759163
line_faint_snr5,4893.0471062643328,9.2098948191179701
line_faint_snr5,4894.1754321200551,19.125564624416604
line_faint_snr5,4895.3013307465371,10.962623657951525
line_faint_snr5,4896.4274883845192,14.681244420310746
line_faint_snr5,4897.5565937488918,13.760199168125775
line_faint_snr5,4898.6832702071633,17.649804204962383
line_faint_snr5,4899.8128957498429,8.6954407660997202
line_faint_snr5,4900.9400912674246,15.481486261654029
line_faint_snr5,4902.0702372280557,11.590958096848588
line_faint_snr5,4903.1979520440782,8.9512020459731065
line_faint_snr5,4904.3259262894117,9.1171473119961775
line_faint_snr5,4905.4568530161223,12.154351952687946
line_faint_snr5,4906.585346918655,11.301673275878384
line_faint_snr5,4907.7167946627715,10.727539903455822
line_faint_snr5,4908.8458084619115,14.227547148135873
line_faint_snr5,4909.9777774634667,11.95218149223968
line_faint_snr5,4911.1073113987295,10.463105892213484
line_faint_snr5,4912.2371051817881,11.458609090949116
line_faint_snr5,4913.3698562088775,11.983788457717537
line_faint_snr5,4914.5001704873966,7.965489440050125
line_faint_snr5,4915.6334433723468,11.719194747484057
line_faint_snr5,4916.7642783861183,6.4062218278154601
line_faint_snr5,4917.8980733693497,11.00247529634172
line_faint_snr5,4919.0294293582765,10.923803269878595
line_faint_snr5,4920.1610456141607,8.1810115824986394
line_faint_snr5,4921.2956238844126,17.690446415592088
line_faint_snr5,4922.4277614753701,10.720809207544676
line_faint_snr5,4923.5628624452929,8.2729985869092353
line_faint_snr5,4924.695521611503,6.5275740887868237
line_faint_snr5,4925.8311455219036,7.8144401400878065
line_faint_snr5,4926.9643265036539,10.900817141922804
line_faint_snr5,4928.0977681721997,8.1371633746403234
line_faint_snr5,4929.2341766331438,9.1340156396806993
line_faint_snr5,4930.368140477728,15.179914522800468
line_faint_snr5,4931.5050724815119,9.1196294037865453
line_faint_snr5,4932.6395587427023,12.081533300847747
line_faint_snr5,4933.7770145305212,18.73048590766366
line_faint_snr5,4934.9120234489947,16.438271006838423
line_faint_snr5,4936.0472934747777,14.39800378449838
line_faint_snr5,4937.1855350786991,15.124946987336932
line_faint_snr5,4938.3213281228454,10.13281553300869
line_faint_snr5,4939.4600941141343,8.9207995684284374
line_faint_snr5,4940.5964104175964,7.5218672180129706
line_faint_snr5,4941.7357010378373,11.221934788784534
line_faint_snr5,4942.8725408416831,15.422040735907036
line_faint_snr5,4944.0096421740318,9.2665322088039446
line_faint_snr5,4945.1497198779771,9.3724338335068076
line_faint_snr5,4946.28734507237,12.787657758882188
line_faint_snr5,4947.4279480095729,12.804710670541128
line_faint_snr5,4948.5660973073536,5.8961470630333102
line_faint_snr5,4949.7072257197897,13.704740493392794
line_faint_snr5,4950.8458993624117,9.8072205210574648
line_faint_snr5,4951.9848349554104,11.75464075500504
line_faint_snr5,4953.1267517211963,10.535322073321689
line_faint_snr5,4954.2662120212817,14.726185086196132
line_faint_snr5,4955.4086548675814,9.4411102054440796
line_faint_snr5,4956.5486401164862,7.3536449212183994
line_faint_snr5,4957.6916092856636,11.721847237709607
line_faint_snr5,4958.8321197252326,19.908858967720793
line_faint_snr5,4959.9728925377303,16.952679078187444
line_faint_snr5,4961.1166513319522,13.695485799839963
line_faint_snr5,4962.2579496979433,17.728818607167703
line_faint_snr5,4963.4022354212993,12.308632628517669
line_faint_snr5,4964.5440595829068,12.871451206882876
line_faint_snr5,4965.6888724781538,10.371135356653756
line_faint_snr5,4966.8312226776106,11.038775345666155
line_faint_snr5,4967.9738356732305,11.648017941062408
line_faint_snr5,4969.1194394672684,14.728659532907148
line_faint_snr5,4970.2625788641526,13.694631407443598
line_faint_snr5,4971.4087104373157,12.807467734677449
line_faint_snr5,4972.5523764779782,13.997896968956663
line_faint_snr5,4973.6990360734135,7.0909960238657854
line_faint_snr5,4974.8432290004803,9.7206230663571294
line_faint_snr5,4975.9876851476247,8.0579932090576545
line_faint_snr5,4977.1351369176518,5.7841678418851483
line_faint_snr5,4978.2801203152012,12.980816618459404
line_faint_snr5,4979.4281007157151,11.392010174000468
line_faint_snr5,4980.5736116065727,8.549574460464779
line_faint_snr5,4981.7221208811125,13.702625606072347
line_faint_snr5,4982.8681595082953,15.952648508507595
line_faint_snr5,4984.0171979005127,14.015060773043848
line_faint_snr5,4985.1637645071469,10.514097236364519
line_faint_snr5,4986.310594879923,10.722373280704423
line_faint_snr5,4987.4604270901345,13.978579482261745
line_faint_snr5,4988.6077858071194,7.3602475072017031
line_faint_snr5,4989.7581477444855,9.372729521581828
line_faint_snr5,4990.9060350490863,13.575248969281871
line_faint_snr5,4992.0569269576517,13.316851471492683
line_faint_snr5,4993.2053430933902,11.428049298182035
line_faint_snr5,4994.3540234207521,10.785877139805264
line_faint_snr5,4995.5057104278203,9.6132683191110804
line_faint_snr5,4996.6549199516639,16.237929236993988
line_faint_snr5,4997.8071375403897,10.686503246041477
line_faint_snr5,4998.9568765045169,9.2206320334346756
line_faint_snr5,5000.1096249193397,13.552801782204368
line_faint_snr5,5001.2598935676624,13.417440475604522
line_faint_snr5,5002.410426833776,14.830829031849799
line_faint_snr5,5003.5639716296773,16.509677600602693
line_faint_snr5,5004.7150349459207,19.952641097316526
line_faint_snr5,5005.8691111793632,21.302243845411123
line_faint_snr5,5007.0207047899312,26.15969972450802
line_faint_snr5,5008.1753127057464,24.381640877356954
line_faint_snr5,5009.3274368549446,21.836133930843673
line_faint_snr5,5010.4798260487887,26.172852870136893
line_faint_snr5,5011.6352316303273,18.811747996483376
line_faint_snr5,5012.7881517293263,18.643572799560076
line_faint_snr5,5013.9440896056685,14.420235013444472
line_faint_snr5,5015.0975408544118,10.957247888259737
line_faint_snr5,5016.2540112707857,11.790255956611428
line_faint_snr5,5017.407993913971,15.081133774226345
line_faint_snr5,5018.5622420293485,8.1315854964951271
line_faint_snr5,5019.7195113981606,6.7580598608862843
line_faint_snr5,5020.8742912750968,14.808775021459217
line_faint_snr5,5022.0320937973584,14.481934840068101
line_faint_snr5,5023.1874056808365,9.4058611938322265
line_faint_snr5,5024.3457416021711,5.4554833220994432
line_faint_snr5,5025.5015857372864,13.310348979451259
line_faint_snr5,5026.6576957728266,11.623448805519672
line_faint_snr5,5027.8168319353917,12.055591171199417
line_faint_snr5,5028.973474590277,11.304317610938458
line_faint_snr5,5030.1331447663224,12.531115740164344
line_faint_snr5,5031.2903202859306,16.198472136673743
line_faint_snr5,5032.4505247214774,12.424865359829779
line_faint_snr5,5033.6082333512977,12.519537207907202
line_faint_snr5,5034.7662083104678,12.480373751524764
line_faint_snr5,5035.9272142781156,13.734294594283096
line_faint_snr5,5037.0857227158003,7.2292682606150098
line_faint_snr5,5038.2472635583472,12.243814509446754
line_faint_snr5,5039.4063057203193,7.5626410993109499
line_faint_snr5,5040.568381684182,10.778591682607093
line_faint_snr5,5041.7279578163289,12.054035144878965
line_faint_snr5,5042.8878007074409,8.5002445938783833
line_faint_snr5,5044.0506794963585,11.364221043327408
line_faint_snr5,5045.2110567265408,8.5791960438796551
line_faint_snr5,5046.3744712531643,13.211671957864979
line_faint_snr5,5047.5353830685872,12.722829646316963
line_faint_snr5,5048.6993335797315,8.6175737512059101
line_faint_snr5,5049.860780226677,9.3262784889262704
line_faint_snr5,5051.0224940628977,8.6711354151153355
line_faint_snr5,5052.1872486941356,8.7511280051245635
line_faint_snr5,5053.3494977313694,15.065662007719366
line_faint_snr5,5054.5147889645141,12.612050884351941
line_faint_snr5,5055.6775734493285,10.803562551574675
line_faint_snr5,5056.8434015315916,5.7703166887437627
line_faint_snr5,5058.0067217106662,10.399426085823958
line_faint_snr5,5059.1703095100202,9.6993620626861183
line_faint_snr5,5060.3369430095045,10.910303566995378
line_faint_snr5,5061.5010668732057,9.1545231376649916
line_faint_snr5,5062.6682378401902,6.4266507570839178
line_faint_snr5,5063.8328980152046,12.911775552566368
line_faint_snr5,5065.0006066973001,8.4697527556018368
line_faint_snr5,5066.1658034307038,11.750009527120461
line_faint_snr5,5067.3312682160849,7.7353730724823597
line_faint_snr5,5068.4997836146231,9.6898353949223885
line_faint_snr5,5069.6657853290772,9.493527233929985
line_faint_snr5,5070.8348390621059,7.710182228024836
line_faint_snr5,5072.0013779529982,15.58268506265664
line_faint_snr5,5073.1709702685266,12.20104514947335
line_faint_snr5,5074.3380465833325,3.3643237317246046
line_faint_snr5,5075.5081777294863,9.2329630791045396
line_faint_snr5,5076.6757917157975,12.526135361441826
line_faint_snr5,5077.843674310172,12.855120230776016
line_faint_snr5,5079.0146138463369,13.572700041352832
line_faint_snr5,5080.183034483669,7.4161456427012347
line_faint_snr5,5081.3545134711221,8.7344894953613093
line_faint_snr5,5082.523472399288,8.5285626298703399
line_faint_snr5,5083.6954910865561,11.469932524316519
line_faint_snr5,5084.864988553546,8.391765740819892
line_faint_snr5,5086.0347550618917,6.4226925496518339
line_faint_snr5,5087.2075834431862,10.912998787394013
line_faint_snr5,5088.3778888624074,11.940741514215127
line_faint_snr5,5089.551257565181,9.2518021657797629
line_faint_snr5,5090.7221021435544,5.1901322301198602
line_faint_snr5,5091.896011416733,7.1422026198392015
line_faint_snr5,5093.0673954026479,11.090196154778635
line_faint_snr5,5094.2390488639103,8.4102773135272546
line_faint_snr5,5095.4137691372352,6.0119658736446064
line_faint_snr5,5096.585962378691,13.582848783596011
line_faint_snr5,5097.7612238450893,5.4535466715833412
line_faint_snr5,5098.933957115416,12.637901722878272
line_faint_snr5,5100.1097600242147,8.9301422874947995
line_faint_snr5,5101.2830335722028,13.492942581440508
line_faint_snr5,5102.4565770302288,7.3112619669786936
line_faint_snr5,5103.6331922473992,8.710744390276064
line_faint_snr5,5104.8072763563396,5.4355299543943891
line_faint_snr5,5105.9844336395836,9.1844463117719997
line_faint_snr5,5107.1590586485163,11.145820199300678
line_faint_snr5,5108.336758247563,12.611648440374282
line_faint_snr5,5109.5119244056805,9.5497093865416947
line_faint_snr5,5110.687360909229,7.5119942863620901
line_faint_snr5,5111.8658741269837,12.030143279098452
line_faint_snr5,5113.0418521535712,8.2615891399359374
line_faint_snr5,5114.2209083118069,9.6126307234074417
line_faint_snr5,5115.397428110914,10.819642425645631
line_faint_snr5,5116.5770274597626,10.559563515123653
line_faint_snr5,5117.7540892809839,11.523032096329857
line_faint_snr5,5118.9314218837299,6.8916431438152612
line_faint_snr5,5120.1118361637373,9.4706219916198044
line_faint_snr5,5121.2897111630555,11.391387586727992
line_faint_snr5,5122.4706692593618,6.5833059592403655
line_faint_snr5,5123.6490869051331,17.954492059757627
line_faint_snr5,5124.830589068275,14.401517796489864
line_faint_snr5,5126.0095496104977,12.756618305451264
line_faint_snr5,5127.1887813710446,8.0037232682543635
line_faint_snr5,5128.3710997799108,6.0504958348789017
line_faint_snr5,5129.550874811971,8.5899980503856277
line_faint_snr5,5130.7337379143682,7.9440574943565787
line_faint_snr5,5131.9140564682257,13.134945050175908
line_faint_snr5,5133.0974645150936,11.266252720197894
line_faint_snr5,5134.2783268411495,13.470833432963376
line_faint_snr5,5135.4594608230309,11.129882969205196
line_faint_snr5,5136.6436864323132,12.853173158624655
line_faint_snr5,5137.8253645620598,8.4430864979558411
line_faint_snr5,5139.0101357435187,12.506182024491487
line_faint_snr5,5140.1923582718209,7.2555626243817999
line_faint_snr5,5141.3776752768008,13.0375228972509
line_faint_snr5,5142.5604424544608,9.9982151539815085
line_faint_snr5,5143.7434817261556,6.779518743117559
line_faint_snr5,5144.9296176123617,14.863927076325943
line_faint_snr5,5146.1132019096876,8.1076398581702094
line_faint_snr5,5147.2998842481338,15.734732683167371
line_faint_snr5,5148.4840138221844,9.4311584249546936
line_faint_snr5,5149.6712428646215,5.6394627517168479
line_faint_snr5,5150.8559179666054,8.6782338144788245
line_faint_snr5,5152.0408656015406,15.479665934304297
line_faint_snr5,5153.2289148461423,12.741752572562531
line_faint_snr5,5154.414408385891,9.966931114290178
line_faint_snr5,5155.6030049642159,10.34348390705113
line_faint_snr5,5156.789044660276,12.416111712759392
line_faint_snr5,5157.9781888244815,11.340460574387278
line_faint_snr5,5159.1647749284675,13.67353825022049
line_faint_snr5,5160.3516340050273,13.637612501713098
line_faint_snr5,5161.5415996944666,10.650646901617772
line_faint_snr5,5162.7290055564408,13.101235505735401
line_faint_snr5,5163.919519462509,8.9172769712768094
line_faint_snr5,5165.1074723618003,9.2852335239788442
line_faint_snr5,5166.2985347370623,5.3661716411081368
line_faint_snr5,5167.4870349256908,3.3508098145501877
line_faint_snr5,5168.6786460228232,11.911092165336743
line_faint_snr5,5169.8676937529253,10.539925195254524
line_faint_snr5,5171.0570150218955,11.137076643425978
line_faint_snr5,5172.2494493485538,6.0803489630446359
line_faint_snr5,5173.4393185372692,3.0202598277748272
line_faint_snr5,5174.6323022178558,6.8773636803621914
line_faint_snr5,5175.8227195787422,14.622886870981286
line_faint_snr5,5177.016252866345,8.9423071398546554
line_faint_snr5,5178.2072186519445,9.54710951215284
line_faint_snr5,5179.3984584176587,5.4335743128768055
line_faint_snr5,5180.5928162627397,9.3713354166411662
line_faint_snr5,5181.7846048320489,15.921964729503793
line_faint_snr5,5182.9795129172244,11.618150456307648
line_faint_snr5,5184.1718505429617,6.5469251827237933
line_faint_snr5,5185.3673091217252,5.4818582961757309
line_faint_snr5,5186.560196056842,16.849499122816137
line_faint_snr5,5187.7533574140298,12.143071478532432
line_faint_snr5,5188.9496418803683,10.106466290167035
line_faint_snr5,5190.1433529264286,7.4270937320287942
line_faint_snr5,5191.3401885204521,13.605828300229627
line_faint_snr5,5192.5344495086247,9.902642161017484
line_faint_snr5,5193.7318364842395,10.207790817144629
line_faint_snr5,5194.926647667884,10.380720675977924
line_faint_snr5,5196.1217337162707,10.584245490321688
line_faint_snr5,5197.3199479117011,13.146437415160957
line_faint_snr5,5198.5155845356649,16.017881478118305
line_faint_snr5,5199.7143507478067,7.3077145264398276
