task_kind,transition_id,realization,target_snr,seed
faint_shared,J075934.95+322143.3,0.0,10.0,3075715648.0
faint_shared,J075934.95+322143.3,1.0,10.0,3185615529.0
faint_shared,J075934.95+322143.3,2.0,10.0,784101732.0
faint_shared,J075934.95+322143.3,3.0,10.0,567460506.0
faint_shared,J075934.95+322143.3,4.0,10.0,2403908915.0
faint_shared,J075934.95+322143.3,5.0,10.0,2154532161.0
faint_shared,J075934.95+322143.3,6.0,10.0,1168454266.0
faint_shared,J075934.95+322143.3,7.0,10.0,3656560936.0
faint_shared,J075934.95+322143.3,8.0,10.0,134405240.0
faint_shared,J075934.95+322143.3,9.0,10.0,2350899428.0
faint_shared,J075934.95+322143.3,10.0,10.0,1453412061.0
faint_shared,J075934.95+322143.3,11.0,10.0,1943739374.0
faint_shared,J075934.95+322143.3,12.0,10.0,3883454602.0
faint_shared,J075934.95+322143.3,13.0,10.0,3364696223.0
faint_shared,J075934.95+322143.3,14.0,10.0,130582282.0
faint_shared,J075934.95+322143.3,15.0,10.0,499721841.0
faint_shared,J075934.95+322143.3,16.0,10.0,979699280.0
faint_shared,J075934.95+322143.3,17.0,10.0,2459910956.0
faint_shared,J075934.95+322143.3,18.0,10.0,493281146.0
faint_shared,J075934.95+322143.3,19.0,10.0,2695987900.0
faint_shared,J075934.95+322143.3,20.0,10.0,807516620.0
faint_shared,J075934.95+322143.3,21.0,10.0,2995122794.0
faint_shared,J075934.95+322143.3,22.0,10.0,644605076.0
faint_shared,J075934.95+322143.3,23.0,10.0,3760297363.0
faint_shared,J075934.95+322143.3,24.0,10.0,1774172647.0
faint_shared,J075934.95+322143.3,25.0,10.0,46555276.0
faint_shared,J075934.95+322143.3,26.0,10.0,3857009910.0
faint_shared,J075934.95+322143.3,27.0,10.0,1083134162.0
faint_shared,J075934.95+322143.3,28.0,10.0,2107613157.0
faint_shared,J075934.95+322143.3,29.0,10.0,2707996021.0
faint_shared,J075934.95+322143.3,30.0,10.0,2674392996.0
faint_shared,J075934.95+322143.3,31.0,10.0,1426609771.0
faint_shared,J075934.95+322143.3,32.0,10.0,2813766120.0
faint_shared,J075934.95+322143.3,33.0,10.0,3111538169.0
faint_shared,J075934.95+322143.3,34.0,10.0,3308027553.0
faint_shared,J075934.95+322143.3,35.0,10.0,3195855080.0
faint_shared,J075934.95+322143.3,36.0,10.0,2545559237.0
faint_shared,J075934.95+322143.3,37.0,10.0,852949997.0
faint_shared,J075934.95+322143.3,38.0,10.0,883675696.0
faint_shared,J075934.95+322143.3,39.0,10.0,3608009798.0
faint_shared,J075934.95+322143.3,40.0,10.0,3155914884.0
faint_shared,J075934.95+322143.3,41.0,10.0,3145134386.0
faint_shared,J075934.95+322143.3,42.0,10.0,2145576311.0
faint_shared,J075934.95+322143.3,43.0,10.0,3599074168.0
faint_shared,J075934.95+322143.3,44.0,10.0,410481466.0
faint_shared,J075934.95+322143.3,45.0,10.0,2626220132.0
faint_shared,J075934.95+322143.3,46.0,10.0,3889702687.0
faint_shared,J075934.95+322143.3,47.0,10.0,1418990503.0
faint_shared,J075934.95+322143.3,48.0,10.0,4272759130.0
faint_shared,J075934.95+322143.3,49.0,10.0,4285673650.0
faint_shared,J075934.95+322143.3,0.0,5.0,3554635528.0
faint_shared,J075934.95+322143.3,1.0,5.0,4126172239.0
faint_shared,J075934.95+322143.3,2.0,5.0,697734469.0
faint_shared,J075934.95+322143.3,3.0,5.0,3823624720.0
faint_shared,J075934.95+322143.3,4.0,5.0,3083218031.0
faint_shared,J075934.95+322143.3,5.0,5.0,1288389382.0
faint_shared,J075934.95+322143.3,6.0,5.0,596628185.0
faint_shared,J075934.95+322143.3,7.0,5.0,3888843326.0
faint_shared,J075934.95+322143.3,8.0,5.0,737671308.0
faint_shared,J075934.95+322143.3,9.0,5.0,1076602266.0
faint_shared,J075934.95+322143.3,10.0,5.0,1585093012.0
faint_shared,J075934.95+322143.3,11.0,5.0,4064096156.0
faint_shared,J075934.95+322143.3,12.0,5.0,1524057060.0
faint_shared,J075934.95+322143.3,13.0,5.0,1811167059.0
faint_shared,J075934.95+322143.3,14.0,5.0,244203396.0
faint_shared,J075934.95+322143.3,15.0,5.0,3715320594.0
faint_shared,J075934.95+322143.3,16.0,5.0,1196872262.0
faint_shared,J075934.95+322143.3,17.0,5.0,2470966178.0
faint_shared,J075934.95+322143.3,18.0,5.0,2868879592.0
faint_shared,J075934.95+322143.3,19.0,5.0,1282399756.0
faint_shared,J075934.95+322143.3,20.0,5.0,2309129564.0
faint_shared,J075934.95+322143.3,21.0,5.0,155334522.0
faint_shared,J075934.95+322143.3,22.0,5.0,3545380492.0
faint_shared,J075934.95+322143.3,23.0,5.0,4029677070.0
faint_shared,J075934.95+322143.3,24.0,5.0,4162152182.0
faint_shared,J075934.95+322143.3,25.0,5.0,2922408672.0
faint_shared,J075934.95+322143.3,26.0,5.0,320435201.0
faint_shared,J075934.95+322143.3,27.0,5.0,246011799.0
faint_shared,J075934.95+322143.3,28.0,5.0,1636482196.0
faint_shared,J075934.95+322143.3,29.0,5.0,2547494567.0
faint_shared,J075934.95+322143.3,30.0,5.0,3480813614.0
faint_shared,J075934.95+322143.3,31.0,5.0,1814144802.0
faint_shared,J075934.95+322143.3,32.0,5.0,3824544735.0
faint_shared,J075934.95+322143.3,33.0,5.0,2471933825.0
faint_shared,J075934.95+322143.3,34.0,5.0,1171361617.0
faint_shared,J075934.95+322143.3,35.0,5.0,2018144626.0
faint_shared,J075934.95+322143.3,36.0,5.0,829382760.0
faint_shared,J075934.95+322143.3,37.0,5.0,702300513.0
faint_shared,J075934.95+322143.3,38.0,5.0,1117554126.0
faint_shared,J075934.95+322143.3,39.0,5.0,3879652620.0
faint_shared,J075934.95+322143.3,40.0,5.0,1312794659.0
faint_shared,J075934.95+322143.3,41.0,5.0,3762392709.0
faint_shared,J075934.95+322143.3,42.0,5.0,4040042596.0
faint_shared,J075934.95+322143.3,43.0,5.0,2589387595.0
faint_shared,J075934.95+322143.3,44.0,5.0,3227788986.0
faint_shared,J075934.95+322143.3,45.0,5.0,1516466033.0
faint_shared,J075934.95+322143.3,46.0,5.0,3338255428.0
faint_shared,J075934.95+322143.3,47.0,5.0,1839408382.0
faint_shared,J075934.95+322143.3,48.0,5.0,4193255902.0
faint_shared,J075934.95+322143.3,49.0,5.0,3301353124.0
faint_shared,J080133.29+341737.6,0.0,10.0,999572650.0
faint_shared,J080133.29+341737.6,1.0,10.0,2849064571.0
faint_shared,J080133.29+341737.6,2.0,10.0,1263226407.0
faint_shared,J080133.29+341737.6,3.0,10.0,3163163346.0
faint_shared,J080133.29+341737.6,4.0,10.0,2846152774.0
faint_shared,J080133.29+341737.6,5.0,10.0,1672222499.0
faint_shared,J080133.29+341737.6,6.0,10.0,2587449901.0
faint_shared,J080133.29+341737.6,7.0,10.0,2572444958.0
faint_shared,J080133.29+341737.6,8.0,10.0,3499571703.0
faint_shared,J080133.29+341737.6,9.0,10.0,1140320177.0
faint_shared,J080133.29+341737.6,10.0,10.0,136503545.0
faint_shared,J080133.29+341737.6,11.0,10.0,523301362.0
faint_shared,J080133.29+341737.6,12.0,10.0,3982480264.0
faint_shared,J080133.29+341737.6,13.0,10.0,3279600803.0
faint_shared,J080133.29+341737.6,14.0,10.0,1656963866.0
faint_shared,J080133.29+341737.6,15.0,10.0,2129199589.0
faint_shared,J080133.29+341737.6,16.0,10.0,3522828488.0
faint_shared,J080133.29+341737.6,17.0,10.0,71603045.0
faint_shared,J080133.29+341737.6,18.0,10.0,2826217479.0
faint_shared,J080133.29+341737.6,19.0,10.0,534132867.0
faint_shared,J080133.29+341737.6,20.0,10.0,1994608701.0
faint_shared,J080133.29+341737.6,21.0,10.0,2835967330.0
faint_shared,J080133.29+341737.6,22.0,10.0,2307079116.0
faint_shared,J080133.29+341737.6,23.0,10.0,3925245906.0
faint_shared,J080133.29+341737.6,24.0,10.0,2514084144.0
faint_shared,J080133.29+341737.6,25.0,10.0,3753186136.0
faint_shared,J080133.29+341737.6,26.0,10.0,3124487160.0
faint_shared,J080133.29+341737.6,27.0,10.0,2236268889.0
faint_shared,J080133.29+341737.6,28.0,10.0,1898162782.0
faint_shared,J080133.29+341737.6,29.0,10.0,2917242832.0
faint_shared,J080133.29+341737.6,30.0,10.0,190646649.0
faint_shared,J080133.29+341737.6,31.0,10.0,2047504401.0
faint_shared,J080133.29+341737.6,32.0,10.0,3731335766.0
faint_shared,J080133.29+341737.6,33.0,10.0,3435560176.0
faint_shared,J080133.29+341737.6,34.0,10.0,4168844905.0
faint_shared,J080133.29+341737.6,35.0,10.0,3706946992.0
faint_shared,J080133.29+341737.6,36.0,10.0,2432360490.0
faint_shared,J080133.29+341737.6,37.0,10.0,2812610044.0
faint_shared,J080133.29+341737.6,38.0,10.0,2060628955.0
faint_shared,J080133.29+341737.6,39.0,10.0,2671445032.0
faint_shared,J080133.29+341737.6,40.0,10.0,3810387471.0
faint_shared,J080133.29+341737.6,41.0,10.0,243415048.0
faint_shared,J080133.29+341737.6,42.0,10.0,2313865724.0
faint_shared,J080133.29+341737.6,43.0,10.0,932279060.0
faint_shared,J080133.29+341737.6,44.0,10.0,3408327316.0
faint_shared,J080133.29+341737.6,45.0,10.0,3787035804.0
faint_shared,J080133.29+341737.6,46.0,10.0,1331966566.0
faint_shared,J080133.29+341737.6,47.0,10.0,2189836770.0
faint_shared,J080133.29+341737.6,48.0,10.0,3723443049.0
faint_shared,J080133.29+341737.6,49.0,10.0,3911305868.0
faint_shared,J080133.29+341737.6,0.0,5.0,1647563080.0
faint_shared,J080133.29+341737.6,1.0,5.0,2872463218.0
faint_shared,J080133.29+341737.6,2.0,5.0,735525427.0
faint_shared,J080133.29+341737.6,3.0,5.0,1984266099.0
faint_shared,J080133.29+341737.6,4.0,5.0,1143326603.0
faint_shared,J080133.29+341737.6,5.0,5.0,1339091857.0
faint_shared,J080133.29+341737.6,6.0,5.0,405075287.0
faint_shared,J080133.29+341737.6,7.0,5.0,1890657615.0
faint_shared,J080133.29+341737.6,8.0,5.0,3881568648.0
faint_shared,J080133.29+341737.6,9.0,5.0,777900503.0
faint_shared,J080133.29+341737.6,10.0,5.0,1466838343.0
faint_shared,J080133.29+341737.6,11.0,5.0,3565325658.0
faint_shared,J080133.29+341737.6,12.0,5.0,2550866740.0
faint_shared,J080133.29+341737.6,13.0,5.0,484443241.0
faint_shared,J080133.29+341737.6,14.0,5.0,90410332.0
faint_shared,J080133.29+341737.6,15.0,5.0,1707914864.0
faint_shared,J080133.29+341737.6,16.0,5.0,698856302.0
faint_shared,J080133.29+341737.6,17.0,5.0,577246123.0
faint_shared,J080133.29+341737.6,18.0,5.0,1411984989.0
faint_shared,J080133.29+341737.6,19.0,5.0,3727727786.0
faint_shared,J080133.29+341737.6,20.0,5.0,93154172.0
faint_shared,J080133.29+341737.6,21.0,5.0,2563806240.0
faint_shared,J080133.29+341737.6,22.0,5.0,3735581337.0
faint_shared,J080133.29+341737.6,23.0,5.0,2752069282.0
faint_shared,J080133.29+341737.6,24.0,5.0,2060357187.0
faint_shared,J080133.29+341737.6,25.0,5.0,997906201.0
faint_shared,J080133.29+341737.6,26.0,5.0,3082463899.0
faint_shared,J080133.29+341737.6,27.0,5.0,2918263384.0
faint_shared,J080133.29+341737.6,28.0,5.0,3725277227.0
faint_shared,J080133.29+341737.6,29.0,5.0,3323841485.0
faint_shared,J080133.29+341737.6,30.0,5.0,465150316.0
faint_shared,J080133.29+341737.6,31.0,5.0,3119308588.0
faint_shared,J080133.29+341737.6,32.0,5.0,1848298556.0
faint_shared,J080133.29+341737.6,33.0,5.0,1546517807.0
faint_shared,J080133.29+341737.6,34.0,5.0,1372162072.0
faint_shared,J080133.29+341737.6,35.0,5.0,2012937014.0
faint_shared,J080133.29+341737.6,36.0,5.0,2030063269.0
faint_shared,J080133.29+341737.6,37.0,5.0,2932929908.0
faint_shared,J080133.29+341737.6,38.0,5.0,2651595876.0
faint_shared,J080133.29+341737.6,39.0,5.0,2022954465.0
faint_shared,J080133.29+341737.6,40.0,5.0,2293654084.0
faint_shared,J080133.29+341737.6,41.0,5.0,464093372.0
faint_shared,J080133.29+341737.6,42.0,5.0,3869958747.0
faint_shared,J080133.29+341737.6,43.0,5.0,872499119.0
faint_shared,J080133.29+341737.6,44.0,5.0,1541219819.0
faint_shared,J080133.29+341737.6,45.0,5.0,1233121595.0
faint_shared,J080133.29+341737.6,46.0,5.0,2634988682.0
faint_shared,J080133.29+341737.6,47.0,5.0,3727595803.0
faint_shared,J080133.29+341737.6,48.0,5.0,981849880.0
faint_shared,J080133.29+341737.6,49.0,5.0,97687774.0
faint_shared,J080711.72+194439.7,0.0,10.0,3469291590.0
faint_shared,J080711.72+194439.7,1.0,10.0,2203605765.0
faint_shared,J080711.72+194439.7,2.0,10.0,3250155188.0
faint_shared,J080711.72+194439.7,3.0,10.0,4090148265.0
faint_shared,J080711.72+194439.7,4.0,10.0,2954347525.0
faint_shared,J080711.72+194439.7,5.0,10.0,572504327.0
faint_shared,J080711.72+194439.7,6.0,10.0,2201939677.0
faint_shared,J080711.72+194439.7,7.0,10.0,3241365184.0
faint_shared,J080711.72+194439.7,8.0,10.0,3447947794.0
faint_shared,J080711.72+194439.7,9.0,10.0,1726130242.0
faint_shared,J080711.72+194439.7,10.0,10.0,2217928187.0
faint_shared,J080711.72+194439.7,11.0,10.0,4286320514.0
faint_shared,J080711.72+194439.7,12.0,10.0,1858401202.0
faint_shared,J080711.72+194439.7,13.0,10.0,4037651990.0
faint_shared,J080711.72+194439.7,14.0,10.0,139949462.0
faint_shared,J080711.72+194439.7,15.0,10.0,3318196327.0
faint_shared,J080711.72+194439.7,16.0,10.0,2776608774.0
faint_shared,J080711.72+194439.7,17.0,10.0,875277104.0
faint_shared,J080711.72+194439.7,18.0,10.0,347883523.0
faint_shared,J080711.72+194439.7,19.0,10.0,2347066274.0
faint_shared,J080711.72+194439.7,20.0,10.0,1836454574.0
faint_shared,J080711.72+194439.7,21.0,10.0,1643887597.0
faint_shared,J080711.72+194439.7,22.0,10.0,566403259.0
faint_shared,J080711.72+194439.7,23.0,10.0,2036446848.0
faint_shared,J080711.72+194439.7,24.0,10.0,2554353673.0
faint_shared,J080711.72+194439.7,25.0,10.0,1589878803.0
faint_shared,J080711.72+194439.7,26.0,10.0,1472634641.0
faint_shared,J080711.72+194439.7,27.0,10.0,1627359067.0
faint_shared,J080711.72+194439.7,28.0,10.0,207980316.0
faint_shared,J080711.72+194439.7,29.0,10.0,2296860553.0
faint_shared,J080711.72+194439.7,30.0,10.0,4160844115.0
faint_shared,J080711.72+194439.7,31.0,10.0,2762953692.0
faint_shared,J080711.72+194439.7,32.0,10.0,1741894387.0
faint_shared,J080711.72+194439.7,33.0,10.0,3910267920.0
faint_shared,J080711.72+194439.7,34.0,10.0,2345486838.0
faint_shared,J080711.72+194439.7,35.0,10.0,4226802193.0
faint_shared,J080711.72+194439.7,36.0,10.0,214248366.0
faint_shared,J080711.72+194439.7,37.0,10.0,3572769901.0
faint_shared,J080711.72+194439.7,38.0,10.0,3126716362.0
faint_shared,J080711.72+194439.7,39.0,10.0,1251482852.0
faint_shared,J080711.72+194439.7,40.0,10.0,3426605966.0
faint_shared,J080711.72+194439.7,41.0,10.0,2579937401.0
faint_shared,J080711.72+194439.7,42.0,10.0,3693137989.0
faint_shared,J080711.72+194439.7,43.0,10.0,3408417428.0
faint_shared,J080711.72+194439.7,44.0,10.0,1468245285.0
faint_shared,J080711.72+194439.7,45.0,10.0,1730037486.0
faint_shared,J080711.72+194439.7,46.0,10.0,2062897076.0
faint_shared,J080711.72+194439.7,47.0,10.0,3888798382.0
faint_shared,J080711.72+194439.7,48.0,10.0,355496010.0
faint_shared,J080711.72+194439.7,49.0,10.0,1918929727.0
faint_shared,J080711.72+194439.7,0.0,5.0,3028454283.0
faint_shared,J080711.72+194439.7,1.0,5.0,1110505351.0
faint_shared,J080711.72+194439.7,2.0,5.0,3348661492.0
faint_shared,J080711.72+194439.7,3.0,5.0,1679595867.0
faint_shared,J080711.72+194439.7,4.0,5.0,3319330346.0
faint_shared,J080711.72+194439.7,5.0,5.0,2454655640.0
faint_shared,J080711.72+194439.7,6.0,5.0,1518790493.0
faint_shared,J080711.72+194439.7,7.0,5.0,2198733730.0
faint_shared,J080711.72+194439.7,8.0,5.0,3409992521.0
faint_shared,J080711.72+194439.7,9.0,5.0,4074701496.0
faint_shared,J080711.72+194439.7,10.0,5.0,250499211.0
faint_shared,J080711.72+194439.7,11.0,5.0,3010203133.0
faint_shared,J080711.72+194439.7,12.0,5.0,903951963.0
faint_shared,J080711.72+194439.7,13.0,5.0,2749943969.0
faint_shared,J080711.72+194439.7,14.0,5.0,3055331473.0
faint_shared,J080711.72+194439.7,15.0,5.0,1759139533.0
faint_shared,J080711.72+194439.7,16.0,5.0,660942171.0
faint_shared,J080711.72+194439.7,17.0,5.0,3395799751.0
faint_shared,J080711.72+194439.7,18.0,5.0,1749158062.0
faint_shared,J080711.72+194439.7,19.0,5.0,2126066222.0
faint_shared,J080711.72+194439.7,20.0,5.0,74929227.0
faint_shared,J080711.72+194439.7,21.0,5.0,2617353291.0
faint_shared,J080711.72+194439.7,22.0,5.0,1925019788.0
faint_shared,J080711.72+194439.7,23.0,5.0,2920413177.0
faint_shared,J080711.72+194439.7,24.0,5.0,133944275.0
faint_shared,J080711.72+194439.7,25.0,5.0,3210112029.0
faint_shared,J080711.72+194439.7,26.0,5.0,2770721733.0
faint_shared,J080711.72+194439.7,27.0,5.0,1768213016.0
faint_shared,J080711.72+194439.7,28.0,5.0,863906034.0
faint_shared,J080711.72+194439.7,29.0,5.0,3176039352.0
faint_shared,J080711.72+194439.7,30.0,5.0,4200389028.0
faint_shared,J080711.72+194439.7,31.0,5.0,3606447468.0
faint_shared,J080711.72+194439.7,32.0,5.0,3569504629.0
faint_shared,J080711.72+194439.7,33.0,5.0,1245967648.0
faint_shared,J080711.72+194439.7,34.0,5.0,3818506846.0
faint_shared,J080711.72+194439.7,35.0,5.0,272487981.0
faint_shared,J080711.72+194439.7,36.0,5.0,3714840512.0
faint_shared,J080711.72+194439.7,37.0,5.0,3627947718.0
faint_shared,J080711.72+194439.7,38.0,5.0,1979046173.0
faint_shared,J080711.72+194439.7,39.0,5.0,1170355335.0
faint_shared,J080711.72+194439.7,40.0,5.0,2330966434.0
faint_shared,J080711.72+194439.7,41.0,5.0,256912612.0
faint_shared,J080711.72+194439.7,42.0,5.0,1057764136.0
faint_shared,J080711.72+194439.7,43.0,5.0,1296132666.0
faint_shared,J080711.72+194439.7,44.0,5.0,3389943431.0
faint_shared,J080711.72+194439.7,45.0,5.0,1755089740.0
faint_shared,J080711.72+194439.7,46.0,5.0,2298858810.0
faint_shared,J080711.72+194439.7,47.0,5.0,1924447277.0
faint_shared,J080711.72+194439.7,48.0,5.0,3865839699.0
faint_shared,J080711.72+194439.7,49.0,5.0,3899741894.0
faint_shared,J083716.47+035606.1,0.0,10.0,3904869284.0
faint_shared,J083716.47+035606.1,1.0,10.0,2560727083.0
faint_shared,J083716.47+035606.1,2.0,10.0,1357535755.0
faint_shared,J083716.47+035606.1,3.0,10.0,3546021862.0
faint_shared,J083716.47+035606.1,4.0,10.0,1971525454.0
faint_shared,J083716.47+035606.1,5.0,10.0,4082765612.0
faint_shared,J083716.47+035606.1,6.0,10.0,100134585.0
faint_shared,J083716.47+035606.1,7.0,10.0,4048756503.0
faint_shared,J083716.47+035606.1,8.0,10.0,2602102669.0
faint_shared,J083716.47+035606.1,9.0,10.0,3798915704.0
faint_shared,J083716.47+035606.1,10.0,10.0,3716250178.0
faint_shared,J083716.47+035606.1,11.0,10.0,395667246.0
faint_shared,J083716.47+035606.1,12.0,10.0,2324062339.0
faint_shared,J083716.47+035606.1,13.0,10.0,1893551682.0
faint_shared,J083716.47+035606.1,14.0,10.0,3856981074.0
faint_shared,J083716.47+035606.1,15.0,10.0,541407926.0
faint_shared,J083716.47+035606.1,16.0,10.0,1686223791.0
faint_shared,J083716.47+035606.1,17.0,10.0,258376744.0
faint_shared,J083716.47+035606.1,18.0,10.0,3139990271.0
faint_shared,J083716.47+035606.1,19.0,10.0,455405745.0
faint_shared,J083716.47+035606.1,20.0,10.0,4079976995.0
faint_shared,J083716.47+035606.1,21.0,10.0,3268252758.0
faint_shared,J083716.47+035606.1,22.0,10.0,262777964.0
faint_shared,J083716.47+035606.1,23.0,10.0,3646102833.0
faint_shared,J083716.47+035606.1,24.0,10.0,100784556.0
faint_shared,J083716.47+035606.1,25.0,10.0,507215257.0
faint_shared,J083716.47+035606.1,26.0,10.0,322006022.0
faint_shared,J083716.47+035606.1,27.0,10.0,1148940400.0
faint_shared,J083716.47+035606.1,28.0,10.0,4051327821.0
faint_shared,J083716.47+035606.1,29.0,10.0,3586391585.0
faint_shared,J083716.47+035606.1,30.0,10.0,519305653.0
faint_shared,J083716.47+035606.1,31.0,10.0,2780872232.0
faint_shared,J083716.47+035606.1,32.0,10.0,85686058.0
faint_shared,J083716.47+035606.1,33.0,10.0,4082837423.0
faint_shared,J083716.47+035606.1,34.0,10.0,2277169477.0
faint_shared,J083716.47+035606.1,35.0,10.0,545658343.0
faint_shared,J083716.47+035606.1,36.0,10.0,135279853.0
faint_shared,J083716.47+035606.1,37.0,10.0,2774950387.0
faint_shared,J083716.47+035606.1,38.0,10.0,2012638762.0
faint_shared,J083716.47+035606.1,39.0,10.0,636031083.0
faint_shared,J083716.47+035606.1,40.0,10.0,281759059.0
faint_shared,J083716.47+035606.1,41.0,10.0,2380013239.0
faint_shared,J083716.47+035606.1,42.0,10.0,3470430425.0
faint_shared,J083716.47+035606.1,43.0,10.0,91736726.0
faint_shared,J083716.47+035606.1,44.0,10.0,1151315528.0
faint_shared,J083716.47+035606.1,45.0,10.0,589153351.0
faint_shared,J083716.47+035606.1,46.0,10.0,4133347930.0
faint_shared,J083716.47+035606.1,47.0,10.0,2762852358.0
faint_shared,J083716.47+035606.1,48.0,10.0,952126774.0
faint_shared,J083716.47+035606.1,49.0,10.0,2239030035.0
faint_shared,J083716.47+035606.1,0.0,5.0,3152629882.0
faint_shared,J083716.47+035606.1,1.0,5.0,3879012809.0
faint_shared,J083716.47+035606.1,2.0,5.0,1856566866.0
faint_shared,J083716.47+035606.1,3.0,5.0,1218171291.0
faint_shared,J083716.47+035606.1,4.0,5.0,2382549645.0
faint_shared,J083716.47+035606.1,5.0,5.0,2844862362.0
faint_shared,J083716.47+035606.1,6.0,5.0,3937457221.0
faint_shared,J083716.47+035606.1,7.0,5.0,1583379951.0
faint_shared,J083716.47+035606.1,8.0,5.0,4157684883.0
faint_shared,J083716.47+035606.1,9.0,5.0,1836741531.0
faint_shared,J083716.47+035606.1,10.0,5.0,3404235102.0
faint_shared,J083716.47+035606.1,11.0,5.0,2689378093.0
faint_shared,J083716.47+035606.1,12.0,5.0,1160119727.0
faint_shared,J083716.47+035606.1,13.0,5.0,2879750229.0
faint_shared,J083716.47+035606.1,14.0,5.0,716329715.0
faint_shared,J083716.47+035606.1,15.0,5.0,1145747267.0
faint_shared,J083716.47+035606.1,16.0,5.0,3370321802.0
faint_shared,J083716.47+035606.1,17.0,5.0,1846766853.0
faint_shared,J083716.47+035606.1,18.0,5.0,3791781752.0
faint_shared,J083716.47+035606.1,19.0,5.0,2937064516.0
faint_shared,J083716.47+035606.1,20.0,5.0,3563278127.0
faint_shared,J083716.47+035606.1,21.0,5.0,2307919654.0
faint_shared,J083716.47+035606.1,22.0,5.0,4106198972.0
faint_shared,J083716.47+035606.1,23.0,5.0,734401286.0
faint_shared,J083716.47+035606.1,24.0,5.0,3556330446.0
faint_shared,J083716.47+035606.1,25.0,5.0,360824328.0
faint_shared,J083716.47+035606.1,26.0,5.0,3569632292.0
faint_shared,J083716.47+035606.1,27.0,5.0,2788279904.0
faint_shared,J083716.47+035606.1,28.0,5.0,3068782720.0
faint_shared,J083716.47+035606.1,29.0,5.0,216361752.0
faint_shared,J083716.47+035606.1,30.0,5.0,3280021496.0
faint_shared,J083716.47+035606.1,31.0,5.0,3739501392.0
faint_shared,J083716.47+035606.1,32.0,5.0,561701053.0
faint_shared,J083716.47+035606.1,33.0,5.0,232508680.0
faint_shared,J083716.47+035606.1,34.0,5.0,1098309505.0
faint_shared,J083716.47+035606.1,35.0,5.0,4027282953.0
faint_shared,J083716.47+035606.1,36.0,5.0,2687764380.0
faint_shared,J083716.47+035606.1,37.0,5.0,4073487692.0
faint_shared,J083716.47+035606.1,38.0,5.0,546502416.0
faint_shared,J083716.47+035606.1,39.0,5.0,30559753.0
faint_shared,J083716.47+035606.1,40.0,5.0,3374582822.0
faint_shared,J083716.47+035606.1,41.0,5.0,2752881888.0
faint_shared,J083716.47+035606.1,42.0,5.0,497965898.0
faint_shared,J083716.47+035606.1,43.0,5.0,2079122654.0
faint_shared,J083716.47+035606.1,44.0,5.0,4024266316.0
faint_shared,J083716.47+035606.1,45.0,5.0,963959987.0
faint_shared,J083716.47+035606.1,46.0,5.0,1167786363.0
faint_shared,J083716.47+035606.1,47.0,5.0,2993678686.0
faint_shared,J083716.47+035606.1,48.0,5.0,765987291.0
faint_shared,J083716.47+035606.1,49.0,5.0,3187384111.0
faint_shared,J083826.50+371906.7,0.0,5.0,3468363022.0
faint_shared,J083826.50+371906.7,1.0,5.0,1923440199.0
faint_shared,J083826.50+371906.7,2.0,5.0,2411642258.0
faint_shared,J083826.50+371906.7,3.0,5.0,1478430358.0
faint_shared,J083826.50+371906.7,4.0,5.0,2486143009.0
faint_shared,J083826.50+371906.7,5.0,5.0,234246171.0
faint_shared,J083826.50+371906.7,6.0,5.0,947323357.0
faint_shared,J083826.50+371906.7,7.0,5.0,2680401363.0
faint_shared,J083826.50+371906.7,8.0,5.0,1082563723.0
faint_shared,J083826.50+371906.7,9.0,5.0,2666637160.0
faint_shared,J083826.50+371906.7,10.0,5.0,793756545.0
faint_shared,J083826.50+371906.7,11.0,5.0,3869860072.0
faint_shared,J083826.50+371906.7,12.0,5.0,3822975325.0
faint_shared,J083826.50+371906.7,13.0,5.0,1751814776.0
faint_shared,J083826.50+371906.7,14.0,5.0,3055545489.0
faint_shared,J083826.50+371906.7,15.0,5.0,3907896358.0
faint_shared,J083826.50+371906.7,16.0,5.0,2861237501.0
faint_shared,J083826.50+371906.7,17.0,5.0,4103064079.0
faint_shared,J083826.50+371906.7,18.0,5.0,2036515273.0
faint_shared,J083826.50+371906.7,19.0,5.0,4027215594.0
faint_shared,J083826.50+371906.7,20.0,5.0,4147419354.0
faint_shared,J083826.50+371906.7,21.0,5.0,1180843889.0
faint_shared,J083826.50+371906.7,22.0,5.0,364625463.0
faint_shared,J083826.50+371906.7,23.0,5.0,2597251313.0
faint_shared,J083826.50+371906.7,24.0,5.0,3377887824.0
faint_shared,J083826.50+371906.7,25.0,5.0,2169432561.0
faint_shared,J083826.50+371906.7,26.0,5.0,3958142132.0
faint_shared,J083826.50+371906.7,27.0,5.0,799415078.0
faint_shared,J083826.50+371906.7,28.0,5.0,2911778859.0
faint_shared,J083826.50+371906.7,29.0,5.0,1073737296.0
faint_shared,J083826.50+371906.7,30.0,5.0,1683059319.0
faint_shared,J083826.50+371906.7,31.0,5.0,2524637342.0
faint_shared,J083826.50+371906.7,32.0,5.0,2152234385.0
faint_shared,J083826.50+371906.7,33.0,5.0,4043804173.0
faint_shared,J083826.50+371906.7,34.0,5.0,3920296714.0
faint_shared,J083826.50+371906.7,35.0,5.0,1863055830.0
faint_shared,J083826.50+371906.7,36.0,5.0,903859423.0
faint_shared,J083826.50+371906.7,37.0,5.0,1521499484.0
faint_shared,J083826.50+371906.7,38.0,5.0,1645046528.0
faint_shared,J083826.50+371906.7,39.0,5.0,1383644706.0
faint_shared,J083826.50+371906.7,40.0,5.0,2996399425.0
faint_shared,J083826.50+371906.7,41.0,5.0,2202640279.0
faint_shared,J083826.50+371906.7,42.0,5.0,3562021442.0
faint_shared,J083826.50+371906.7,43.0,5.0,73973157.0
faint_shared,J083826.50+371906.7,44.0,5.0,3881084924.0
faint_shared,J083826.50+371906.7,45.0,5.0,2425723881.0
faint_shared,J083826.50+371906.7,46.0,5.0,1634423353.0
faint_shared,J083826.50+371906.7,47.0,5.0,1180875469.0
faint_shared,J083826.50+371906.7,48.0,5.0,2403744900.0
faint_shared,J083826.50+371906.7,49.0,5.0,2583534958.0
faint_shared,J084016.42+220624.6,0.0,5.0,242034790.0
faint_shared,J084016.42+220624.6,1.0,5.0,826323683.0
faint_shared,J084016.42+220624.6,2.0,5.0,2181875152.0
faint_shared,J084016.42+220624.6,3.0,5.0,3161530933.0
faint_shared,J084016.42+220624.6,4.0,5.0,3255672972.0
faint_shared,J084016.42+220624.6,5.0,5.0,3010877061.0
faint_shared,J084016.42+220624.6,6.0,5.0,2355044521.0
faint_shared,J084016.42+220624.6,7.0,5.0,1977900840.0
faint_shared,J084016.42+220624.6,8.0,5.0,336534113.0
faint_shared,J084016.42+220624.6,9.0,5.0,3775376189.0
faint_shared,J084016.42+220624.6,10.0,5.0,3185552549.0
faint_shared,J084016.42+220624.6,11.0,5.0,3054443106.0
faint_shared,J084016.42+220624.6,12.0,5.0,3552864117.0
faint_shared,J084016.42+220624.6,13.0,5.0,4055278396.0
faint_shared,J084016.42+220624.6,14.0,5.0,2102668223.0
faint_shared,J084016.42+220624.6,15.0,5.0,3731787361.0
faint_shared,J084016.42+220624.6,16.0,5.0,4041564241.0
faint_shared,J084016.42+220624.6,17.0,5.0,2119468737.0
faint_shared,J084016.42+220624.6,18.0,5.0,3813856783.0
faint_shared,J084016.42+220624.6,19.0,5.0,1792366865.0
faint_shared,J084016.42+220624.6,20.0,5.0,3709688277.0
faint_shared,J084016.42+220624.6,21.0,5.0,675555198.0
faint_shared,J084016.42+220624.6,22.0,5.0,1692852856.0
faint_shared,J084016.42+220624.6,23.0,5.0,3005064406.0
faint_shared,J084016.42+220624.6,24.0,5.0,3487937525.0
faint_shared,J084016.42+220624.6,25.0,5.0,1944618281.0
faint_shared,J084016.42+220624.6,26.0,5.0,945112500.0
faint_shared,J084016.42+220624.6,27.0,5.0,1986566337.0
faint_shared,J084016.42+220624.6,28.0,5.0,928598986.0
faint_shared,J084016.42+220624.6,29.0,5.0,3096000507.0
faint_shared,J084016.42+220624.6,30.0,5.0,754316681.0
faint_shared,J084016.42+220624.6,31.0,5.0,845721211.0
faint_shared,J084016.42+220624.6,32.0,5.0,2372717438.0
faint_shared,J084016.42+220624.6,33.0,5.0,1298883614.0
faint_shared,J084016.42+220624.6,34.0,5.0,664504073.0
faint_shared,J084016.42+220624.6,35.0,5.0,3284717039.0
faint_shared,J084016.42+220624.6,36.0,5.0,2497481190.0
faint_shared,J084016.42+220624.6,37.0,5.0,3720896695.0
faint_shared,J084016.42+220624.6,38.0,5.0,329439494.0
faint_shared,J084016.42+220624.6,39.0,5.0,4277065127.0
faint_shared,J084016.42+220624.6,40.0,5.0,970246029.0
faint_shared,J084016.42+220624.6,41.0,5.0,1893204160.0
faint_shared,J084016.42+220624.6,42.0,5.0,1421166287.0
faint_shared,J084016.42+220624.6,43.0,5.0,2735253288.0
faint_shared,J084016.42+220624.6,44.0,5.0,4246395697.0
faint_shared,J084016.42+220624.6,45.0,5.0,44809741.0
faint_shared,J084016.42+220624.6,46.0,5.0,1964022986.0
faint_shared,J084016.42+220624.6,47.0,5.0,3830356067.0
faint_shared,J084016.42+220624.6,48.0,5.0,606105906.0
faint_shared,J084016.42+220624.6,49.0,5.0,374955646.0
faint_shared,J085512.13+032950.6,0.0,10.0,2127159184.0
faint_shared,J085512.13+032950.6,1.0,10.0,1693999101.0
faint_shared,J085512.13+032950.6,2.0,10.0,3427892737.0
faint_shared,J085512.13+032950.6,3.0,10.0,2722197576.0
faint_shared,J085512.13+032950.6,4.0,10.0,448758010.0
faint_shared,J085512.13+032950.6,5.0,10.0,3115244603.0
faint_shared,J085512.13+032950.6,6.0,10.0,1767316222.0
faint_shared,J085512.13+032950.6,7.0,10.0,2890078316.0
faint_shared,J085512.13+032950.6,8.0,10.0,1722767185.0
faint_shared,J085512.13+032950.6,9.0,10.0,933308652.0
faint_shared,J085512.13+032950.6,10.0,10.0,693513917.0
faint_shared,J085512.13+032950.6,11.0,10.0,1652162428.0
faint_shared,J085512.13+032950.6,12.0,10.0,3737422994.0
faint_shared,J085512.13+032950.6,13.0,10.0,250588623.0
faint_shared,J085512.13+032950.6,14.0,10.0,889586378.0
faint_shared,J085512.13+032950.6,15.0,10.0,2895297886.0
faint_shared,J085512.13+032950.6,16.0,10.0,1096974239.0
faint_shared,J085512.13+032950.6,17.0,10.0,3066297934.0
faint_shared,J085512.13+032950.6,18.0,10.0,900723349.0
faint_shared,J085512.13+032950.6,19.0,10.0,1558274511.0
faint_shared,J085512.13+032950.6,20.0,10.0,3493419998.0
faint_shared,J085512.13+032950.6,21.0,10.0,2570669060.0
faint_shared,J085512.13+032950.6,22.0,10.0,3361878172.0
faint_shared,J085512.13+032950.6,23.0,10.0,4047829060.0
faint_shared,J085512.13+032950.6,24.0,10.0,243860600.0
faint_shared,J085512.13+032950.6,25.0,10.0,99645169.0
faint_shared,J085512.13+032950.6,26.0,10.0,582928971.0
faint_shared,J085512.13+032950.6,27.0,10.0,220963120.0
faint_shared,J085512.13+032950.6,28.0,10.0,938918961.0
faint_shared,J085512.13+032950.6,29.0,10.0,3003194769.0
faint_shared,J085512.13+032950.6,30.0,10.0,1245500548.0
faint_shared,J085512.13+032950.6,31.0,10.0,2099437760.0
faint_shared,J085512.13+032950.6,32.0,10.0,4079459334.0
faint_shared,J085512.13+032950.6,33.0,10.0,3664238547.0
faint_shared,J085512.13+032950.6,34.0,10.0,153903886.0
faint_shared,J085512.13+032950.6,35.0,10.0,1873871984.0
faint_shared,J085512.13+032950.6,36.0,10.0,3590797574.0
faint_shared,J085512.13+032950.6,37.0,10.0,2299544063.0
faint_shared,J085512.13+032950.6,38.0,10.0,913318740.0
faint_shared,J085512.13+032950.6,39.0,10.0,3569533539.0
faint_shared,J085512.13+032950.6,40.0,10.0,324305401.0
faint_shared,J085512.13+032950.6,41.0,10.0,109212502.0
faint_shared,J085512.13+032950.6,42.0,10.0,1162749139.0
faint_shared,J085512.13+032950.6,43.0,10.0,3467131391.0
faint_shared,J085512.13+032950.6,44.0,10.0,2760115043.0
faint_shared,J085512.13+032950.6,45.0,10.0,688303114.0
faint_shared,J085512.13+032950.6,46.0,10.0,2991120334.0
faint_shared,J085512.13+032950.6,47.0,10.0,3027038804.0
faint_shared,J085512.13+032950.6,48.0,10.0,965577593.0
faint_shared,J085512.13+032950.6,49.0,10.0,3043575399.0
faint_shared,J085512.13+032950.6,0.0,5.0,788802009.0
faint_shared,J085512.13+032950.6,1.0,5.0,2055474014.0
faint_shared,J085512.13+032950.6,2.0,5.0,1599694238.0
faint_shared,J085512.13+032950.6,3.0,5.0,2393744504.0
faint_shared,J085512.13+032950.6,4.0,5.0,2272293904.0
faint_shared,J085512.13+032950.6,5.0,5.0,2257247084.0
faint_shared,J085512.13+032950.6,6.0,5.0,3161271516.0
faint_shared,J085512.13+032950.6,7.0,5.0,4100533942.0
faint_shared,J085512.13+032950.6,8.0,5.0,2881030610.0
faint_shared,J085512.13+032950.6,9.0,5.0,2972295209.0
faint_shared,J085512.13+032950.6,10.0,5.0,3432526367.0
faint_shared,J085512.13+032950.6,11.0,5.0,699979007.0
faint_shared,J085512.13+032950.6,12.0,5.0,3149769189.0
faint_shared,J085512.13+032950.6,13.0,5.0,67631807.0
faint_shared,J085512.13+032950.6,14.0,5.0,3652000595.0
faint_shared,J085512.13+032950.6,15.0,5.0,2833206275.0
faint_shared,J085512.13+032950.6,16.0,5.0,1388190258.0
faint_shared,J085512.13+032950.6,17.0,5.0,3845097810.0
faint_shared,J085512.13+032950.6,18.0,5.0,3875741751.0
faint_shared,J085512.13+032950.6,19.0,5.0,1551759523.0
faint_shared,J085512.13+032950.6,20.0,5.0,1561098011.0
faint_shared,J085512.13+032950.6,21.0,5.0,721310768.0
faint_shared,J085512.13+032950.6,22.0,5.0,3232394584.0
faint_shared,J085512.13+032950.6,23.0,5.0,1373982421.0
faint_shared,J085512.13+032950.6,24.0,5.0,2194196890.0
faint_shared,J085512.13+032950.6,25.0,5.0,3377800438.0
faint_shared,J085512.13+032950.6,26.0,5.0,225393879.0
faint_shared,J085512.13+032950.6,27.0,5.0,3707923080.0
faint_shared,J085512.13+032950.6,28.0,5.0,2026022352.0
faint_shared,J085512.13+032950.6,29.0,5.0,2336468549.0
faint_shared,J085512.13+032950.6,30.0,5.0,1488266062.0
faint_shared,J085512.13+032950.6,31.0,5.0,703033678.0
faint_shared,J085512.13+032950.6,32.0,5.0,264630131.0
faint_shared,J085512.13+032950.6,33.0,5.0,3894403452.0
faint_shared,J085512.13+032950.6,34.0,5.0,3492226677.0
faint_shared,J085512.13+032950.6,35.0,5.0,3923187625.0
faint_shared,J085512.13+032950.6,36.0,5.0,1629990076.0
faint_shared,J085512.13+032950.6,37.0,5.0,1780478670.0
faint_shared,J085512.13+032950.6,38.0,5.0,3817323907.0
faint_shared,J085512.13+032950.6,39.0,5.0,244387754.0
faint_shared,J085512.13+032950.6,40.0,5.0,4024392675.0
faint_shared,J085512.13+032950.6,41.0,5.0,2602672867.0
faint_shared,J085512.13+032950.6,42.0,5.0,3814749630.0
faint_shared,J085512.13+032950.6,43.0,5.0,2508052506.0
faint_shared,J085512.13+032950.6,44.0,5.0,3165887455.0
faint_shared,J085512.13+032950.6,45.0,5.0,3016789353.0
faint_shared,J085512.13+032950.6,46.0,5.0,2993003231.0
faint_shared,J085512.13+032950.6,47.0,5.0,2991715771.0
faint_shared,J085512.13+032950.6,48.0,5.0,2233388274.0
faint_shared,J085512.13+032950.6,49.0,5.0,670347520.0
faint_shared,J095536.70+103752.4,0.0,5.0,2730872425.0
faint_shared,J095536.70+103752.4,1.0,5.0,1376023190.0
faint_shared,J095536.70+103752.4,2.0,5.0,786310772.0
faint_shared,J095536.70+103752.4,3.0,5.0,3001088470.0
faint_shared,J095536.70+103752.4,4.0,5.0,1018642167.0
faint_shared,J095536.70+103752.4,5.0,5.0,1040813447.0
faint_shared,J095536.70+103752.4,6.0,5.0,4244111280.0
faint_shared,J095536.70+103752.4,7.0,5.0,2660538857.0
faint_shared,J095536.70+103752.4,8.0,5.0,2181716284.0
faint_shared,J095536.70+103752.4,9.0,5.0,2199708322.0
faint_shared,J095536.70+103752.4,10.0,5.0,2847004883.0
faint_shared,J095536.70+103752.4,11.0,5.0,3127956829.0
faint_shared,J095536.70+103752.4,12.0,5.0,3924939380.0
faint_shared,J095536.70+103752.4,13.0,5.0,4123520213.0
faint_shared,J095536.70+103752.4,14.0,5.0,1630007030.0
faint_shared,J095536.70+103752.4,15.0,5.0,1192792768.0
faint_shared,J095536.70+103752.4,16.0,5.0,3711763174.0
faint_shared,J095536.70+103752.4,17.0,5.0,279867246.0
faint_shared,J095536.70+103752.4,18.0,5.0,3304156877.0
faint_shared,J095536.70+103752.4,19.0,5.0,628074421.0
faint_shared,J095536.70+103752.4,20.0,5.0,3099567314.0
faint_shared,J095536.70+103752.4,21.0,5.0,4105045011.0
faint_shared,J095536.70+103752.4,22.0,5.0,2066696584.0
faint_shared,J095536.70+103752.4,23.0,5.0,1391934446.0
faint_shared,J095536.70+103752.4,24.0,5.0,3128902147.0
faint_shared,J095536.70+103752.4,25.0,5.0,2783867383.0
faint_shared,J095536.70+103752.4,26.0,5.0,3918842566.0
faint_shared,J095536.70+103752.4,27.0,5.0,1073190531.0
faint_shared,J095536.70+103752.4,28.0,5.0,10494893.0
faint_shared,J095536.70+103752.4,29.0,5.0,1132525589.0
faint_shared,J095536.70+103752.4,30.0,5.0,1059940898.0
faint_shared,J095536.70+103752.4,31.0,5.0,1337251768.0
faint_shared,J095536.70+103752.4,32.0,5.0,1769711280.0
faint_shared,J095536.70+103752.4,33.0,5.0,2244433408.0
faint_shared,J095536.70+103752.4,34.0,5.0,3889667683.0
faint_shared,J095536.70+103752.4,35.0,5.0,1793592165.0
faint_shared,J095536.70+103752.4,36.0,5.0,3291909958.0
faint_shared,J095536.70+103752.4,37.0,5.0,2036523628.0
faint_shared,J095536.70+103752.4,38.0,5.0,2955565008.0
faint_shared,J095536.70+103752.4,39.0,5.0,1131752527.0
faint_shared,J095536.70+103752.4,40.0,5.0,4214026792.0
faint_shared,J095536.70+103752.4,41.0,5.0,3923697787.0
faint_shared,J095536.70+103752.4,42.0,5.0,3364263865.0
faint_shared,J095536.70+103752.4,43.0,5.0,3139082086.0
faint_shared,J095536.70+103752.4,44.0,5.0,80354022.0
faint_shared,J095536.70+103752.4,45.0,5.0,387949726.0
faint_shared,J095536.70+103752.4,46.0,5.0,1505666596.0
faint_shared,J095536.70+103752.4,47.0,5.0,4023640755.0
faint_shared,J095536.70+103752.4,48.0,5.0,1056858200.0
faint_shared,J095536.70+103752.4,49.0,5.0,1973159858.0
faint_shared,J1000+0354,0.0,5.0,3396878397.0
faint_shared,J1000+0354,1.0,5.0,1739799725.0
faint_shared,J1000+0354,2.0,5.0,3062245817.0
faint_shared,J1000+0354,3.0,5.0,442319070.0
faint_shared,J1000+0354,4.0,5.0,1856238428.0
faint_shared,J1000+0354,5.0,5.0,400253178.0
faint_shared,J1000+0354,6.0,5.0,2530713724.0
faint_shared,J1000+0354,7.0,5.0,4216726266.0
faint_shared,J1000+0354,8.0,5.0,3028782330.0
faint_shared,J1000+0354,9.0,5.0,616409334.0
faint_shared,J1000+0354,10.0,5.0,37840712.0
faint_shared,J1000+0354,11.0,5.0,1757328614.0
faint_shared,J1000+0354,12.0,5.0,3421844945.0
faint_shared,J1000+0354,13.0,5.0,2580993547.0
faint_shared,J1000+0354,14.0,5.0,4231469668.0
faint_shared,J1000+0354,15.0,5.0,1493558216.0
faint_shared,J1000+0354,16.0,5.0,442392756.0
faint_shared,J1000+0354,17.0,5.0,3744641331.0
faint_shared,J1000+0354,18.0,5.0,3572480677.0
faint_shared,J1000+0354,19.0,5.0,1616152247.0
faint_shared,J1000+0354,20.0,5.0,1062555740.0
faint_shared,J1000+0354,21.0,5.0,2850783536.0
faint_shared,J1000+0354,22.0,5.0,2914355201.0
faint_shared,J1000+0354,23.0,5.0,3427908928.0
faint_shared,J1000+0354,24.0,5.0,1377118155.0
faint_shared,J1000+0354,25.0,5.0,3702797942.0
faint_shared,J1000+0354,26.0,5.0,445510146.0
faint_shared,J1000+0354,27.0,5.0,3493652003.0
faint_shared,J1000+0354,28.0,5.0,1232757321.0
faint_shared,J1000+0354,29.0,5.0,1129437433.0
faint_shared,J1000+0354,30.0,5.0,3001090690.0
faint_shared,J1000+0354,31.0,5.0,3329323396.0
faint_shared,J1000+0354,32.0,5.0,1803098175.0
faint_shared,J1000+0354,33.0,5.0,194217324.0
faint_shared,J1000+0354,34.0,5.0,1067450027.0
faint_shared,J1000+0354,35.0,5.0,642650396.0
faint_shared,J1000+0354,36.0,5.0,4261235062.0
faint_shared,J1000+0354,37.0,5.0,3894585582.0
faint_shared,J1000+0354,38.0,5.0,2748107260.0
faint_shared,J1000+0354,39.0,5.0,3174768314.0
faint_shared,J1000+0354,40.0,5.0,3408756972.0
faint_shared,J1000+0354,41.0,5.0,752821882.0
faint_shared,J1000+0354,42.0,5.0,2918578876.0
faint_shared,J1000+0354,43.0,5.0,3543175686.0
faint_shared,J1000+0354,44.0,5.0,4281226524.0
faint_shared,J1000+0354,45.0,5.0,2698281459.0
faint_shared,J1000+0354,46.0,5.0,4279526104.0
faint_shared,J1000+0354,47.0,5.0,3930446446.0
faint_shared,J1000+0354,48.0,5.0,2968853580.0
faint_shared,J1000+0354,49.0,5.0,1928987837.0
faint_shared,J1003+0202,0.0,10.0,2980012918.0
faint_shared,J1003+0202,1.0,10.0,2469679721.0
faint_shared,J1003+0202,2.0,10.0,735363126.0
faint_shared,J1003+0202,3.0,10.0,2209855468.0
faint_shared,J1003+0202,4.0,10.0,546193276.0
faint_shared,J1003+0202,5.0,10.0,2760790048.0
faint_shared,J1003+0202,6.0,10.0,1373540221.0
faint_shared,J1003+0202,7.0,10.0,706655320.0
faint_shared,J1003+0202,8.0,10.0,383682924.0
faint_shared,J1003+0202,9.0,10.0,3540798908.0
faint_shared,J1003+0202,10.0,10.0,1712952891.0
faint_shared,J1003+0202,11.0,10.0,2359271827.0
faint_shared,J1003+0202,12.0,10.0,4279290162.0
faint_shared,J1003+0202,13.0,10.0,194445121.0
faint_shared,J1003+0202,14.0,10.0,4069643274.0
faint_shared,J1003+0202,15.0,10.0,4044602701.0
faint_shared,J1003+0202,16.0,10.0,4134366545.0
faint_shared,J1003+0202,17.0,10.0,2161394047.0
faint_shared,J1003+0202,18.0,10.0,3510159689.0
faint_shared,J1003+0202,19.0,10.0,2972443455.0
faint_shared,J1003+0202,20.0,10.0,1016976386.0
faint_shared,J1003+0202,21.0,10.0,2155171136.0
faint_shared,J1003+0202,22.0,10.0,2497843015.0
faint_shared,J1003+0202,23.0,10.0,2889681609.0
faint_shared,J1003+0202,24.0,10.0,286801578.0
faint_shared,J1003+0202,25.0,10.0,1965356570.0
faint_shared,J1003+0202,26.0,10.0,2727918356.0
faint_shared,J1003+0202,27.0,10.0,1142390830.0
faint_shared,J1003+0202,28.0,10.0,3993485910.0
faint_shared,J1003+0202,29.0,10.0,3747721081.0
faint_shared,J1003+0202,30.0,10.0,2101397325.0
faint_shared,J1003+0202,31.0,10.0,2582765123.0
faint_shared,J1003+0202,32.0,10.0,3997613588.0
faint_shared,J1003+0202,33.0,10.0,3809519941.0
faint_shared,J1003+0202,34.0,10.0,1528553218.0
faint_shared,J1003+0202,35.0,10.0,3323383778.0
faint_shared,J1003+0202,36.0,10.0,3254431122.0
faint_shared,J1003+0202,37.0,10.0,2343680245.0
faint_shared,J1003+0202,38.0,10.0,600834337.0
faint_shared,J1003+0202,39.0,10.0,3042197481.0
faint_shared,J1003+0202,40.0,10.0,1705460942.0
faint_shared,J1003+0202,41.0,10.0,1210313809.0
faint_shared,J1003+0202,42.0,10.0,3678511893.0
faint_shared,J1003+0202,43.0,10.0,346071888.0
faint_shared,J1003+0202,44.0,10.0,233950838.0
faint_shared,J1003+0202,45.0,10.0,3597372524.0
faint_shared,J1003+0202,46.0,10.0,3057040953.0
faint_shared,J1003+0202,47.0,10.0,4269864176.0
faint_shared,J1003+0202,48.0,10.0,2252550895.0
faint_shared,J1003+0202,49.0,10.0,3552879850.0
faint_shared,J1003+0202,0.0,5.0,2841277940.0
faint_shared,J1003+0202,1.0,5.0,227292060.0
faint_shared,J1003+0202,2.0,5.0,2588311060.0
faint_shared,J1003+0202,3.0,5.0,2082726300.0
faint_shared,J1003+0202,4.0,5.0,3493267184.0
faint_shared,J1003+0202,5.0,5.0,753094835.0
faint_shared,J1003+0202,6.0,5.0,1907129909.0
faint_shared,J1003+0202,7.0,5.0,2447462193.0
faint_shared,J1003+0202,8.0,5.0,2979306602.0
faint_shared,J1003+0202,9.0,5.0,3337104738.0
faint_shared,J1003+0202,10.0,5.0,378157279.0
faint_shared,J1003+0202,11.0,5.0,989952507.0
faint_shared,J1003+0202,12.0,5.0,258176892.0
faint_shared,J1003+0202,13.0,5.0,1617754510.0
faint_shared,J1003+0202,14.0,5.0,3985458953.0
faint_shared,J1003+0202,15.0,5.0,805159025.0
faint_shared,J1003+0202,16.0,5.0,2345339537.0
faint_shared,J1003+0202,17.0,5.0,2342754821.0
faint_shared,J1003+0202,18.0,5.0,992524617.0
faint_shared,J1003+0202,19.0,5.0,1549885116.0
faint_shared,J1003+0202,20.0,5.0,394084906.0
faint_shared,J1003+0202,21.0,5.0,3206135413.0
faint_shared,J1003+0202,22.0,5.0,570002999.0
faint_shared,J1003+0202,23.0,5.0,2373488768.0
faint_shared,J1003+0202,24.0,5.0,783706412.0
faint_shared,J1003+0202,25.0,5.0,1134565070.0
faint_shared,J1003+0202,26.0,5.0,741143378.0
faint_shared,J1003+0202,27.0,5.0,3314576681.0
faint_shared,J1003+0202,28.0,5.0,264231987.0
faint_shared,J1003+0202,29.0,5.0,1261416337.0
faint_shared,J1003+0202,30.0,5.0,2135777840.0
faint_shared,J1003+0202,31.0,5.0,4133806493.0
faint_shared,J1003+0202,32.0,5.0,1858251879.0
faint_shared,J1003+0202,33.0,5.0,4163726397.0
faint_shared,J1003+0202,34.0,5.0,882433003.0
faint_shared,J1003+0202,35.0,5.0,341030970.0
faint_shared,J1003+0202,36.0,5.0,3067199837.0
faint_shared,J1003+0202,37.0,5.0,67369643.0
faint_shared,J1003+0202,38.0,5.0,422716490.0
faint_shared,J1003+0202,39.0,5.0,2366683953.0
faint_shared,J1003+0202,40.0,5.0,2958653664.0
faint_shared,J1003+0202,41.0,5.0,1165539722.0
faint_shared,J1003+0202,42.0,5.0,137665035.0
faint_shared,J1003+0202,43.0,5.0,144072019.0
faint_shared,J1003+0202,44.0,5.0,4050138532.0
faint_shared,J1003+0202,45.0,5.0,2432862426.0
faint_shared,J1003+0202,46.0,5.0,3493172840.0
faint_shared,J1003+0202,47.0,5.0,2764560217.0
faint_shared,J1003+0202,48.0,5.0,1901685153.0
faint_shared,J1003+0202,49.0,5.0,2214061488.0
faint_shared,J1003+0458,0.0,10.0,1604397616.0
faint_shared,J1003+0458,1.0,10.0,3894272388.0
faint_shared,J1003+0458,2.0,10.0,862559128.0
faint_shared,J1003+0458,3.0,10.0,2052591760.0
faint_shared,J1003+0458,4.0,10.0,1320353389.0
faint_shared,J1003+0458,5.0,10.0,900037103.0
faint_shared,J1003+0458,6.0,10.0,210289213.0
faint_shared,J1003+0458,7.0,10.0,1260487094.0
faint_shared,J1003+0458,8.0,10.0,51584603.0
faint_shared,J1003+0458,9.0,10.0,1154430312.0
faint_shared,J1003+0458,10.0,10.0,2045148749.0
faint_shared,J1003+0458,11.0,10.0,1941585019.0
faint_shared,J1003+0458,12.0,10.0,1200073210.0
faint_shared,J1003+0458,13.0,10.0,2088573102.0
faint_shared,J1003+0458,14.0,10.0,2407806806.0
faint_shared,J1003+0458,15.0,10.0,4232099812.0
faint_shared,J1003+0458,16.0,10.0,1971447982.0
faint_shared,J1003+0458,17.0,10.0,4037547190.0
faint_shared,J1003+0458,18.0,10.0,2558613796.0
faint_shared,J1003+0458,19.0,10.0,2444658704.0
faint_shared,J1003+0458,20.0,10.0,756788750.0
faint_shared,J1003+0458,21.0,10.0,2436924045.0
faint_shared,J1003+0458,22.0,10.0,3855439608.0
faint_shared,J1003+0458,23.0,10.0,1612437591.0
faint_shared,J1003+0458,24.0,10.0,568667777.0
faint_shared,J1003+0458,25.0,10.0,3045900598.0
faint_shared,J1003+0458,26.0,10.0,1238056591.0
faint_shared,J1003+0458,27.0,10.0,1949615631.0
faint_shared,J1003+0458,28.0,10.0,1624837620.0
faint_shared,J1003+0458,29.0,10.0,624226332.0
faint_shared,J1003+0458,30.0,10.0,2762618437.0
faint_shared,J1003+0458,31.0,10.0,1457769255.0
faint_shared,J1003+0458,32.0,10.0,2501658178.0
faint_shared,J1003+0458,33.0,10.0,2466466400.0
faint_shared,J1003+0458,34.0,10.0,98000904.0
faint_shared,J1003+0458,35.0,10.0,1935375496.0
faint_shared,J1003+0458,36.0,10.0,1190242955.0
faint_shared,J1003+0458,37.0,10.0,397132987.0
faint_shared,J1003+0458,38.0,10.0,4065725918.0
faint_shared,J1003+0458,39.0,10.0,1761219768.0
faint_shared,J1003+0458,40.0,10.0,1641906138.0
faint_shared,J1003+0458,41.0,10.0,2253904576.0
faint_shared,J1003+0458,42.0,10.0,3432248300.0
faint_shared,J1003+0458,43.0,10.0,2892937781.0
faint_shared,J1003+0458,44.0,10.0,1149798351.0
faint_shared,J1003+0458,45.0,10.0,3062597959.0
faint_shared,J1003+0458,46.0,10.0,1919337749.0
faint_shared,J1003+0458,47.0,10.0,3140642487.0
faint_shared,J1003+0458,48.0,10.0,2863797011.0
faint_shared,J1003+0458,49.0,10.0,1353243041.0
faint_shared,J1003+0458,0.0,5.0,1665289811.0
faint_shared,J1003+0458,1.0,5.0,3076003773.0
faint_shared,J1003+0458,2.0,5.0,4062136744.0
faint_shared,J1003+0458,3.0,5.0,895272712.0
faint_shared,J1003+0458,4.0,5.0,1517595877.0
faint_shared,J1003+0458,5.0,5.0,145749361.0
faint_shared,J1003+0458,6.0,5.0,2833275660.0
faint_shared,J1003+0458,7.0,5.0,990244143.0
faint_shared,J1003+0458,8.0,5.0,2633067673.0
faint_shared,J1003+0458,9.0,5.0,1943721894.0
faint_shared,J1003+0458,10.0,5.0,439016639.0
faint_shared,J1003+0458,11.0,5.0,429175386.0
faint_shared,J1003+0458,12.0,5.0,3134224362.0
faint_shared,J1003+0458,13.0,5.0,2308261399.0
faint_shared,J1003+0458,14.0,5.0,3674468054.0
faint_shared,J1003+0458,15.0,5.0,2186536606.0
faint_shared,J1003+0458,16.0,5.0,1766473717.0
faint_shared,J1003+0458,17.0,5.0,1388040448.0
faint_shared,J1003+0458,18.0,5.0,2794186770.0
faint_shared,J1003+0458,19.0,5.0,2336613559.0
faint_shared,J1003+0458,20.0,5.0,3405445881.0
faint_shared,J1003+0458,21.0,5.0,2440373794.0
faint_shared,J1003+0458,22.0,5.0,1243761596.0
faint_shared,J1003+0458,23.0,5.0,4110230888.0
faint_shared,J1003+0458,24.0,5.0,807463890.0
faint_shared,J1003+0458,25.0,5.0,1203864327.0
faint_shared,J1003+0458,26.0,5.0,2989910260.0
faint_shared,J1003+0458,27.0,5.0,213863438.0
faint_shared,J1003+0458,28.0,5.0,152544869.0
faint_shared,J1003+0458,29.0,5.0,3388207691.0
faint_shared,J1003+0458,30.0,5.0,3386417321.0
faint_shared,J1003+0458,31.0,5.0,4266354357.0
faint_shared,J1003+0458,32.0,5.0,3063267809.0
faint_shared,J1003+0458,33.0,5.0,649865991.0
faint_shared,J1003+0458,34.0,5.0,812201613.0
faint_shared,J1003+0458,35.0,5.0,2613200621.0
faint_shared,J1003+0458,36.0,5.0,1180778949.0
faint_shared,J1003+0458,37.0,5.0,1150220158.0
faint_shared,J1003+0458,38.0,5.0,1420303205.0
faint_shared,J1003+0458,39.0,5.0,2223400165.0
faint_shared,J1003+0458,40.0,5.0,1815983400.0
faint_shared,J1003+0458,41.0,5.0,983261115.0
faint_shared,J1003+0458,42.0,5.0,1471849110.0
faint_shared,J1003+0458,43.0,5.0,2655342326.0
faint_shared,J1003+0458,44.0,5.0,4285063281.0
faint_shared,J1003+0458,45.0,5.0,3268291787.0
faint_shared,J1003+0458,46.0,5.0,712248380.0
faint_shared,J1003+0458,47.0,5.0,62541712.0
faint_shared,J1003+0458,48.0,5.0,735928179.0
faint_shared,J1003+0458,49.0,5.0,2940135051.0
faint_shared,J1009+3539,0.0,10.0,2191557631.0
faint_shared,J1009+3539,1.0,10.0,3770501480.0
faint_shared,J1009+3539,2.0,10.0,2593993338.0
faint_shared,J1009+3539,3.0,10.0,2038482509.0
faint_shared,J1009+3539,4.0,10.0,3147001101.0
faint_shared,J1009+3539,5.0,10.0,3721016217.0
faint_shared,J1009+3539,6.0,10.0,734405059.0
faint_shared,J1009+3539,7.0,10.0,3926567359.0
faint_shared,J1009+3539,8.0,10.0,3505373185.0
faint_shared,J1009+3539,9.0,10.0,1578070439.0
faint_shared,J1009+3539,10.0,10.0,4149566378.0
faint_shared,J1009+3539,11.0,10.0,2154743459.0
faint_shared,J1009+3539,12.0,10.0,3863966546.0
faint_shared,J1009+3539,13.0,10.0,1351070804.0
faint_shared,J1009+3539,14.0,10.0,2532076787.0
faint_shared,J1009+3539,15.0,10.0,237402816.0
faint_shared,J1009+3539,16.0,10.0,4214252296.0
faint_shared,J1009+3539,17.0,10.0,167670165.0
faint_shared,J1009+3539,18.0,10.0,2214128095.0
faint_shared,J1009+3539,19.0,10.0,1608081320.0
faint_shared,J1009+3539,20.0,10.0,777457175.0
faint_shared,J1009+3539,21.0,10.0,2482455345.0
faint_shared,J1009+3539,22.0,10.0,540516803.0
faint_shared,J1009+3539,23.0,10.0,1183540267.0
faint_shared,J1009+3539,24.0,10.0,3200958956.0
faint_shared,J1009+3539,25.0,10.0,1657182993.0
faint_shared,J1009+3539,26.0,10.0,844943657.0
faint_shared,J1009+3539,27.0,10.0,2009500227.0
faint_shared,J1009+3539,28.0,10.0,153692586.0
faint_shared,J1009+3539,29.0,10.0,1725202856.0
faint_shared,J1009+3539,30.0,10.0,2605677112.0
faint_shared,J1009+3539,31.0,10.0,3207539472.0
faint_shared,J1009+3539,32.0,10.0,2200636785.0
faint_shared,J1009+3539,33.0,10.0,224011381.0
faint_shared,J1009+3539,34.0,10.0,2734590394.0
faint_shared,J1009+3539,35.0,10.0,690672915.0
faint_shared,J1009+3539,36.0,10.0,331145675.0
faint_shared,J1009+3539,37.0,10.0,607703552.0
faint_shared,J1009+3539,38.0,10.0,2859856245.0
faint_shared,J1009+3539,39.0,10.0,2843400509.0
faint_shared,J1009+3539,40.0,10.0,2252656338.0
faint_shared,J1009+3539,41.0,10.0,1762725240.0
faint_shared,J1009+3539,42.0,10.0,2889868883.0
faint_shared,J1009+3539,43.0,10.0,3991675590.0
faint_shared,J1009+3539,44.0,10.0,1289090120.0
faint_shared,J1009+3539,45.0,10.0,2432067892.0
faint_shared,J1009+3539,46.0,10.0,3885658731.0
faint_shared,J1009+3539,47.0,10.0,1246514198.0
faint_shared,J1009+3539,48.0,10.0,1109779079.0
faint_shared,J1009+3539,49.0,10.0,2385534678.0
faint_shared,J1009+3539,0.0,5.0,3404144411.0
faint_shared,J1009+3539,1.0,5.0,3480614739.0
faint_shared,J1009+3539,2.0,5.0,707307349.0
faint_shared,J1009+3539,3.0,5.0,4043965328.0
faint_shared,J1009+3539,4.0,5.0,3028460600.0
faint_shared,J1009+3539,5.0,5.0,1246870236.0
faint_shared,J1009+3539,6.0,5.0,1182623614.0
faint_shared,J1009+3539,7.0,5.0,461984608.0
faint_shared,J1009+3539,8.0,5.0,703603754.0
faint_shared,J1009+3539,9.0,5.0,3078783596.0
faint_shared,J1009+3539,10.0,5.0,2856296973.0
faint_shared,J1009+3539,11.0,5.0,3998425087.0
faint_shared,J1009+3539,12.0,5.0,1466031823.0
faint_shared,J1009+3539,13.0,5.0,2008232860.0
faint_shared,J1009+3539,14.0,5.0,1990290161.0
faint_shared,J1009+3539,15.0,5.0,4055399817.0
faint_shared,J1009+3539,16.0,5.0,1524545160.0
faint_shared,J1009+3539,17.0,5.0,197304277.0
faint_shared,J1009+3539,18.0,5.0,1430743922.0
faint_shared,J1009+3539,19.0,5.0,3857279542.0
faint_shared,J1009+3539,20.0,5.0,1865688942.0
faint_shared,J1009+3539,21.0,5.0,4048749165.0
faint_shared,J1009+3539,22.0,5.0,755544031.0
faint_shared,J1009+3539,23.0,5.0,2688304343.0
faint_shared,J1009+3539,24.0,5.0,2767469904.0
faint_shared,J1009+3539,25.0,5.0,231369519.0
faint_shared,J1009+3539,26.0,5.0,2508699551.0
faint_shared,J1009+3539,27.0,5.0,3842318152.0
faint_shared,J1009+3539,28.0,5.0,2147721398.0
faint_shared,J1009+3539,29.0,5.0,787571354.0
faint_shared,J1009+3539,30.0,5.0,4119273472.0
faint_shared,J1009+3539,31.0,5.0,4061543549.0
faint_shared,J1009+3539,32.0,5.0,1714192193.0
faint_shared,J1009+3539,33.0,5.0,567647822.0
faint_shared,J1009+3539,34.0,5.0,3256754503.0
faint_shared,J1009+3539,35.0,5.0,2121893154.0
faint_shared,J1009+3539,36.0,5.0,1322739494.0
faint_shared,J1009+3539,37.0,5.0,3593904559.0
faint_shared,J1009+3539,38.0,5.0,154866001.0
faint_shared,J1009+3539,39.0,5.0,3981663749.0
faint_shared,J1009+3539,40.0,5.0,1634743987.0
faint_shared,J1009+3539,41.0,5.0,619582629.0
faint_shared,J1009+3539,42.0,5.0,2473766059.0
faint_shared,J1009+3539,43.0,5.0,409901085.0
faint_shared,J1009+3539,44.0,5.0,655458367.0
faint_shared,J1009+3539,45.0,5.0,4283723159.0
faint_shared,J1009+3539,46.0,5.0,2313221160.0
faint_shared,J1009+3539,47.0,5.0,2526076365.0
faint_shared,J1009+3539,48.0,5.0,2260172421.0
faint_shared,J1009+3539,49.0,5.0,899098834.0
faint_shared,J101403.44+193609.1,0.0,5.0,921359381.0
faint_shared,J101403.44+193609.1,1.0,5.0,846779887.0
faint_shared,J101403.44+193609.1,2.0,5.0,3782073958.0
faint_shared,J101403.44+193609.1,3.0,5.0,539434185.0
faint_shared,J101403.44+193609.1,4.0,5.0,1340181237.0
faint_shared,J101403.44+193609.1,5.0,5.0,2976646402.0
faint_shared,J101403.44+193609.1,6.0,5.0,1703839473.0
faint_shared,J101403.44+193609.1,7.0,5.0,2907395637.0
faint_shared,J101403.44+193609.1,8.0,5.0,4215840760.0
faint_shared,J101403.44+193609.1,9.0,5.0,1355658519.0
faint_shared,J101403.44+193609.1,10.0,5.0,4052128464.0
faint_shared,J101403.44+193609.1,11.0,5.0,2804460482.0
faint_shared,J101403.44+193609.1,12.0,5.0,1476763559.0
faint_shared,J101403.44+193609.1,13.0,5.0,2457791869.0
faint_shared,J101403.44+193609.1,14.0,5.0,1513793011.0
faint_shared,J101403.44+193609.1,15.0,5.0,3486381576.0
faint_shared,J101403.44+193609.1,16.0,5.0,2366129131.0
faint_shared,J101403.44+193609.1,17.0,5.0,2553447891.0
faint_shared,J101403.44+193609.1,18.0,5.0,2369443515.0
faint_shared,J101403.44+193609.1,19.0,5.0,2509963390.0
faint_shared,J101403.44+193609.1,20.0,5.0,1756811631.0
faint_shared,J101403.44+193609.1,21.0,5.0,3760806507.0
faint_shared,J101403.44+193609.1,22.0,5.0,25309495.0
faint_shared,J101403.44+193609.1,23.0,5.0,29331753.0
faint_shared,J101403.44+193609.1,24.0,5.0,2031762779.0
faint_shared,J101403.44+193609.1,25.0,5.0,3106487920.0
faint_shared,J101403.44+193609.1,26.0,5.0,3743602251.0
faint_shared,J101403.44+193609.1,27.0,5.0,819403532.0
faint_shared,J101403.44+193609.1,28.0,5.0,4160818895.0
faint_shared,J101403.44+193609.1,29.0,5.0,3081170404.0
faint_shared,J101403.44+193609.1,30.0,5.0,333388482.0
faint_shared,J101403.44+193609.1,31.0,5.0,4072542057.0
faint_shared,J101403.44+193609.1,32.0,5.0,3586557391.0
faint_shared,J101403.44+193609.1,33.0,5.0,2861958495.0
faint_shared,J101403.44+193609.1,34.0,5.0,3806935312.0
faint_shared,J101403.44+193609.1,35.0,5.0,1340367173.0
faint_shared,J101403.44+193609.1,36.0,5.0,3705802461.0
faint_shared,J101403.44+193609.1,37.0,5.0,1047013970.0
faint_shared,J101403.44+193609.1,38.0,5.0,301717004.0
faint_shared,J101403.44+193609.1,39.0,5.0,993021703.0
faint_shared,J101403.44+193609.1,40.0,5.0,3063877940.0
faint_shared,J101403.44+193609.1,41.0,5.0,514776521.0
faint_shared,J101403.44+193609.1,42.0,5.0,2153157393.0
faint_shared,J101403.44+193609.1,43.0,5.0,2204774606.0
faint_shared,J101403.44+193609.1,44.0,5.0,1042062978.0
faint_shared,J101403.44+193609.1,45.0,5.0,2995558309.0
faint_shared,J101403.44+193609.1,46.0,5.0,2439394547.0
faint_shared,J101403.44+193609.1,47.0,5.0,2449837040.0
faint_shared,J101403.44+193609.1,48.0,5.0,2315050298.0
faint_shared,J101403.44+193609.1,49.0,5.0,2348534842.0
faint_shared,J101417.87+351106.8,0.0,5.0,4260546898.0
faint_shared,J101417.87+351106.8,1.0,5.0,3814339555.0
faint_shared,J101417.87+351106.8,2.0,5.0,3448165076.0
faint_shared,J101417.87+351106.8,3.0,5.0,624935869.0
faint_shared,J101417.87+351106.8,4.0,5.0,4017376813.0
faint_shared,J101417.87+351106.8,5.0,5.0,1399958746.0
faint_shared,J101417.87+351106.8,6.0,5.0,242253371.0
faint_shared,J101417.87+351106.8,7.0,5.0,2044530539.0
faint_shared,J101417.87+351106.8,8.0,5.0,1948676334.0
faint_shared,J101417.87+351106.8,9.0,5.0,855928018.0
faint_shared,J101417.87+351106.8,10.0,5.0,1061997624.0
faint_shared,J101417.87+351106.8,11.0,5.0,1996081554.0
faint_shared,J101417.87+351106.8,12.0,5.0,3089921699.0
faint_shared,J101417.87+351106.8,13.0,5.0,90158653.0
faint_shared,J101417.87+351106.8,14.0,5.0,1657613181.0
faint_shared,J101417.87+351106.8,15.0,5.0,1005148125.0
faint_shared,J101417.87+351106.8,16.0,5.0,3003295272.0
faint_shared,J101417.87+351106.8,17.0,5.0,843027632.0
faint_shared,J101417.87+351106.8,18.0,5.0,2508218220.0
faint_shared,J101417.87+351106.8,19.0,5.0,3644896403.0
faint_shared,J101417.87+351106.8,20.0,5.0,2871986186.0
faint_shared,J101417.87+351106.8,21.0,5.0,3649861333.0
faint_shared,J101417.87+351106.8,22.0,5.0,1557482385.0
faint_shared,J101417.87+351106.8,23.0,5.0,204146800.0
faint_shared,J101417.87+351106.8,24.0,5.0,736817450.0
faint_shared,J101417.87+351106.8,25.0,5.0,2672463944.0
faint_shared,J101417.87+351106.8,26.0,5.0,1672830841.0
faint_shared,J101417.87+351106.8,27.0,5.0,841906181.0
faint_shared,J101417.87+351106.8,28.0,5.0,2802171997.0
faint_shared,J101417.87+351106.8,29.0,5.0,413006709.0
faint_shared,J101417.87+351106.8,30.0,5.0,2261959467.0
faint_shared,J101417.87+351106.8,31.0,5.0,2407044032.0
faint_shared,J101417.87+351106.8,32.0,5.0,575618276.0
faint_shared,J101417.87+351106.8,33.0,5.0,3037345712.0
faint_shared,J101417.87+351106.8,34.0,5.0,1859484734.0
faint_shared,J101417.87+351106.8,35.0,5.0,2939470443.0
faint_shared,J101417.87+351106.8,36.0,5.0,4017018698.0
faint_shared,J101417.87+351106.8,37.0,5.0,2789805341.0
faint_shared,J101417.87+351106.8,38.0,5.0,777106710.0
faint_shared,J101417.87+351106.8,39.0,5.0,49840984.0
faint_shared,J101417.87+351106.8,40.0,5.0,1461976662.0
faint_shared,J101417.87+351106.8,41.0,5.0,4039915561.0
faint_shared,J101417.87+351106.8,42.0,5.0,3703827738.0
faint_shared,J101417.87+351106.8,43.0,5.0,3877553466.0
faint_shared,J101417.87+351106.8,44.0,5.0,4039182261.0
faint_shared,J101417.87+351106.8,45.0,5.0,1488864982.0
faint_shared,J101417.87+351106.8,46.0,5.0,1404084725.0
faint_shared,J101417.87+351106.8,47.0,5.0,3275458225.0
faint_shared,J101417.87+351106.8,48.0,5.0,1925243770.0
faint_shared,J101417.87+351106.8,49.0,5.0,1690178549.0
faint_shared,J104043.38+273518.9,0.0,5.0,1568687173.0
faint_shared,J104043.38+273518.9,1.0,5.0,3636891347.0
faint_shared,J104043.38+273518.9,2.0,5.0,118520188.0
faint_shared,J104043.38+273518.9,3.0,5.0,4013757527.0
faint_shared,J104043.38+273518.9,4.0,5.0,3677094735.0
faint_shared,J104043.38+273518.9,5.0,5.0,307678969.0
faint_shared,J104043.38+273518.9,6.0,5.0,2118765258.0
faint_shared,J104043.38+273518.9,7.0,5.0,4015830076.0
faint_shared,J104043.38+273518.9,8.0,5.0,304699308.0
faint_shared,J104043.38+273518.9,9.0,5.0,2826420642.0
faint_shared,J104043.38+273518.9,10.0,5.0,1877929161.0
faint_shared,J104043.38+273518.9,11.0,5.0,1114821465.0
faint_shared,J104043.38+273518.9,12.0,5.0,3157097750.0
faint_shared,J104043.38+273518.9,13.0,5.0,1030384262.0
faint_shared,J104043.38+273518.9,14.0,5.0,1642083915.0
faint_shared,J104043.38+273518.9,15.0,5.0,3844327666.0
faint_shared,J104043.38+273518.9,16.0,5.0,1610687317.0
faint_shared,J104043.38+273518.9,17.0,5.0,1067852579.0
faint_shared,J104043.38+273518.9,18.0,5.0,3912397420.0
faint_shared,J104043.38+273518.9,19.0,5.0,3506441132.0
faint_shared,J104043.38+273518.9,20.0,5.0,2915552003.0
faint_shared,J104043.38+273518.9,21.0,5.0,3326245527.0
faint_shared,J104043.38+273518.9,22.0,5.0,3691582768.0
faint_shared,J104043.38+273518.9,23.0,5.0,1096018151.0
faint_shared,J104043.38+273518.9,24.0,5.0,3593015559.0
faint_shared,J104043.38+273518.9,25.0,5.0,599046055.0
faint_shared,J104043.38+273518.9,26.0,5.0,2430322464.0
faint_shared,J104043.38+273518.9,27.0,5.0,605037839.0
faint_shared,J104043.38+273518.9,28.0,5.0,609307944.0
faint_shared,J104043.38+273518.9,29.0,5.0,3200352228.0
faint_shared,J104043.38+273518.9,30.0,5.0,331421669.0
faint_shared,J104043.38+273518.9,31.0,5.0,200108291.0
faint_shared,J104043.38+273518.9,32.0,5.0,2552246458.0
faint_shared,J104043.38+273518.9,33.0,5.0,1328727185.0
faint_shared,J104043.38+273518.9,34.0,5.0,1551685717.0
faint_shared,J104043.38+273518.9,35.0,5.0,4085056349.0
faint_shared,J104043.38+273518.9,36.0,5.0,392820214.0
faint_shared,J104043.38+273518.9,37.0,5.0,3173558426.0
faint_shared,J104043.38+273518.9,38.0,5.0,537459611.0
faint_shared,J104043.38+273518.9,39.0,5.0,1074566693.0
faint_shared,J104043.38+273518.9,40.0,5.0,2557622428.0
faint_shared,J104043.38+273518.9,41.0,5.0,3112836789.0
faint_shared,J104043.38+273518.9,42.0,5.0,2354931697.0
faint_shared,J104043.38+273518.9,43.0,5.0,242773803.0
faint_shared,J104043.38+273518.9,44.0,5.0,2581158936.0
faint_shared,J104043.38+273518.9,45.0,5.0,3782321728.0
faint_shared,J104043.38+273518.9,46.0,5.0,1871152973.0
faint_shared,J104043.38+273518.9,47.0,5.0,4104242722.0
faint_shared,J104043.38+273518.9,48.0,5.0,3077066732.0
faint_shared,J104043.38+273518.9,49.0,5.0,528338482.0
faint_shared,J104111.56+555142.4,0.0,5.0,4066931952.0
faint_shared,J104111.56+555142.4,1.0,5.0,817278555.0
faint_shared,J104111.56+555142.4,2.0,5.0,1110624479.0
faint_shared,J104111.56+555142.4,3.0,5.0,3740356077.0
faint_shared,J104111.56+555142.4,4.0,5.0,2114461634.0
faint_shared,J104111.56+555142.4,5.0,5.0,1384733080.0
faint_shared,J104111.56+555142.4,6.0,5.0,3789697629.0
faint_shared,J104111.56+555142.4,7.0,5.0,688372935.0
faint_shared,J104111.56+555142.4,8.0,5.0,726229099.0
faint_shared,J104111.56+555142.4,9.0,5.0,2516343056.0
faint_shared,J104111.56+555142.4,10.0,5.0,1791332822.0
faint_shared,J104111.56+555142.4,11.0,5.0,2239877990.0
faint_shared,J104111.56+555142.4,12.0,5.0,3926280045.0
faint_shared,J104111.56+555142.4,13.0,5.0,3253138269.0
faint_shared,J104111.56+555142.4,14.0,5.0,1847310159.0
faint_shared,J104111.56+555142.4,15.0,5.0,3705708085.0
faint_shared,J104111.56+555142.4,16.0,5.0,2057401567.0
faint_shared,J104111.56+555142.4,17.0,5.0,4168099677.0
faint_shared,J104111.56+555142.4,18.0,5.0,3451823338.0
faint_shared,J104111.56+555142.4,19.0,5.0,1342760923.0
faint_shared,J104111.56+555142.4,20.0,5.0,1674309103.0
faint_shared,J104111.56+555142.4,21.0,5.0,1791547880.0
faint_shared,J104111.56+555142.4,22.0,5.0,1257356512.0
faint_shared,J104111.56+555142.4,23.0,5.0,250655734.0
faint_shared,J104111.56+555142.4,24.0,5.0,415198740.0
faint_shared,J104111.56+555142.4,25.0,5.0,1683345008.0
faint_shared,J104111.56+555142.4,26.0,5.0,2345054246.0
faint_shared,J104111.56+555142.4,27.0,5.0,1250680640.0
faint_shared,J104111.56+555142.4,28.0,5.0,2801946662.0
faint_shared,J104111.56+555142.4,29.0,5.0,531927465.0
faint_shared,J104111.56+555142.4,30.0,5.0,2585240673.0
faint_shared,J104111.56+555142.4,31.0,5.0,2558873438.0
faint_shared,J104111.56+555142.4,32.0,5.0,4046263912.0
faint_shared,J104111.56+555142.4,33.0,5.0,2402385326.0
faint_shared,J104111.56+555142.4,34.0,5.0,3393236588.0
faint_shared,J104111.56+555142.4,35.0,5.0,746593598.0
faint_shared,J104111.56+555142.4,36.0,5.0,2385852961.0
faint_shared,J104111.56+555142.4,37.0,5.0,3823896198.0
faint_shared,J104111.56+555142.4,38.0,5.0,2717592461.0
faint_shared,J104111.56+555142.4,39.0,5.0,445753893.0
faint_shared,J104111.56+555142.4,40.0,5.0,272423080.0
faint_shared,J104111.56+555142.4,41.0,5.0,1721509972.0
faint_shared,J104111.56+555142.4,42.0,5.0,418935418.0
faint_shared,J104111.56+555142.4,43.0,5.0,3957881107.0
faint_shared,J104111.56+555142.4,44.0,5.0,3565331716.0
faint_shared,J104111.56+555142.4,45.0,5.0,1598513825.0
faint_shared,J104111.56+555142.4,46.0,5.0,1204365534.0
faint_shared,J104111.56+555142.4,47.0,5.0,450345577.0
faint_shared,J104111.56+555142.4,48.0,5.0,969045053.0
faint_shared,J104111.56+555142.4,49.0,5.0,4199545671.0
faint_shared,J104427.75+271806.3,0.0,10.0,3770643154.0
faint_shared,J104427.75+271806.3,1.0,10.0,1373156684.0
faint_shared,J104427.75+271806.3,2.0,10.0,3782504520.0
faint_shared,J104427.75+271806.3,3.0,10.0,2422397088.0
faint_shared,J104427.75+271806.3,4.0,10.0,3513831202.0
faint_shared,J104427.75+271806.3,5.0,10.0,3761205226.0
faint_shared,J104427.75+271806.3,6.0,10.0,864027338.0
faint_shared,J104427.75+271806.3,7.0,10.0,2039780043.0
faint_shared,J104427.75+271806.3,8.0,10.0,1717721098.0
faint_shared,J104427.75+271806.3,9.0,10.0,2362407642.0
faint_shared,J104427.75+271806.3,10.0,10.0,3527722854.0
faint_shared,J104427.75+271806.3,11.0,10.0,1749291865.0
faint_shared,J104427.75+271806.3,12.0,10.0,2545113356.0
faint_shared,J104427.75+271806.3,13.0,10.0,3606629728.0
faint_shared,J104427.75+271806.3,14.0,10.0,3950653106.0
faint_shared,J104427.75+271806.3,15.0,10.0,3957544301.0
faint_shared,J104427.75+271806.3,16.0,10.0,1246054834.0
faint_shared,J104427.75+271806.3,17.0,10.0,3447549529.0
faint_shared,J104427.75+271806.3,18.0,10.0,3485304366.0
faint_shared,J104427.75+271806.3,19.0,10.0,2508728563.0
faint_shared,J104427.75+271806.3,20.0,10.0,195725699.0
faint_shared,J104427.75+271806.3,21.0,10.0,2258152031.0
faint_shared,J104427.75+271806.3,22.0,10.0,527274599.0
faint_shared,J104427.75+271806.3,23.0,10.0,2176420589.0
faint_shared,J104427.75+271806.3,24.0,10.0,3921603216.0
faint_shared,J104427.75+271806.3,25.0,10.0,999885704.0
faint_shared,J104427.75+271806.3,26.0,10.0,314593024.0
faint_shared,J104427.75+271806.3,27.0,10.0,3576450803.0
faint_shared,J104427.75+271806.3,28.0,10.0,3117755006.0
faint_shared,J104427.75+271806.3,29.0,10.0,698618237.0
faint_shared,J104427.75+271806.3,30.0,10.0,1930577097.0
faint_shared,J104427.75+271806.3,31.0,10.0,2810730920.0
faint_shared,J104427.75+271806.3,32.0,10.0,4277964833.0
faint_shared,J104427.75+271806.3,33.0,10.0,2373425170.0
faint_shared,J104427.75+271806.3,34.0,10.0,545620377.0
faint_shared,J104427.75+271806.3,35.0,10.0,1510140698.0
faint_shared,J104427.75+271806.3,36.0,10.0,331935165.0
faint_shared,J104427.75+271806.3,37.0,10.0,580782683.0
faint_shared,J104427.75+271806.3,38.0,10.0,3995500727.0
faint_shared,J104427.75+271806.3,39.0,10.0,3515223636.0
faint_shared,J104427.75+271806.3,40.0,10.0,3188155613.0
faint_shared,J104427.75+271806.3,41.0,10.0,2140845529.0
faint_shared,J104427.75+271806.3,42.0,10.0,627075866.0
faint_shared,J104427.75+271806.3,43.0,10.0,3012000113.0
faint_shared,J104427.75+271806.3,44.0,10.0,1407367152.0
faint_shared,J104427.75+271806.3,45.0,10.0,3140682807.0
faint_shared,J104427.75+271806.3,46.0,10.0,2610508990.0
faint_shared,J104427.75+271806.3,47.0,10.0,989845721.0
faint_shared,J104427.75+271806.3,48.0,10.0,285842665.0
faint_shared,J104427.75+271806.3,49.0,10.0,1285550775.0
faint_shared,J104427.75+271806.3,0.0,5.0,2711533231.0
faint_shared,J104427.75+271806.3,1.0,5.0,3408447909.0
faint_shared,J104427.75+271806.3,2.0,5.0,341616251.0
faint_shared,J104427.75+271806.3,3.0,5.0,2704783778.0
faint_shared,J104427.75+271806.3,4.0,5.0,2467594449.0
faint_shared,J104427.75+271806.3,5.0,5.0,2850431219.0
faint_shared,J104427.75+271806.3,6.0,5.0,3588441922.0
faint_shared,J104427.75+271806.3,7.0,5.0,1900940687.0
faint_shared,J104427.75+271806.3,8.0,5.0,2627494262.0
faint_shared,J104427.75+271806.3,9.0,5.0,303860812.0
faint_shared,J104427.75+271806.3,10.0,5.0,909596533.0
faint_shared,J104427.75+271806.3,11.0,5.0,1142117678.0
faint_shared,J104427.75+271806.3,12.0,5.0,2188244570.0
faint_shared,J104427.75+271806.3,13.0,5.0,1043500142.0
faint_shared,J104427.75+271806.3,14.0,5.0,1499125810.0
faint_shared,J104427.75+271806.3,15.0,5.0,2880014756.0
faint_shared,J104427.75+271806.3,16.0,5.0,3809658427.0
faint_shared,J104427.75+271806.3,17.0,5.0,992000878.0
faint_shared,J104427.75+271806.3,18.0,5.0,3374805190.0
faint_shared,J104427.75+271806.3,19.0,5.0,3688614263.0
faint_shared,J104427.75+271806.3,20.0,5.0,734307841.0
faint_shared,J104427.75+271806.3,21.0,5.0,2794910762.0
faint_shared,J104427.75+271806.3,22.0,5.0,2922239634.0
faint_shared,J104427.75+271806.3,23.0,5.0,249759710.0
faint_shared,J104427.75+271806.3,24.0,5.0,849193887.0
faint_shared,J104427.75+271806.3,25.0,5.0,307530742.0
faint_shared,J104427.75+271806.3,26.0,5.0,3688017297.0
faint_shared,J104427.75+271806.3,27.0,5.0,1770613648.0
faint_shared,J104427.75+271806.3,28.0,5.0,1516779698.0
faint_shared,J104427.75+271806.3,29.0,5.0,2500837855.0
faint_shared,J104427.75+271806.3,30.0,5.0,1502812561.0
faint_shared,J104427.75+271806.3,31.0,5.0,849636097.0
faint_shared,J104427.75+271806.3,32.0,5.0,3466209031.0
faint_shared,J104427.75+271806.3,33.0,5.0,899064250.0
faint_shared,J104427.75+271806.3,34.0,5.0,3241930940.0
faint_shared,J104427.75+271806.3,35.0,5.0,184622352.0
faint_shared,J104427.75+271806.3,36.0,5.0,3517842843.0
faint_shared,J104427.75+271806.3,37.0,5.0,363272587.0
faint_shared,J104427.75+271806.3,38.0,5.0,2189740258.0
faint_shared,J104427.75+271806.3,39.0,5.0,293353971.0
faint_shared,J104427.75+271806.3,40.0,5.0,3079041471.0
faint_shared,J104427.75+271806.3,41.0,5.0,346746092.0
faint_shared,J104427.75+271806.3,42.0,5.0,3579701591.0
faint_shared,J104427.75+271806.3,43.0,5.0,1016603088.0
faint_shared,J104427.75+271806.3,44.0,5.0,1270144274.0
faint_shared,J104427.75+271806.3,45.0,5.0,2718696082.0
faint_shared,J104427.75+271806.3,46.0,5.0,3919994229.0
faint_shared,J104427.75+271806.3,47.0,5.0,1645824730.0
faint_shared,J104427.75+271806.3,48.0,5.0,2884159469.0
faint_shared,J104427.75+271806.3,49.0,5.0,1224127690.0
faint_shared,J105233.83+454949.3,0.0,10.0,1821024278.0
faint_shared,J105233.83+454949.3,1.0,10.0,4003444763.0
faint_shared,J105233.83+454949.3,2.0,10.0,1450424094.0
faint_shared,J105233.83+454949.3,3.0,10.0,2398906701.0
faint_shared,J105233.83+454949.3,4.0,10.0,2249279279.0
faint_shared,J105233.83+454949.3,5.0,10.0,3914967147.0
faint_shared,J105233.83+454949.3,6.0,10.0,96189202.0
faint_shared,J105233.83+454949.3,7.0,10.0,2277340927.0
faint_shared,J105233.83+454949.3,8.0,10.0,1509704214.0
faint_shared,J105233.83+454949.3,9.0,10.0,4112254869.0
faint_shared,J105233.83+454949.3,10.0,10.0,2759689064.0
faint_shared,J105233.83+454949.3,11.0,10.0,3095405193.0
faint_shared,J105233.83+454949.3,12.0,10.0,3738556908.0
faint_shared,J105233.83+454949.3,13.0,10.0,2303702681.0
faint_shared,J105233.83+454949.3,14.0,10.0,4147834737.0
faint_shared,J105233.83+454949.3,15.0,10.0,1383507571.0
faint_shared,J105233.83+454949.3,16.0,10.0,1960362763.0
faint_shared,J105233.83+454949.3,17.0,10.0,4139097819.0
faint_shared,J105233.83+454949.3,18.0,10.0,1207087468.0
faint_shared,J105233.83+454949.3,19.0,10.0,69032559.0
faint_shared,J105233.83+454949.3,20.0,10.0,1352186705.0
faint_shared,J105233.83+454949.3,21.0,10.0,1842360767.0
faint_shared,J105233.83+454949.3,22.0,10.0,1071216230.0
faint_shared,J105233.83+454949.3,23.0,10.0,3680847927.0
faint_shared,J105233.83+454949.3,24.0,10.0,3409356456.0
faint_shared,J105233.83+454949.3,25.0,10.0,3787093751.0
faint_shared,J105233.83+454949.3,26.0,10.0,240186930.0
faint_shared,J105233.83+454949.3,27.0,10.0,444504070.0
faint_shared,J105233.83+454949.3,28.0,10.0,366502771.0
faint_shared,J105233.83+454949.3,29.0,10.0,3677411913.0
faint_shared,J105233.83+454949.3,30.0,10.0,1538873324.0
faint_shared,J105233.83+454949.3,31.0,10.0,3841721513.0
faint_shared,J105233.83+454949.3,32.0,10.0,754961775.0
faint_shared,J105233.83+454949.3,33.0,10.0,1324387311.0
faint_shared,J105233.83+454949.3,34.0,10.0,3261095010.0
faint_shared,J105233.83+454949.3,35.0,10.0,3040222737.0
faint_shared,J105233.83+454949.3,36.0,10.0,2968791130.0
faint_shared,J105233.83+454949.3,37.0,10.0,1575959235.0
faint_shared,J105233.83+454949.3,38.0,10.0,2047038428.0
faint_shared,J105233.83+454949.3,39.0,10.0,780633935.0
faint_shared,J105233.83+454949.3,40.0,10.0,3955930040.0
faint_shared,J105233.83+454949.3,41.0,10.0,2229051444.0
faint_shared,J105233.83+454949.3,42.0,10.0,2675896893.0
faint_shared,J105233.83+454949.3,43.0,10.0,3239375504.0
faint_shared,J105233.83+454949.3,44.0,10.0,1763609588.0
faint_shared,J105233.83+454949.3,45.0,10.0,3747183186.0
faint_shared,J105233.83+454949.3,46.0,10.0,1814263519.0
faint_shared,J105233.83+454949.3,47.0,10.0,1902689190.0
faint_shared,J105233.83+454949.3,48.0,10.0,629685078.0
faint_shared,J105233.83+454949.3,49.0,10.0,918620305.0
faint_shared,J105233.83+454949.3,0.0,5.0,3395362569.0
faint_shared,J105233.83+454949.3,1.0,5.0,2529186676.0
faint_shared,J105233.83+454949.3,2.0,5.0,2683517845.0
faint_shared,J105233.83+454949.3,3.0,5.0,2000064319.0
faint_shared,J105233.83+454949.3,4.0,5.0,4157454416.0
faint_shared,J105233.83+454949.3,5.0,5.0,1953689166.0
faint_shared,J105233.83+454949.3,6.0,5.0,969826536.0
faint_shared,J105233.83+454949.3,7.0,5.0,3855115408.0
faint_shared,J105233.83+454949.3,8.0,5.0,1509558850.0
faint_shared,J105233.83+454949.3,9.0,5.0,2526874786.0
faint_shared,J105233.83+454949.3,10.0,5.0,2198626551.0
faint_shared,J105233.83+454949.3,11.0,5.0,1436062973.0
faint_shared,J105233.83+454949.3,12.0,5.0,1325474728.0
faint_shared,J105233.83+454949.3,13.0,5.0,1601053649.0
faint_shared,J105233.83+454949.3,14.0,5.0,3598580113.0
faint_shared,J105233.83+454949.3,15.0,5.0,396253617.0
faint_shared,J105233.83+454949.3,16.0,5.0,3494475446.0
faint_shared,J105233.83+454949.3,17.0,5.0,2190091435.0
faint_shared,J105233.83+454949.3,18.0,5.0,4045764275.0
faint_shared,J105233.83+454949.3,19.0,5.0,3482395637.0
faint_shared,J105233.83+454949.3,20.0,5.0,3875307504.0
faint_shared,J105233.83+454949.3,21.0,5.0,3176518244.0
faint_shared,J105233.83+454949.3,22.0,5.0,3051645181.0
faint_shared,J105233.83+454949.3,23.0,5.0,1229422428.0
faint_shared,J105233.83+454949.3,24.0,5.0,3944955707.0
faint_shared,J105233.83+454949.3,25.0,5.0,571889451.0
faint_shared,J105233.83+454949.3,26.0,5.0,2419253721.0
faint_shared,J105233.83+454949.3,27.0,5.0,3747866925.0
faint_shared,J105233.83+454949.3,28.0,5.0,824558181.0
faint_shared,J105233.83+454949.3,29.0,5.0,3550209562.0
faint_shared,J105233.83+454949.3,30.0,5.0,4202037790.0
faint_shared,J105233.83+454949.3,31.0,5.0,2794232336.0
faint_shared,J105233.83+454949.3,32.0,5.0,1891181660.0
faint_shared,J105233.83+454949.3,33.0,5.0,3748041475.0
faint_shared,J105233.83+454949.3,34.0,5.0,2790114802.0
faint_shared,J105233.83+454949.3,35.0,5.0,3587085704.0
faint_shared,J105233.83+454949.3,36.0,5.0,2464611817.0
faint_shared,J105233.83+454949.3,37.0,5.0,1920762848.0
faint_shared,J105233.83+454949.3,38.0,5.0,3812306948.0
faint_shared,J105233.83+454949.3,39.0,5.0,1351062001.0
faint_shared,J105233.83+454949.3,40.0,5.0,3947229922.0
faint_shared,J105233.83+454949.3,41.0,5.0,2925228947.0
faint_shared,J105233.83+454949.3,42.0,5.0,4100925194.0
faint_shared,J105233.83+454949.3,43.0,5.0,2027657856.0
faint_shared,J105233.83+454949.3,44.0,5.0,1091536537.0
faint_shared,J105233.83+454949.3,45.0,5.0,633698969.0
faint_shared,J105233.83+454949.3,46.0,5.0,2627043421.0
faint_shared,J105233.83+454949.3,47.0,5.0,1508391213.0
faint_shared,J105233.83+454949.3,48.0,5.0,36915415.0
faint_shared,J105233.83+454949.3,49.0,5.0,2070184167.0
faint_shared,J1110+0804,0.0,10.0,3717049382.0
faint_shared,J1110+0804,1.0,10.0,667921006.0
faint_shared,J1110+0804,2.0,10.0,2869682456.0
faint_shared,J1110+0804,3.0,10.0,3400071398.0
faint_shared,J1110+0804,4.0,10.0,3648855485.0
faint_shared,J1110+0804,5.0,10.0,2077235885.0
faint_shared,J1110+0804,6.0,10.0,1874280209.0
faint_shared,J1110+0804,7.0,10.0,2050459054.0
faint_shared,J1110+0804,8.0,10.0,195418627.0
faint_shared,J1110+0804,9.0,10.0,4227770373.0
faint_shared,J1110+0804,10.0,10.0,526339762.0
faint_shared,J1110+0804,11.0,10.0,2097952882.0
faint_shared,J1110+0804,12.0,10.0,1125939337.0
faint_shared,J1110+0804,13.0,10.0,2677221307.0
faint_shared,J1110+0804,14.0,10.0,3838219915.0
faint_shared,J1110+0804,15.0,10.0,1019461433.0
faint_shared,J1110+0804,16.0,10.0,2696943055.0
faint_shared,J1110+0804,17.0,10.0,1994522752.0
faint_shared,J1110+0804,18.0,10.0,2964625153.0
faint_shared,J1110+0804,19.0,10.0,1286492011.0
faint_shared,J1110+0804,20.0,10.0,1980150525.0
faint_shared,J1110+0804,21.0,10.0,4125260772.0
faint_shared,J1110+0804,22.0,10.0,711709165.0
faint_shared,J1110+0804,23.0,10.0,4255389903.0
faint_shared,J1110+0804,24.0,10.0,2986704640.0
faint_shared,J1110+0804,25.0,10.0,3357341192.0
faint_shared,J1110+0804,26.0,10.0,618530786.0
faint_shared,J1110+0804,27.0,10.0,3998597151.0
faint_shared,J1110+0804,28.0,10.0,2186668221.0
faint_shared,J1110+0804,29.0,10.0,380090494.0
faint_shared,J1110+0804,30.0,10.0,3508025943.0
faint_shared,J1110+0804,31.0,10.0,3345740610.0
faint_shared,J1110+0804,32.0,10.0,2718351080.0
faint_shared,J1110+0804,33.0,10.0,2104278063.0
faint_shared,J1110+0804,34.0,10.0,1043545052.0
faint_shared,J1110+0804,35.0,10.0,3720710037.0
faint_shared,J1110+0804,36.0,10.0,3450297585.0
faint_shared,J1110+0804,37.0,10.0,1639928755.0
faint_shared,J1110+0804,38.0,10.0,1065146125.0
faint_shared,J1110+0804,39.0,10.0,2602425724.0
faint_shared,J1110+0804,40.0,10.0,1959498043.0
faint_shared,J1110+0804,41.0,10.0,1148749944.0
faint_shared,J1110+0804,42.0,10.0,1283729775.0
faint_shared,J1110+0804,43.0,10.0,4047535531.0
faint_shared,J1110+0804,44.0,10.0,3893232638.0
faint_shared,J1110+0804,45.0,10.0,350338332.0
faint_shared,J1110+0804,46.0,10.0,3492100650.0
faint_shared,J1110+0804,47.0,10.0,150709151.0
faint_shared,J1110+0804,48.0,10.0,71619048.0
faint_shared,J1110+0804,49.0,10.0,2642294130.0
faint_shared,J1110+0804,0.0,5.0,1631982903.0
faint_shared,J1110+0804,1.0,5.0,197247823.0
faint_shared,J1110+0804,2.0,5.0,3242492253.0
faint_shared,J1110+0804,3.0,5.0,4129478608.0
faint_shared,J1110+0804,4.0,5.0,348842458.0
faint_shared,J1110+0804,5.0,5.0,3262846198.0
faint_shared,J1110+0804,6.0,5.0,3943492367.0
faint_shared,J1110+0804,7.0,5.0,638541009.0
faint_shared,J1110+0804,8.0,5.0,412930059.0
faint_shared,J1110+0804,9.0,5.0,1791390837.0
faint_shared,J1110+0804,10.0,5.0,1628962890.0
faint_shared,J1110+0804,11.0,5.0,3329220486.0
faint_shared,J1110+0804,12.0,5.0,250147706.0
faint_shared,J1110+0804,13.0,5.0,4133589230.0
faint_shared,J1110+0804,14.0,5.0,93939596.0
faint_shared,J1110+0804,15.0,5.0,1864716460.0
faint_shared,J1110+0804,16.0,5.0,4067561237.0
faint_shared,J1110+0804,17.0,5.0,834809735.0
faint_shared,J1110+0804,18.0,5.0,1536633112.0
faint_shared,J1110+0804,19.0,5.0,3590671582.0
faint_shared,J1110+0804,20.0,5.0,677568347.0
faint_shared,J1110+0804,21.0,5.0,226390032.0
faint_shared,J1110+0804,22.0,5.0,1822256592.0
faint_shared,J1110+0804,23.0,5.0,2186778212.0
faint_shared,J1110+0804,24.0,5.0,761643883.0
faint_shared,J1110+0804,25.0,5.0,2385021149.0
faint_shared,J1110+0804,26.0,5.0,3963725366.0
faint_shared,J1110+0804,27.0,5.0,1339126849.0
faint_shared,J1110+0804,28.0,5.0,601695956.0
faint_shared,J1110+0804,29.0,5.0,729186278.0
faint_shared,J1110+0804,30.0,5.0,118491290.0
faint_shared,J1110+0804,31.0,5.0,2156184716.0
faint_shared,J1110+0804,32.0,5.0,1895083621.0
faint_shared,J1110+0804,33.0,5.0,4245515487.0
faint_shared,J1110+0804,34.0,5.0,925512139.0
faint_shared,J1110+0804,35.0,5.0,820924133.0
faint_shared,J1110+0804,36.0,5.0,1836820137.0
faint_shared,J1110+0804,37.0,5.0,1979477696.0
faint_shared,J1110+0804,38.0,5.0,960200314.0
faint_shared,J1110+0804,39.0,5.0,2591086060.0
faint_shared,J1110+0804,40.0,5.0,3544956421.0
faint_shared,J1110+0804,41.0,5.0,235108801.0
faint_shared,J1110+0804,42.0,5.0,3245313855.0
faint_shared,J1110+0804,43.0,5.0,3835279882.0
faint_shared,J1110+0804,44.0,5.0,3650260246.0
faint_shared,J1110+0804,45.0,5.0,4159315410.0
faint_shared,J1110+0804,46.0,5.0,1306433069.0
faint_shared,J1110+0804,47.0,5.0,2063121169.0
faint_shared,J1110+0804,48.0,5.0,4152793134.0
faint_shared,J1110+0804,49.0,5.0,2182236289.0
faint_shared,J112229.65+214815.6,0.0,10.0,356159951.0
faint_shared,J112229.65+214815.6,1.0,10.0,691877686.0
faint_shared,J112229.65+214815.6,2.0,10.0,3811528064.0
faint_shared,J112229.65+214815.6,3.0,10.0,949279645.0
faint_shared,J112229.65+214815.6,4.0,10.0,3212797364.0
faint_shared,J112229.65+214815.6,5.0,10.0,712360279.0
faint_shared,J112229.65+214815.6,6.0,10.0,2779852937.0
faint_shared,J112229.65+214815.6,7.0,10.0,4105903292.0
faint_shared,J112229.65+214815.6,8.0,10.0,4280620194.0
faint_shared,J112229.65+214815.6,9.0,10.0,410096703.0
faint_shared,J112229.65+214815.6,10.0,10.0,3807585725.0
faint_shared,J112229.65+214815.6,11.0,10.0,3923427244.0
faint_shared,J112229.65+214815.6,12.0,10.0,3739534866.0
faint_shared,J112229.65+214815.6,13.0,10.0,2269004860.0
faint_shared,J112229.65+214815.6,14.0,10.0,4099416469.0
faint_shared,J112229.65+214815.6,15.0,10.0,3381771411.0
faint_shared,J112229.65+214815.6,16.0,10.0,194372625.0
faint_shared,J112229.65+214815.6,17.0,10.0,566871318.0
faint_shared,J112229.65+214815.6,18.0,10.0,2349617249.0
faint_shared,J112229.65+214815.6,19.0,10.0,704510916.0
faint_shared,J112229.65+214815.6,20.0,10.0,1628705408.0
faint_shared,J112229.65+214815.6,21.0,10.0,3569580356.0
faint_shared,J112229.65+214815.6,22.0,10.0,2696192361.0
faint_shared,J112229.65+214815.6,23.0,10.0,1289654270.0
faint_shared,J112229.65+214815.6,24.0,10.0,4061104726.0
faint_shared,J112229.65+214815.6,25.0,10.0,555020898.0
faint_shared,J112229.65+214815.6,26.0,10.0,3916395612.0
faint_shared,J112229.65+214815.6,27.0,10.0,948369121.0
faint_shared,J112229.65+214815.6,28.0,10.0,1183196720.0
faint_shared,J112229.65+214815.6,29.0,10.0,2615532040.0
faint_shared,J112229.65+214815.6,30.0,10.0,2437493084.0
faint_shared,J112229.65+214815.6,31.0,10.0,3415324781.0
faint_shared,J112229.65+214815.6,32.0,10.0,1580673883.0
faint_shared,J112229.65+214815.6,33.0,10.0,274153686.0
faint_shared,J112229.65+214815.6,34.0,10.0,2204512325.0
faint_shared,J112229.65+214815.6,35.0,10.0,2014610754.0
faint_shared,J112229.65+214815.6,36.0,10.0,3349429740.0
faint_shared,J112229.65+214815.6,37.0,10.0,2827701205.0
faint_shared,J112229.65+214815.6,38.0,10.0,695044425.0
faint_shared,J112229.65+214815.6,39.0,10.0,542418038.0
faint_shared,J112229.65+214815.6,40.0,10.0,2537990098.0
faint_shared,J112229.65+214815.6,41.0,10.0,1651585392.0
faint_shared,J112229.65+214815.6,42.0,10.0,1729875765.0
faint_shared,J112229.65+214815.6,43.0,10.0,2703932896.0
faint_shared,J112229.65+214815.6,44.0,10.0,2407115273.0
faint_shared,J112229.65+214815.6,45.0,10.0,4022196550.0
faint_shared,J112229.65+214815.6,46.0,10.0,1148948668.0
faint_shared,J112229.65+214815.6,47.0,10.0,3033474683.0
faint_shared,J112229.65+214815.6,48.0,10.0,3777450175.0
faint_shared,J112229.65+214815.6,49.0,10.0,1499086764.0
faint_shared,J112229.65+214815.6,0.0,5.0,2963333218.0
faint_shared,J112229.65+214815.6,1.0,5.0,1785514548.0
faint_shared,J112229.65+214815.6,2.0,5.0,323783799.0
faint_shared,J112229.65+214815.6,3.0,5.0,3366944389.0
faint_shared,J112229.65+214815.6,4.0,5.0,2735672573.0
faint_shared,J112229.65+214815.6,5.0,5.0,3139428764.0
faint_shared,J112229.65+214815.6,6.0,5.0,621666693.0
faint_shared,J112229.65+214815.6,7.0,5.0,558944033.0
faint_shared,J112229.65+214815.6,8.0,5.0,1586117245.0
faint_shared,J112229.65+214815.6,9.0,5.0,419903861.0
faint_shared,J112229.65+214815.6,10.0,5.0,3469855670.0
faint_shared,J112229.65+214815.6,11.0,5.0,3567632284.0
faint_shared,J112229.65+214815.6,12.0,5.0,1084640809.0
faint_shared,J112229.65+214815.6,13.0,5.0,3888236333.0
faint_shared,J112229.65+214815.6,14.0,5.0,3392846540.0
faint_shared,J112229.65+214815.6,15.0,5.0,3634094616.0
faint_shared,J112229.65+214815.6,16.0,5.0,2683614823.0
faint_shared,J112229.65+214815.6,17.0,5.0,1877628060.0
faint_shared,J112229.65+214815.6,18.0,5.0,1053696652.0
faint_shared,J112229.65+214815.6,19.0,5.0,1082568464.0
faint_shared,J112229.65+214815.6,20.0,5.0,3428311363.0
faint_shared,J112229.65+214815.6,21.0,5.0,2019765947.0
faint_shared,J112229.65+214815.6,22.0,5.0,3060450057.0
faint_shared,J112229.65+214815.6,23.0,5.0,857830664.0
faint_shared,J112229.65+214815.6,24.0,5.0,2139159490.0
faint_shared,J112229.65+214815.6,25.0,5.0,3062016252.0
faint_shared,J112229.65+214815.6,26.0,5.0,1611150608.0
faint_shared,J112229.65+214815.6,27.0,5.0,1943428364.0
faint_shared,J112229.65+214815.6,28.0,5.0,2351757026.0
faint_shared,J112229.65+214815.6,29.0,5.0,3946072711.0
faint_shared,J112229.65+214815.6,30.0,5.0,2915394799.0
faint_shared,J112229.65+214815.6,31.0,5.0,2248494753.0
faint_shared,J112229.65+214815.6,32.0,5.0,2475306973.0
faint_shared,J112229.65+214815.6,33.0,5.0,98229248.0
faint_shared,J112229.65+214815.6,34.0,5.0,3138197480.0
faint_shared,J112229.65+214815.6,35.0,5.0,2122309291.0
faint_shared,J112229.65+214815.6,36.0,5.0,4213075029.0
faint_shared,J112229.65+214815.6,37.0,5.0,2224830157.0
faint_shared,J112229.65+214815.6,38.0,5.0,1262996575.0
faint_shared,J112229.65+214815.6,39.0,5.0,1508751946.0
faint_shared,J112229.65+214815.6,40.0,5.0,2655905438.0
faint_shared,J112229.65+214815.6,41.0,5.0,1752397759.0
faint_shared,J112229.65+214815.6,42.0,5.0,4038621621.0
faint_shared,J112229.65+214815.6,43.0,5.0,2889809016.0
faint_shared,J112229.65+214815.6,44.0,5.0,285875807.0
faint_shared,J112229.65+214815.6,45.0,5.0,2912530196.0
faint_shared,J112229.65+214815.6,46.0,5.0,1938900079.0
faint_shared,J112229.65+214815.6,47.0,5.0,237189573.0
faint_shared,J112229.65+214815.6,48.0,5.0,3723011056.0
faint_shared,J112229.65+214815.6,49.0,5.0,2405440793.0
faint_shared,J113402.78+290403.9,0.0,5.0,3143857240.0
faint_shared,J113402.78+290403.9,1.0,5.0,294755577.0
faint_shared,J113402.78+290403.9,2.0,5.0,2140965679.0
faint_shared,J113402.78+290403.9,3.0,5.0,3506057976.0
faint_shared,J113402.78+290403.9,4.0,5.0,278069711.0
faint_shared,J113402.78+290403.9,5.0,5.0,1295378043.0
faint_shared,J113402.78+290403.9,6.0,5.0,3944490554.0
faint_shared,J113402.78+290403.9,7.0,5.0,1574313902.0
faint_shared,J113402.78+290403.9,8.0,5.0,667193089.0
faint_shared,J113402.78+290403.9,9.0,5.0,4239052473.0
faint_shared,J113402.78+290403.9,10.0,5.0,3402435743.0
faint_shared,J113402.78+290403.9,11.0,5.0,1143680950.0
faint_shared,J113402.78+290403.9,12.0,5.0,1946623243.0
faint_shared,J113402.78+290403.9,13.0,5.0,3292866321.0
faint_shared,J113402.78+290403.9,14.0,5.0,969864472.0
faint_shared,J113402.78+290403.9,15.0,5.0,1522273570.0
faint_shared,J113402.78+290403.9,16.0,5.0,1363464074.0
faint_shared,J113402.78+290403.9,17.0,5.0,2536417923.0
faint_shared,J113402.78+290403.9,18.0,5.0,3435863114.0
faint_shared,J113402.78+290403.9,19.0,5.0,1025202368.0
faint_shared,J113402.78+290403.9,20.0,5.0,2679198703.0
faint_shared,J113402.78+290403.9,21.0,5.0,1381683967.0
faint_shared,J113402.78+290403.9,22.0,5.0,1427795690.0
faint_shared,J113402.78+290403.9,23.0,5.0,2368255039.0
faint_shared,J113402.78+290403.9,24.0,5.0,3133357894.0
faint_shared,J113402.78+290403.9,25.0,5.0,372795085.0
faint_shared,J113402.78+290403.9,26.0,5.0,1938048522.0
faint_shared,J113402.78+290403.9,27.0,5.0,589723506.0
faint_shared,J113402.78+290403.9,28.0,5.0,2240379244.0
faint_shared,J113402.78+290403.9,29.0,5.0,156176279.0
faint_shared,J113402.78+290403.9,30.0,5.0,4193631409.0
faint_shared,J113402.78+290403.9,31.0,5.0,610881645.0
faint_shared,J113402.78+290403.9,32.0,5.0,3724838190.0
faint_shared,J113402.78+290403.9,33.0,5.0,603716987.0
faint_shared,J113402.78+290403.9,34.0,5.0,1524870292.0
faint_shared,J113402.78+290403.9,35.0,5.0,3368124069.0
faint_shared,J113402.78+290403.9,36.0,5.0,2508597443.0
faint_shared,J113402.78+290403.9,37.0,5.0,3707323796.0
faint_shared,J113402.78+290403.9,38.0,5.0,315407212.0
faint_shared,J113402.78+290403.9,39.0,5.0,2255731406.0
faint_shared,J113402.78+290403.9,40.0,5.0,1556244750.0
faint_shared,J113402.78+290403.9,41.0,5.0,1469347431.0
faint_shared,J113402.78+290403.9,42.0,5.0,3702971923.0
faint_shared,J113402.78+290403.9,43.0,5.0,374975440.0
faint_shared,J113402.78+290403.9,44.0,5.0,769771978.0
faint_shared,J113402.78+290403.9,45.0,5.0,3248833873.0
faint_shared,J113402.78+290403.9,46.0,5.0,3178113653.0
faint_shared,J113402.78+290403.9,47.0,5.0,94350787.0
faint_shared,J113402.78+290403.9,48.0,5.0,2090214082.0
faint_shared,J113402.78+290403.9,49.0,5.0,2562180944.0
faint_shared,J114154.47+063509.6,0.0,10.0,418191218.0
faint_shared,J114154.47+063509.6,1.0,10.0,3524622768.0
faint_shared,J114154.47+063509.6,2.0,10.0,3362270498.0
faint_shared,J114154.47+063509.6,3.0,10.0,882153425.0
faint_shared,J114154.47+063509.6,4.0,10.0,1017505864.0
faint_shared,J114154.47+063509.6,5.0,10.0,325484135.0
faint_shared,J114154.47+063509.6,6.0,10.0,3733661827.0
faint_shared,J114154.47+063509.6,7.0,10.0,1048552236.0
faint_shared,J114154.47+063509.6,8.0,10.0,3784131891.0
faint_shared,J114154.47+063509.6,9.0,10.0,1386859863.0
faint_shared,J114154.47+063509.6,10.0,10.0,4059876006.0
faint_shared,J114154.47+063509.6,11.0,10.0,2623469380.0
faint_shared,J114154.47+063509.6,12.0,10.0,299490259.0
faint_shared,J114154.47+063509.6,13.0,10.0,1962588562.0
faint_shared,J114154.47+063509.6,14.0,10.0,4039322639.0
faint_shared,J114154.47+063509.6,15.0,10.0,668879661.0
faint_shared,J114154.47+063509.6,16.0,10.0,3212567363.0
faint_shared,J114154.47+063509.6,17.0,10.0,2160722287.0
faint_shared,J114154.47+063509.6,18.0,10.0,621315461.0
faint_shared,J114154.47+063509.6,19.0,10.0,2195706838.0
faint_shared,J114154.47+063509.6,20.0,10.0,1213167399.0
faint_shared,J114154.47+063509.6,21.0,10.0,2360868175.0
faint_shared,J114154.47+063509.6,22.0,10.0,3848835936.0
faint_shared,J114154.47+063509.6,23.0,10.0,2600701671.0
faint_shared,J114154.47+063509.6,24.0,10.0,795744801.0
faint_shared,J114154.47+063509.6,25.0,10.0,3326711718.0
faint_shared,J114154.47+063509.6,26.0,10.0,4001204045.0
faint_shared,J114154.47+063509.6,27.0,10.0,3782656471.0
faint_shared,J114154.47+063509.6,28.0,10.0,3586330991.0
faint_shared,J114154.47+063509.6,29.0,10.0,3336741379.0
faint_shared,J114154.47+063509.6,30.0,10.0,280912981.0
faint_shared,J114154.47+063509.6,31.0,10.0,173970535.0
faint_shared,J114154.47+063509.6,32.0,10.0,2146235502.0
faint_shared,J114154.47+063509.6,33.0,10.0,3050971830.0
faint_shared,J114154.47+063509.6,34.0,10.0,3980310098.0
faint_shared,J114154.47+063509.6,35.0,10.0,1989041726.0
faint_shared,J114154.47+063509.6,36.0,10.0,2352489531.0
faint_shared,J114154.47+063509.6,37.0,10.0,758681634.0
faint_shared,J114154.47+063509.6,38.0,10.0,3150076133.0
faint_shared,J114154.47+063509.6,39.0,10.0,3893005670.0
faint_shared,J114154.47+063509.6,40.0,10.0,3018786499.0
faint_shared,J114154.47+063509.6,41.0,10.0,4024912506.0
faint_shared,J114154.47+063509.6,42.0,10.0,2180776311.0
faint_shared,J114154.47+063509.6,43.0,10.0,243751355.0
faint_shared,J114154.47+063509.6,44.0,10.0,3704682508.0
faint_shared,J114154.47+063509.6,45.0,10.0,1680230204.0
faint_shared,J114154.47+063509.6,46.0,10.0,3344935693.0
faint_shared,J114154.47+063509.6,47.0,10.0,470233394.0
faint_shared,J114154.47+063509.6,48.0,10.0,1820923540.0
faint_shared,J114154.47+063509.6,49.0,10.0,4032630269.0
faint_shared,J114154.47+063509.6,0.0,5.0,1476342535.0
faint_shared,J114154.47+063509.6,1.0,5.0,463526693.0
faint_shared,J114154.47+063509.6,2.0,5.0,2833448224.0
faint_shared,J114154.47+063509.6,3.0,5.0,365891169.0
faint_shared,J114154.47+063509.6,4.0,5.0,242436867.0
faint_shared,J114154.47+063509.6,5.0,5.0,733991167.0
faint_shared,J114154.47+063509.6,6.0,5.0,3803264000.0
faint_shared,J114154.47+063509.6,7.0,5.0,1544737852.0
faint_shared,J114154.47+063509.6,8.0,5.0,1458032933.0
faint_shared,J114154.47+063509.6,9.0,5.0,159985041.0
faint_shared,J114154.47+063509.6,10.0,5.0,2029996729.0
faint_shared,J114154.47+063509.6,11.0,5.0,3765373421.0
faint_shared,J114154.47+063509.6,12.0,5.0,2655688240.0
faint_shared,J114154.47+063509.6,13.0,5.0,1739113052.0
faint_shared,J114154.47+063509.6,14.0,5.0,4101799388.0
faint_shared,J114154.47+063509.6,15.0,5.0,3636495230.0
faint_shared,J114154.47+063509.6,16.0,5.0,3428262395.0
faint_shared,J114154.47+063509.6,17.0,5.0,1478605827.0
faint_shared,J114154.47+063509.6,18.0,5.0,4105501572.0
faint_shared,J114154.47+063509.6,19.0,5.0,2662712507.0
faint_shared,J114154.47+063509.6,20.0,5.0,2104286000.0
faint_shared,J114154.47+063509.6,21.0,5.0,1694726278.0
faint_shared,J114154.47+063509.6,22.0,5.0,1261680377.0
faint_shared,J114154.47+063509.6,23.0,5.0,2659871444.0
faint_shared,J114154.47+063509.6,24.0,5.0,3522574030.0
faint_shared,J114154.47+063509.6,25.0,5.0,3874884063.0
faint_shared,J114154.47+063509.6,26.0,5.0,1628066402.0
faint_shared,J114154.47+063509.6,27.0,5.0,2656918361.0
faint_shared,J114154.47+063509.6,28.0,5.0,1560782616.0
faint_shared,J114154.47+063509.6,29.0,5.0,4180230406.0
faint_shared,J114154.47+063509.6,30.0,5.0,261017622.0
faint_shared,J114154.47+063509.6,31.0,5.0,3366784649.0
faint_shared,J114154.47+063509.6,32.0,5.0,3700273673.0
faint_shared,J114154.47+063509.6,33.0,5.0,1390824149.0
faint_shared,J114154.47+063509.6,34.0,5.0,2231752218.0
faint_shared,J114154.47+063509.6,35.0,5.0,750046089.0
faint_shared,J114154.47+063509.6,36.0,5.0,3083318667.0
faint_shared,J114154.47+063509.6,37.0,5.0,2694078112.0
faint_shared,J114154.47+063509.6,38.0,5.0,3029394751.0
faint_shared,J114154.47+063509.6,39.0,5.0,2441658315.0
faint_shared,J114154.47+063509.6,40.0,5.0,3854458674.0
faint_shared,J114154.47+063509.6,41.0,5.0,527000990.0
faint_shared,J114154.47+063509.6,42.0,5.0,1232741276.0
faint_shared,J114154.47+063509.6,43.0,5.0,2562115457.0
faint_shared,J114154.47+063509.6,44.0,5.0,566574541.0
faint_shared,J114154.47+063509.6,45.0,5.0,4165364560.0
faint_shared,J114154.47+063509.6,46.0,5.0,3268961886.0
faint_shared,J114154.47+063509.6,47.0,5.0,2204915116.0
faint_shared,J114154.47+063509.6,48.0,5.0,476851939.0
faint_shared,J114154.47+063509.6,49.0,5.0,700293414.0
faint_shared,J114634.92+282642.0,0.0,5.0,3287078750.0
faint_shared,J114634.92+282642.0,1.0,5.0,2716990662.0
faint_shared,J114634.92+282642.0,2.0,5.0,2576564406.0
faint_shared,J114634.92+282642.0,3.0,5.0,1289525914.0
faint_shared,J114634.92+282642.0,4.0,5.0,594545456.0
faint_shared,J114634.92+282642.0,5.0,5.0,3102206672.0
faint_shared,J114634.92+282642.0,6.0,5.0,996270334.0
faint_shared,J114634.92+282642.0,7.0,5.0,3302247477.0
faint_shared,J114634.92+282642.0,8.0,5.0,2238018338.0
faint_shared,J114634.92+282642.0,9.0,5.0,1136821129.0
faint_shared,J114634.92+282642.0,10.0,5.0,1324855151.0
faint_shared,J114634.92+282642.0,11.0,5.0,772375318.0
faint_shared,J114634.92+282642.0,12.0,5.0,1793108135.0
faint_shared,J114634.92+282642.0,13.0,5.0,1574095619.0
faint_shared,J114634.92+282642.0,14.0,5.0,468941786.0
faint_shared,J114634.92+282642.0,15.0,5.0,3785087253.0
faint_shared,J114634.92+282642.0,16.0,5.0,2809746967.0
faint_shared,J114634.92+282642.0,17.0,5.0,1420524966.0
faint_shared,J114634.92+282642.0,18.0,5.0,481652021.0
faint_shared,J114634.92+282642.0,19.0,5.0,2826203276.0
faint_shared,J114634.92+282642.0,20.0,5.0,3403784917.0
faint_shared,J114634.92+282642.0,21.0,5.0,1329851408.0
faint_shared,J114634.92+282642.0,22.0,5.0,664287046.0
faint_shared,J114634.92+282642.0,23.0,5.0,4182581132.0
faint_shared,J114634.92+282642.0,24.0,5.0,1074353359.0
faint_shared,J114634.92+282642.0,25.0,5.0,829780699.0
faint_shared,J114634.92+282642.0,26.0,5.0,1152581408.0
faint_shared,J114634.92+282642.0,27.0,5.0,3125946382.0
faint_shared,J114634.92+282642.0,28.0,5.0,793131837.0
faint_shared,J114634.92+282642.0,29.0,5.0,3583505447.0
faint_shared,J114634.92+282642.0,30.0,5.0,3855447889.0
faint_shared,J114634.92+282642.0,31.0,5.0,2783754399.0
faint_shared,J114634.92+282642.0,32.0,5.0,2159757373.0
faint_shared,J114634.92+282642.0,33.0,5.0,3043141658.0
faint_shared,J114634.92+282642.0,34.0,5.0,3843681947.0
faint_shared,J114634.92+282642.0,35.0,5.0,2742575911.0
faint_shared,J114634.92+282642.0,36.0,5.0,1524979982.0
faint_shared,J114634.92+282642.0,37.0,5.0,2034754587.0
faint_shared,J114634.92+282642.0,38.0,5.0,3055678290.0
faint_shared,J114634.92+282642.0,39.0,5.0,1884944855.0
faint_shared,J114634.92+282642.0,40.0,5.0,1499845350.0
faint_shared,J114634.92+282642.0,41.0,5.0,1958649736.0
faint_shared,J114634.92+282642.0,42.0,5.0,3592302812.0
faint_shared,J114634.92+282642.0,43.0,5.0,639288797.0
faint_shared,J114634.92+282642.0,44.0,5.0,3947958533.0
faint_shared,J114634.92+282642.0,45.0,5.0,4269857171.0
faint_shared,J114634.92+282642.0,46.0,5.0,1977906691.0
faint_shared,J114634.92+282642.0,47.0,5.0,2454159698.0
faint_shared,J114634.92+282642.0,48.0,5.0,4076608805.0
faint_shared,J114634.92+282642.0,49.0,5.0,1983649881.0
faint_shared,J120635.22+175312.3,0.0,10.0,405523368.0
faint_shared,J120635.22+175312.3,1.0,10.0,396431955.0
faint_shared,J120635.22+175312.3,2.0,10.0,1793777284.0
faint_shared,J120635.22+175312.3,3.0,10.0,2561783780.0
faint_shared,J120635.22+175312.3,4.0,10.0,709758445.0
faint_shared,J120635.22+175312.3,5.0,10.0,2182652286.0
faint_shared,J120635.22+175312.3,6.0,10.0,1769746185.0
faint_shared,J120635.22+175312.3,7.0,10.0,2127341089.0
faint_shared,J120635.22+175312.3,8.0,10.0,3593961790.0
faint_shared,J120635.22+175312.3,9.0,10.0,2406499228.0
faint_shared,J120635.22+175312.3,10.0,10.0,322944440.0
faint_shared,J120635.22+175312.3,11.0,10.0,1031962842.0
faint_shared,J120635.22+175312.3,12.0,10.0,2477176678.0
faint_shared,J120635.22+175312.3,13.0,10.0,3196411063.0
faint_shared,J120635.22+175312.3,14.0,10.0,2320838253.0
faint_shared,J120635.22+175312.3,15.0,10.0,3297075033.0
faint_shared,J120635.22+175312.3,16.0,10.0,2035009571.0
faint_shared,J120635.22+175312.3,17.0,10.0,1544019577.0
faint_shared,J120635.22+175312.3,18.0,10.0,2487765247.0
faint_shared,J120635.22+175312.3,19.0,10.0,2449235944.0
faint_shared,J120635.22+175312.3,20.0,10.0,326371295.0
faint_shared,J120635.22+175312.3,21.0,10.0,3284280889.0
faint_shared,J120635.22+175312.3,22.0,10.0,2930738497.0
faint_shared,J120635.22+175312.3,23.0,10.0,1831303459.0
faint_shared,J120635.22+175312.3,24.0,10.0,2426338410.0
faint_shared,J120635.22+175312.3,25.0,10.0,3640958618.0
faint_shared,J120635.22+175312.3,26.0,10.0,198683405.0
faint_shared,J120635.22+175312.3,27.0,10.0,3351721032.0
faint_shared,J120635.22+175312.3,28.0,10.0,1211018806.0
faint_shared,J120635.22+175312.3,29.0,10.0,2699551649.0
faint_shared,J120635.22+175312.3,30.0,10.0,1907966387.0
faint_shared,J120635.22+175312.3,31.0,10.0,4030848754.0
faint_shared,J120635.22+175312.3,32.0,10.0,3503216638.0
faint_shared,J120635.22+175312.3,33.0,10.0,2639549411.0
faint_shared,J120635.22+175312.3,34.0,10.0,2967405532.0
faint_shared,J120635.22+175312.3,35.0,10.0,2811576383.0
faint_shared,J120635.22+175312.3,36.0,10.0,1856839073.0
faint_shared,J120635.22+175312.3,37.0,10.0,1863453199.0
faint_shared,J120635.22+175312.3,38.0,10.0,2558300104.0
faint_shared,J120635.22+175312.3,39.0,10.0,135331072.0
faint_shared,J120635.22+175312.3,40.0,10.0,2805635452.0
faint_shared,J120635.22+175312.3,41.0,10.0,4064530558.0
faint_shared,J120635.22+175312.3,42.0,10.0,2903547406.0
faint_shared,J120635.22+175312.3,43.0,10.0,4103585188.0
faint_shared,J120635.22+175312.3,44.0,10.0,2377974828.0
faint_shared,J120635.22+175312.3,45.0,10.0,1059963244.0
faint_shared,J120635.22+175312.3,46.0,10.0,1628651453.0
faint_shared,J120635.22+175312.3,47.0,10.0,2029148836.0
faint_shared,J120635.22+175312.3,48.0,10.0,3865657458.0
faint_shared,J120635.22+175312.3,49.0,10.0,3019915999.0
faint_shared,J120635.22+175312.3,0.0,5.0,1143177996.0
faint_shared,J120635.22+175312.3,1.0,5.0,803999450.0
faint_shared,J120635.22+175312.3,2.0,5.0,2562285382.0
faint_shared,J120635.22+175312.3,3.0,5.0,3496590273.0
faint_shared,J120635.22+175312.3,4.0,5.0,2006510001.0
faint_shared,J120635.22+175312.3,5.0,5.0,1169229169.0
faint_shared,J120635.22+175312.3,6.0,5.0,3478124752.0
faint_shared,J120635.22+175312.3,7.0,5.0,2272492393.0
faint_shared,J120635.22+175312.3,8.0,5.0,3221674512.0
faint_shared,J120635.22+175312.3,9.0,5.0,447707703.0
faint_shared,J120635.22+175312.3,10.0,5.0,3605686005.0
faint_shared,J120635.22+175312.3,11.0,5.0,742903825.0
faint_shared,J120635.22+175312.3,12.0,5.0,390414078.0
faint_shared,J120635.22+175312.3,13.0,5.0,3301771097.0
faint_shared,J120635.22+175312.3,14.0,5.0,543787061.0
faint_shared,J120635.22+175312.3,15.0,5.0,3372076501.0
faint_shared,J120635.22+175312.3,16.0,5.0,1635162162.0
faint_shared,J120635.22+175312.3,17.0,5.0,3426413736.0
faint_shared,J120635.22+175312.3,18.0,5.0,1683548774.0
faint_shared,J120635.22+175312.3,19.0,5.0,2871879405.0
faint_shared,J120635.22+175312.3,20.0,5.0,2356714146.0
faint_shared,J120635.22+175312.3,21.0,5.0,2248499935.0
faint_shared,J120635.22+175312.3,22.0,5.0,1763583241.0
faint_shared,J120635.22+175312.3,23.0,5.0,2945287922.0
faint_shared,J120635.22+175312.3,24.0,5.0,4247348861.0
faint_shared,J120635.22+175312.3,25.0,5.0,750480197.0
faint_shared,J120635.22+175312.3,26.0,5.0,2868100257.0
faint_shared,J120635.22+175312.3,27.0,5.0,3870386063.0
faint_shared,J120635.22+175312.3,28.0,5.0,2521394555.0
faint_shared,J120635.22+175312.3,29.0,5.0,3481258962.0
faint_shared,J120635.22+175312.3,30.0,5.0,4034033823.0
faint_shared,J120635.22+175312.3,31.0,5.0,1540222323.0
faint_shared,J120635.22+175312.3,32.0,5.0,301290248.0
faint_shared,J120635.22+175312.3,33.0,5.0,2722976516.0
faint_shared,J120635.22+175312.3,34.0,5.0,3712945839.0
faint_shared,J120635.22+175312.3,35.0,5.0,557977745.0
faint_shared,J120635.22+175312.3,36.0,5.0,3436055448.0
faint_shared,J120635.22+175312.3,37.0,5.0,1732072157.0
faint_shared,J120635.22+175312.3,38.0,5.0,2242558778.0
faint_shared,J120635.22+175312.3,39.0,5.0,1969128478.0
faint_shared,J120635.22+175312.3,40.0,5.0,715706403.0
faint_shared,J120635.22+175312.3,41.0,5.0,4145067451.0
faint_shared,J120635.22+175312.3,42.0,5.0,2579987753.0
faint_shared,J120635.22+175312.3,43.0,5.0,40217636.0
faint_shared,J120635.22+175312.3,44.0,5.0,3264297414.0
faint_shared,J120635.22+175312.3,45.0,5.0,2982770833.0
faint_shared,J120635.22+175312.3,46.0,5.0,1790395348.0
faint_shared,J120635.22+175312.3,47.0,5.0,973471112.0
faint_shared,J120635.22+175312.3,48.0,5.0,2450674671.0
faint_shared,J120635.22+175312.3,49.0,5.0,3062798467.0
faint_shared,J121618.00+515946.1,0.0,10.0,878573756.0
faint_shared,J121618.00+515946.1,1.0,10.0,3863502737.0
faint_shared,J121618.00+515946.1,2.0,10.0,611355586.0
faint_shared,J121618.00+515946.1,3.0,10.0,311446434.0
faint_shared,J121618.00+515946.1,4.0,10.0,3865699470.0
faint_shared,J121618.00+515946.1,5.0,10.0,3578487298.0
faint_shared,J121618.00+515946.1,6.0,10.0,4201245767.0
faint_shared,J121618.00+515946.1,7.0,10.0,2258535244.0
faint_shared,J121618.00+515946.1,8.0,10.0,3795492174.0
faint_shared,J121618.00+515946.1,9.0,10.0,88538378.0
faint_shared,J121618.00+515946.1,10.0,10.0,1096022958.0
faint_shared,J121618.00+515946.1,11.0,10.0,2335906418.0
faint_shared,J121618.00+515946.1,12.0,10.0,4129411116.0
faint_shared,J121618.00+515946.1,13.0,10.0,2358939359.0
faint_shared,J121618.00+515946.1,14.0,10.0,1741230167.0
faint_shared,J121618.00+515946.1,15.0,10.0,3650287522.0
faint_shared,J121618.00+515946.1,16.0,10.0,1324789430.0
faint_shared,J121618.00+515946.1,17.0,10.0,943618598.0
faint_shared,J121618.00+515946.1,18.0,10.0,3549574136.0
faint_shared,J121618.00+515946.1,19.0,10.0,3093482755.0
faint_shared,J121618.00+515946.1,20.0,10.0,3820814354.0
faint_shared,J121618.00+515946.1,21.0,10.0,3082595248.0
faint_shared,J121618.00+515946.1,22.0,10.0,1898591264.0
faint_shared,J121618.00+515946.1,23.0,10.0,2306699560.0
faint_shared,J121618.00+515946.1,24.0,10.0,2728993761.0
faint_shared,J121618.00+515946.1,25.0,10.0,1405776425.0
faint_shared,J121618.00+515946.1,26.0,10.0,1869753129.0
faint_shared,J121618.00+515946.1,27.0,10.0,3975331703.0
faint_shared,J121618.00+515946.1,28.0,10.0,38083784.0
faint_shared,J121618.00+515946.1,29.0,10.0,4287307957.0
faint_shared,J121618.00+515946.1,30.0,10.0,3974663701.0
faint_shared,J121618.00+515946.1,31.0,10.0,1198436442.0
faint_shared,J121618.00+515946.1,32.0,10.0,3730965386.0
faint_shared,J121618.00+515946.1,33.0,10.0,1545359255.0
faint_shared,J121618.00+515946.1,34.0,10.0,1960311860.0
faint_shared,J121618.00+515946.1,35.0,10.0,684988870.0
faint_shared,J121618.00+515946.1,36.0,10.0,2947433482.0
faint_shared,J121618.00+515946.1,37.0,10.0,1804420512.0
faint_shared,J121618.00+515946.1,38.0,10.0,1280697966.0
faint_shared,J121618.00+515946.1,39.0,10.0,82195712.0
faint_shared,J121618.00+515946.1,40.0,10.0,1663300708.0
faint_shared,J121618.00+515946.1,41.0,10.0,2882600137.0
faint_shared,J121618.00+515946.1,42.0,10.0,3039630960.0
faint_shared,J121618.00+515946.1,43.0,10.0,9037634.0
faint_shared,J121618.00+515946.1,44.0,10.0,371322512.0
faint_shared,J121618.00+515946.1,45.0,10.0,925634720.0
faint_shared,J121618.00+515946.1,46.0,10.0,639154262.0
faint_shared,J121618.00+515946.1,47.0,10.0,3310954814.0
faint_shared,J121618.00+515946.1,48.0,10.0,1954402057.0
faint_shared,J121618.00+515946.1,49.0,10.0,3913888189.0
faint_shared,J121618.00+515946.1,0.0,5.0,3141524344.0
faint_shared,J121618.00+515946.1,1.0,5.0,1824844003.0
faint_shared,J121618.00+515946.1,2.0,5.0,2299244482.0
faint_shared,J121618.00+515946.1,3.0,5.0,2385933762.0
faint_shared,J121618.00+515946.1,4.0,5.0,2565623801.0
faint_shared,J121618.00+515946.1,5.0,5.0,2099190378.0
faint_shared,J121618.00+515946.1,6.0,5.0,1454385782.0
faint_shared,J121618.00+515946.1,7.0,5.0,3506867409.0
faint_shared,J121618.00+515946.1,8.0,5.0,2427602003.0
faint_shared,J121618.00+515946.1,9.0,5.0,2864397953.0
faint_shared,J121618.00+515946.1,10.0,5.0,3126111747.0
faint_shared,J121618.00+515946.1,11.0,5.0,3960553432.0
faint_shared,J121618.00+515946.1,12.0,5.0,1504196987.0
faint_shared,J121618.00+515946.1,13.0,5.0,3529772071.0
faint_shared,J121618.00+515946.1,14.0,5.0,565621935.0
faint_shared,J121618.00+515946.1,15.0,5.0,2984211083.0
faint_shared,J121618.00+515946.1,16.0,5.0,1986759984.0
faint_shared,J121618.00+515946.1,17.0,5.0,1867194193.0
faint_shared,J121618.00+515946.1,18.0,5.0,1136523893.0
faint_shared,J121618.00+515946.1,19.0,5.0,572766010.0
faint_shared,J121618.00+515946.1,20.0,5.0,3487750627.0
faint_shared,J121618.00+515946.1,21.0,5.0,4074016556.0
faint_shared,J121618.00+515946.1,22.0,5.0,2645043681.0
faint_shared,J121618.00+515946.1,23.0,5.0,547297359.0
faint_shared,J121618.00+515946.1,24.0,5.0,3421497530.0
faint_shared,J121618.00+515946.1,25.0,5.0,2923886427.0
faint_shared,J121618.00+515946.1,26.0,5.0,1653278400.0
faint_shared,J121618.00+515946.1,27.0,5.0,456224900.0
faint_shared,J121618.00+515946.1,28.0,5.0,732616941.0
faint_shared,J121618.00+515946.1,29.0,5.0,2312170612.0
faint_shared,J121618.00+515946.1,30.0,5.0,3220526797.0
faint_shared,J121618.00+515946.1,31.0,5.0,755156456.0
faint_shared,J121618.00+515946.1,32.0,5.0,3904515322.0
faint_shared,J121618.00+515946.1,33.0,5.0,2084606132.0
faint_shared,J121618.00+515946.1,34.0,5.0,3551189403.0
faint_shared,J121618.00+515946.1,35.0,5.0,65232984.0
faint_shared,J121618.00+515946.1,36.0,5.0,1381235778.0
faint_shared,J121618.00+515946.1,37.0,5.0,3045736419.0
faint_shared,J121618.00+515946.1,38.0,5.0,559202440.0
faint_shared,J121618.00+515946.1,39.0,5.0,3505137899.0
faint_shared,J121618.00+515946.1,40.0,5.0,403829975.0
faint_shared,J121618.00+515946.1,41.0,5.0,2158736243.0
faint_shared,J121618.00+515946.1,42.0,5.0,2197467187.0
faint_shared,J121618.00+515946.1,43.0,5.0,2245610666.0
faint_shared,J121618.00+515946.1,44.0,5.0,2056497150.0
faint_shared,J121618.00+515946.1,45.0,5.0,3074917261.0
faint_shared,J121618.00+515946.1,46.0,5.0,2378997332.0
faint_shared,J121618.00+515946.1,47.0,5.0,1879305714.0
faint_shared,J121618.00+515946.1,48.0,5.0,930242632.0
faint_shared,J121618.00+515946.1,49.0,5.0,1788131353.0
faint_shared,J122355.23+343856.6,0.0,10.0,380298968.0
faint_shared,J122355.23+343856.6,1.0,10.0,61235616.0
faint_shared,J122355.23+343856.6,2.0,10.0,2420206432.0
faint_shared,J122355.23+343856.6,3.0,10.0,2626854832.0
faint_shared,J122355.23+343856.6,4.0,10.0,2757004928.0
faint_shared,J122355.23+343856.6,5.0,10.0,1937806207.0
faint_shared,J122355.23+343856.6,6.0,10.0,1884299633.0
faint_shared,J122355.23+343856.6,7.0,10.0,1086312673.0
faint_shared,J122355.23+343856.6,8.0,10.0,3869023425.0
faint_shared,J122355.23+343856.6,9.0,10.0,522072606.0
faint_shared,J122355.23+343856.6,10.0,10.0,3867220817.0
faint_shared,J122355.23+343856.6,11.0,10.0,1750161933.0
faint_shared,J122355.23+343856.6,12.0,10.0,1315437832.0
faint_shared,J122355.23+343856.6,13.0,10.0,941360814.0
faint_shared,J122355.23+343856.6,14.0,10.0,1931323698.0
faint_shared,J122355.23+343856.6,15.0,10.0,1971744720.0
faint_shared,J122355.23+343856.6,16.0,10.0,3148366323.0
faint_shared,J122355.23+343856.6,17.0,10.0,3792004444.0
faint_shared,J122355.23+343856.6,18.0,10.0,1902976076.0
faint_shared,J122355.23+343856.6,19.0,10.0,2759999173.0
faint_shared,J122355.23+343856.6,20.0,10.0,3247900774.0
faint_shared,J122355.23+343856.6,21.0,10.0,1604120909.0
faint_shared,J122355.23+343856.6,22.0,10.0,3211140333.0
faint_shared,J122355.23+343856.6,23.0,10.0,357726073.0
faint_shared,J122355.23+343856.6,24.0,10.0,2370738690.0
faint_shared,J122355.23+343856.6,25.0,10.0,950709845.0
faint_shared,J122355.23+343856.6,26.0,10.0,3044291847.0
faint_shared,J122355.23+343856.6,27.0,10.0,1947523964.0
faint_shared,J122355.23+343856.6,28.0,10.0,3730660861.0
faint_shared,J122355.23+343856.6,29.0,10.0,792795538.0
faint_shared,J122355.23+343856.6,30.0,10.0,2106514983.0
faint_shared,J122355.23+343856.6,31.0,10.0,1966740089.0
faint_shared,J122355.23+343856.6,32.0,10.0,3605956138.0
faint_shared,J122355.23+343856.6,33.0,10.0,297873718.0
faint_shared,J122355.23+343856.6,34.0,10.0,2806028143.0
faint_shared,J122355.23+343856.6,35.0,10.0,2491140096.0
faint_shared,J122355.23+343856.6,36.0,10.0,961980110.0
faint_shared,J122355.23+343856.6,37.0,10.0,3576781411.0
faint_shared,J122355.23+343856.6,38.0,10.0,2010831000.0
faint_shared,J122355.23+343856.6,39.0,10.0,3259843884.0
faint_shared,J122355.23+343856.6,40.0,10.0,751278595.0
faint_shared,J122355.23+343856.6,41.0,10.0,1512167155.0
faint_shared,J122355.23+343856.6,42.0,10.0,3862072243.0
faint_shared,J122355.23+343856.6,43.0,10.0,1697216065.0
faint_shared,J122355.23+343856.6,44.0,10.0,3958501015.0
faint_shared,J122355.23+343856.6,45.0,10.0,2751317654.0
faint_shared,J122355.23+343856.6,46.0,10.0,316626711.0
faint_shared,J122355.23+343856.6,47.0,10.0,3993852423.0
faint_shared,J122355.23+343856.6,48.0,10.0,2428145477.0
faint_shared,J122355.23+343856.6,49.0,10.0,3358549276.0
faint_shared,J122355.23+343856.6,0.0,5.0,47644088.0
faint_shared,J122355.23+343856.6,1.0,5.0,2690599661.0
faint_shared,J122355.23+343856.6,2.0,5.0,3459928761.0
faint_shared,J122355.23+343856.6,3.0,5.0,315447605.0
faint_shared,J122355.23+343856.6,4.0,5.0,793990786.0
faint_shared,J122355.23+343856.6,5.0,5.0,576830354.0
faint_shared,J122355.23+343856.6,6.0,5.0,195301354.0
faint_shared,J122355.23+343856.6,7.0,5.0,132920769.0
faint_shared,J122355.23+343856.6,8.0,5.0,2999885820.0
faint_shared,J122355.23+343856.6,9.0,5.0,3912595912.0
faint_shared,J122355.23+343856.6,10.0,5.0,3915475270.0
faint_shared,J122355.23+343856.6,11.0,5.0,2322408443.0
faint_shared,J122355.23+343856.6,12.0,5.0,2506148853.0
faint_shared,J122355.23+343856.6,13.0,5.0,1586082509.0
faint_shared,J122355.23+343856.6,14.0,5.0,54125103.0
faint_shared,J122355.23+343856.6,15.0,5.0,3268011025.0
faint_shared,J122355.23+343856.6,16.0,5.0,2914055688.0
faint_shared,J122355.23+343856.6,17.0,5.0,1168750964.0
faint_shared,J122355.23+343856.6,18.0,5.0,2606722425.0
faint_shared,J122355.23+343856.6,19.0,5.0,527785766.0
faint_shared,J122355.23+343856.6,20.0,5.0,2123943231.0
faint_shared,J122355.23+343856.6,21.0,5.0,3092562096.0
faint_shared,J122355.23+343856.6,22.0,5.0,2740625870.0
faint_shared,J122355.23+343856.6,23.0,5.0,2011895279.0
faint_shared,J122355.23+343856.6,24.0,5.0,1251687389.0
faint_shared,J122355.23+343856.6,25.0,5.0,2961742635.0
faint_shared,J122355.23+343856.6,26.0,5.0,1502127797.0
faint_shared,J122355.23+343856.6,27.0,5.0,1115089223.0
faint_shared,J122355.23+343856.6,28.0,5.0,3057723291.0
faint_shared,J122355.23+343856.6,29.0,5.0,1659782820.0
faint_shared,J122355.23+343856.6,30.0,5.0,2773519932.0
faint_shared,J122355.23+343856.6,31.0,5.0,1529635273.0
faint_shared,J122355.23+343856.6,32.0,5.0,1295687380.0
faint_shared,J122355.23+343856.6,33.0,5.0,677585561.0
faint_shared,J122355.23+343856.6,34.0,5.0,825790897.0
faint_shared,J122355.23+343856.6,35.0,5.0,146839613.0
faint_shared,J122355.23+343856.6,36.0,5.0,3381707190.0
faint_shared,J122355.23+343856.6,37.0,5.0,915353529.0
faint_shared,J122355.23+343856.6,38.0,5.0,2436059494.0
faint_shared,J122355.23+343856.6,39.0,5.0,2420505056.0
faint_shared,J122355.23+343856.6,40.0,5.0,631871761.0
faint_shared,J122355.23+343856.6,41.0,5.0,2208180089.0
faint_shared,J122355.23+343856.6,42.0,5.0,1212115123.0
faint_shared,J122355.23+343856.6,43.0,5.0,4041092931.0
faint_shared,J122355.23+343856.6,44.0,5.0,1584200451.0
faint_shared,J122355.23+343856.6,45.0,5.0,3608637419.0
faint_shared,J122355.23+343856.6,46.0,5.0,1306511354.0
faint_shared,J122355.23+343856.6,47.0,5.0,1803048725.0
faint_shared,J122355.23+343856.6,48.0,5.0,1558630984.0
faint_shared,J122355.23+343856.6,49.0,5.0,4088520540.0
faint_shared,J122945.61+440934.5,0.0,5.0,3941051572.0
faint_shared,J122945.61+440934.5,1.0,5.0,1039175944.0
faint_shared,J122945.61+440934.5,2.0,5.0,633716069.0
faint_shared,J122945.61+440934.5,3.0,5.0,237149520.0
faint_shared,J122945.61+440934.5,4.0,5.0,3981300183.0
faint_shared,J122945.61+440934.5,5.0,5.0,1125685184.0
faint_shared,J122945.61+440934.5,6.0,5.0,1846314492.0
faint_shared,J122945.61+440934.5,7.0,5.0,1508557252.0
faint_shared,J122945.61+440934.5,8.0,5.0,2766404805.0
faint_shared,J122945.61+440934.5,9.0,5.0,1335020163.0
faint_shared,J122945.61+440934.5,10.0,5.0,2031941832.0
faint_shared,J122945.61+440934.5,11.0,5.0,211226958.0
faint_shared,J122945.61+440934.5,12.0,5.0,1182045695.0
faint_shared,J122945.61+440934.5,13.0,5.0,2297954022.0
faint_shared,J122945.61+440934.5,14.0,5.0,2188588370.0
faint_shared,J122945.61+440934.5,15.0,5.0,4051627816.0
faint_shared,J122945.61+440934.5,16.0,5.0,179734315.0
faint_shared,J122945.61+440934.5,17.0,5.0,987288312.0
faint_shared,J122945.61+440934.5,18.0,5.0,4022703811.0
faint_shared,J122945.61+440934.5,19.0,5.0,1330489269.0
faint_shared,J122945.61+440934.5,20.0,5.0,3972462384.0
faint_shared,J122945.61+440934.5,21.0,5.0,3361236696.0
faint_shared,J122945.61+440934.5,22.0,5.0,802241620.0
faint_shared,J122945.61+440934.5,23.0,5.0,1721790322.0
faint_shared,J122945.61+440934.5,24.0,5.0,994873836.0
faint_shared,J122945.61+440934.5,25.0,5.0,4236800742.0
faint_shared,J122945.61+440934.5,26.0,5.0,1845910814.0
faint_shared,J122945.61+440934.5,27.0,5.0,1853907446.0
faint_shared,J122945.61+440934.5,28.0,5.0,937190521.0
faint_shared,J122945.61+440934.5,29.0,5.0,368525558.0
faint_shared,J122945.61+440934.5,30.0,5.0,1115315039.0
faint_shared,J122945.61+440934.5,31.0,5.0,2469291090.0
faint_shared,J122945.61+440934.5,32.0,5.0,2333121091.0
faint_shared,J122945.61+440934.5,33.0,5.0,3598169127.0
faint_shared,J122945.61+440934.5,34.0,5.0,649474192.0
faint_shared,J122945.61+440934.5,35.0,5.0,2591604725.0
faint_shared,J122945.61+440934.5,36.0,5.0,181386829.0
faint_shared,J122945.61+440934.5,37.0,5.0,1916817483.0
faint_shared,J122945.61+440934.5,38.0,5.0,1334285284.0
faint_shared,J122945.61+440934.5,39.0,5.0,3378770670.0
faint_shared,J122945.61+440934.5,40.0,5.0,3189353145.0
faint_shared,J122945.61+440934.5,41.0,5.0,2233336458.0
faint_shared,J122945.61+440934.5,42.0,5.0,3698642865.0
faint_shared,J122945.61+440934.5,43.0,5.0,3400878241.0
faint_shared,J122945.61+440934.5,44.0,5.0,3646880839.0
faint_shared,J122945.61+440934.5,45.0,5.0,2593179775.0
faint_shared,J122945.61+440934.5,46.0,5.0,99872200.0
faint_shared,J122945.61+440934.5,47.0,5.0,2954371536.0
faint_shared,J122945.61+440934.5,48.0,5.0,2102814857.0
faint_shared,J122945.61+440934.5,49.0,5.0,1546717905.0
faint_shared,J131432.70+122718.5,0.0,10.0,3033481402.0
faint_shared,J131432.70+122718.5,1.0,10.0,1540753893.0
faint_shared,J131432.70+122718.5,2.0,10.0,1214783508.0
faint_shared,J131432.70+122718.5,3.0,10.0,1199323685.0
faint_shared,J131432.70+122718.5,4.0,10.0,2339989799.0
faint_shared,J131432.70+122718.5,5.0,10.0,1428595694.0
faint_shared,J131432.70+122718.5,6.0,10.0,2742029460.0
faint_shared,J131432.70+122718.5,7.0,10.0,2116108006.0
faint_shared,J131432.70+122718.5,8.0,10.0,923667609.0
faint_shared,J131432.70+122718.5,9.0,10.0,3545714859.0
faint_shared,J131432.70+122718.5,10.0,10.0,2659061230.0
faint_shared,J131432.70+122718.5,11.0,10.0,1108965701.0
faint_shared,J131432.70+122718.5,12.0,10.0,300883990.0
faint_shared,J131432.70+122718.5,13.0,10.0,1190901509.0
faint_shared,J131432.70+122718.5,14.0,10.0,3963110452.0
faint_shared,J131432.70+122718.5,15.0,10.0,586048503.0
faint_shared,J131432.70+122718.5,16.0,10.0,3936813856.0
faint_shared,J131432.70+122718.5,17.0,10.0,1381822604.0
faint_shared,J131432.70+122718.5,18.0,10.0,4259345920.0
faint_shared,J131432.70+122718.5,19.0,10.0,1142632758.0
faint_shared,J131432.70+122718.5,20.0,10.0,2603875667.0
faint_shared,J131432.70+122718.5,21.0,10.0,1555760630.0
faint_shared,J131432.70+122718.5,22.0,10.0,2066369725.0
faint_shared,J131432.70+122718.5,23.0,10.0,1972897885.0
faint_shared,J131432.70+122718.5,24.0,10.0,1539997641.0
faint_shared,J131432.70+122718.5,25.0,10.0,2006834490.0
faint_shared,J131432.70+122718.5,26.0,10.0,4171760192.0
faint_shared,J131432.70+122718.5,27.0,10.0,3921415337.0
faint_shared,J131432.70+122718.5,28.0,10.0,4016197370.0
faint_shared,J131432.70+122718.5,29.0,10.0,1298051070.0
faint_shared,J131432.70+122718.5,30.0,10.0,1154709415.0
faint_shared,J131432.70+122718.5,31.0,10.0,2678033192.0
faint_shared,J131432.70+122718.5,32.0,10.0,4202079647.0
faint_shared,J131432.70+122718.5,33.0,10.0,1958348190.0
faint_shared,J131432.70+122718.5,34.0,10.0,566164594.0
faint_shared,J131432.70+122718.5,35.0,10.0,84386878.0
faint_shared,J131432.70+122718.5,36.0,10.0,1785131746.0
faint_shared,J131432.70+122718.5,37.0,10.0,2229603824.0
faint_shared,J131432.70+122718.5,38.0,10.0,54491028.0
faint_shared,J131432.70+122718.5,39.0,10.0,3287528569.0
faint_shared,J131432.70+122718.5,40.0,10.0,638627464.0
faint_shared,J131432.70+122718.5,41.0,10.0,2240184785.0
faint_shared,J131432.70+122718.5,42.0,10.0,1798358060.0
faint_shared,J131432.70+122718.5,43.0,10.0,568858736.0
faint_shared,J131432.70+122718.5,44.0,10.0,3458945121.0
faint_shared,J131432.70+122718.5,45.0,10.0,3065340041.0
faint_shared,J131432.70+122718.5,46.0,10.0,4040345091.0
faint_shared,J131432.70+122718.5,47.0,10.0,3683378254.0
faint_shared,J131432.70+122718.5,48.0,10.0,2196765241.0
faint_shared,J131432.70+122718.5,49.0,10.0,2545401453.0
faint_shared,J131432.70+122718.5,0.0,5.0,3023998627.0
faint_shared,J131432.70+122718.5,1.0,5.0,3535165633.0
faint_shared,J131432.70+122718.5,2.0,5.0,1976187394.0
faint_shared,J131432.70+122718.5,3.0,5.0,3287818428.0
faint_shared,J131432.70+122718.5,4.0,5.0,2337355599.0
faint_shared,J131432.70+122718.5,5.0,5.0,496791006.0
faint_shared,J131432.70+122718.5,6.0,5.0,1780071420.0
faint_shared,J131432.70+122718.5,7.0,5.0,1862877888.0
faint_shared,J131432.70+122718.5,8.0,5.0,2594735359.0
faint_shared,J131432.70+122718.5,9.0,5.0,709776112.0
faint_shared,J131432.70+122718.5,10.0,5.0,2532312533.0
faint_shared,J131432.70+122718.5,11.0,5.0,2298357996.0
faint_shared,J131432.70+122718.5,12.0,5.0,3372120386.0
faint_shared,J131432.70+122718.5,13.0,5.0,2352959149.0
faint_shared,J131432.70+122718.5,14.0,5.0,1257831675.0
faint_shared,J131432.70+122718.5,15.0,5.0,3452238378.0
faint_shared,J131432.70+122718.5,16.0,5.0,179989850.0
faint_shared,J131432.70+122718.5,17.0,5.0,657003550.0
faint_shared,J131432.70+122718.5,18.0,5.0,93793595.0
faint_shared,J131432.70+122718.5,19.0,5.0,3837822494.0
faint_shared,J131432.70+122718.5,20.0,5.0,3856021722.0
faint_shared,J131432.70+122718.5,21.0,5.0,1034063203.0
faint_shared,J131432.70+122718.5,22.0,5.0,204681753.0
faint_shared,J131432.70+122718.5,23.0,5.0,1549161616.0
faint_shared,J131432.70+122718.5,24.0,5.0,1488676370.0
faint_shared,J131432.70+122718.5,25.0,5.0,3723261884.0
faint_shared,J131432.70+122718.5,26.0,5.0,3648169793.0
faint_shared,J131432.70+122718.5,27.0,5.0,1975255692.0
faint_shared,J131432.70+122718.5,28.0,5.0,3191776061.0
faint_shared,J131432.70+122718.5,29.0,5.0,2228033524.0
faint_shared,J131432.70+122718.5,30.0,5.0,1732883743.0
faint_shared,J131432.70+122718.5,31.0,5.0,660946833.0
faint_shared,J131432.70+122718.5,32.0,5.0,2020697560.0
faint_shared,J131432.70+122718.5,33.0,5.0,3379306795.0
faint_shared,J131432.70+122718.5,34.0,5.0,1778191048.0
faint_shared,J131432.70+122718.5,35.0,5.0,441368419.0
faint_shared,J131432.70+122718.5,36.0,5.0,3419987191.0
faint_shared,J131432.70+122718.5,37.0,5.0,358557770.0
faint_shared,J131432.70+122718.5,38.0,5.0,1261000348.0
faint_shared,J131432.70+122718.5,39.0,5.0,35354512.0
faint_shared,J131432.70+122718.5,40.0,5.0,2416160780.0
faint_shared,J131432.70+122718.5,41.0,5.0,1227209282.0
faint_shared,J131432.70+122718.5,42.0,5.0,1551183113.0
faint_shared,J131432.70+122718.5,43.0,5.0,1399664184.0
faint_shared,J131432.70+122718.5,44.0,5.0,110659054.0
faint_shared,J131432.70+122718.5,45.0,5.0,2928053850.0
faint_shared,J131432.70+122718.5,46.0,5.0,1676733079.0
faint_shared,J131432.70+122718.5,47.0,5.0,2325298106.0
faint_shared,J131432.70+122718.5,48.0,5.0,1593373661.0
faint_shared,J131432.70+122718.5,49.0,5.0,4197735508.0
faint_shared,J132421.98+280238.3,0.0,5.0,3241602250.0
faint_shared,J132421.98+280238.3,1.0,5.0,3488450791.0
faint_shared,J132421.98+280238.3,2.0,5.0,1334471512.0
faint_shared,J132421.98+280238.3,3.0,5.0,2936306099.0
faint_shared,J132421.98+280238.3,4.0,5.0,87032480.0
faint_shared,J132421.98+280238.3,5.0,5.0,255141697.0
faint_shared,J132421.98+280238.3,6.0,5.0,2258722998.0
faint_shared,J132421.98+280238.3,7.0,5.0,740478336.0
faint_shared,J132421.98+280238.3,8.0,5.0,2903285069.0
faint_shared,J132421.98+280238.3,9.0,5.0,2874725887.0
faint_shared,J132421.98+280238.3,10.0,5.0,586562892.0
faint_shared,J132421.98+280238.3,11.0,5.0,467773412.0
faint_shared,J132421.98+280238.3,12.0,5.0,510252332.0
faint_shared,J132421.98+280238.3,13.0,5.0,1534573365.0
faint_shared,J132421.98+280238.3,14.0,5.0,2567716728.0
faint_shared,J132421.98+280238.3,15.0,5.0,3607559794.0
faint_shared,J132421.98+280238.3,16.0,5.0,1899730501.0
faint_shared,J132421.98+280238.3,17.0,5.0,2726504998.0
faint_shared,J132421.98+280238.3,18.0,5.0,555507918.0
faint_shared,J132421.98+280238.3,19.0,5.0,4003483326.0
faint_shared,J132421.98+280238.3,20.0,5.0,4144866734.0
faint_shared,J132421.98+280238.3,21.0,5.0,3350906265.0
faint_shared,J132421.98+280238.3,22.0,5.0,1380782283.0
faint_shared,J132421.98+280238.3,23.0,5.0,3318367120.0
faint_shared,J132421.98+280238.3,24.0,5.0,3588336851.0
faint_shared,J132421.98+280238.3,25.0,5.0,3689490452.0
faint_shared,J132421.98+280238.3,26.0,5.0,3213791446.0
faint_shared,J132421.98+280238.3,27.0,5.0,993303617.0
faint_shared,J132421.98+280238.3,28.0,5.0,3763258951.0
faint_shared,J132421.98+280238.3,29.0,5.0,3818584795.0
faint_shared,J132421.98+280238.3,30.0,5.0,1957445803.0
faint_shared,J132421.98+280238.3,31.0,5.0,142032614.0
faint_shared,J132421.98+280238.3,32.0,5.0,2436406936.0
faint_shared,J132421.98+280238.3,33.0,5.0,4153745577.0
faint_shared,J132421.98+280238.3,34.0,5.0,3182262739.0
faint_shared,J132421.98+280238.3,35.0,5.0,2614628639.0
faint_shared,J132421.98+280238.3,36.0,5.0,736004301.0
faint_shared,J132421.98+280238.3,37.0,5.0,1221784595.0
faint_shared,J132421.98+280238.3,38.0,5.0,970737901.0
faint_shared,J132421.98+280238.3,39.0,5.0,2742787681.0
faint_shared,J132421.98+280238.3,40.0,5.0,2703443927.0
faint_shared,J132421.98+280238.3,41.0,5.0,259750836.0
faint_shared,J132421.98+280238.3,42.0,5.0,1874820660.0
faint_shared,J132421.98+280238.3,43.0,5.0,4230555032.0
faint_shared,J132421.98+280238.3,44.0,5.0,3546227918.0
faint_shared,J132421.98+280238.3,45.0,5.0,2611105603.0
faint_shared,J132421.98+280238.3,46.0,5.0,1044099435.0
faint_shared,J132421.98+280238.3,47.0,5.0,3618515908.0
faint_shared,J132421.98+280238.3,48.0,5.0,2342923799.0
faint_shared,J132421.98+280238.3,49.0,5.0,3931219260.0
faint_shared,J133551.98+544450.1,0.0,10.0,3590487621.0
faint_shared,J133551.98+544450.1,1.0,10.0,863132364.0
faint_shared,J133551.98+544450.1,2.0,10.0,3066689646.0
faint_shared,J133551.98+544450.1,3.0,10.0,3228911567.0
faint_shared,J133551.98+544450.1,4.0,10.0,4070085095.0
faint_shared,J133551.98+544450.1,5.0,10.0,2896100021.0
faint_shared,J133551.98+544450.1,6.0,10.0,2387005246.0
faint_shared,J133551.98+544450.1,7.0,10.0,100568960.0
faint_shared,J133551.98+544450.1,8.0,10.0,3821922578.0
faint_shared,J133551.98+544450.1,9.0,10.0,3243890134.0
faint_shared,J133551.98+544450.1,10.0,10.0,2929813980.0
faint_shared,J133551.98+544450.1,11.0,10.0,2363816013.0
faint_shared,J133551.98+544450.1,12.0,10.0,3617233606.0
faint_shared,J133551.98+544450.1,13.0,10.0,480128431.0
faint_shared,J133551.98+544450.1,14.0,10.0,153338351.0
faint_shared,J133551.98+544450.1,15.0,10.0,4171913877.0
faint_shared,J133551.98+544450.1,16.0,10.0,3514660359.0
faint_shared,J133551.98+544450.1,17.0,10.0,1431490317.0
faint_shared,J133551.98+544450.1,18.0,10.0,635596608.0
faint_shared,J133551.98+544450.1,19.0,10.0,966209793.0
faint_shared,J133551.98+544450.1,20.0,10.0,1171916791.0
faint_shared,J133551.98+544450.1,21.0,10.0,2992381778.0
faint_shared,J133551.98+544450.1,22.0,10.0,426744926.0
faint_shared,J133551.98+544450.1,23.0,10.0,3019309735.0
faint_shared,J133551.98+544450.1,24.0,10.0,2096694735.0
faint_shared,J133551.98+544450.1,25.0,10.0,342450051.0
faint_shared,J133551.98+544450.1,26.0,10.0,117035853.0
faint_shared,J133551.98+544450.1,27.0,10.0,2943901366.0
faint_shared,J133551.98+544450.1,28.0,10.0,1228128298.0
faint_shared,J133551.98+544450.1,29.0,10.0,2326685015.0
faint_shared,J133551.98+544450.1,30.0,10.0,175859720.0
faint_shared,J133551.98+544450.1,31.0,10.0,1041381625.0
faint_shared,J133551.98+544450.1,32.0,10.0,2337704893.0
faint_shared,J133551.98+544450.1,33.0,10.0,1305426802.0
faint_shared,J133551.98+544450.1,34.0,10.0,3982577201.0
faint_shared,J133551.98+544450.1,35.0,10.0,3705645079.0
faint_shared,J133551.98+544450.1,36.0,10.0,2104581928.0
faint_shared,J133551.98+544450.1,37.0,10.0,1999992554.0
faint_shared,J133551.98+544450.1,38.0,10.0,3847379913.0
faint_shared,J133551.98+544450.1,39.0,10.0,2535451559.0
faint_shared,J133551.98+544450.1,40.0,10.0,40404046.0
faint_shared,J133551.98+544450.1,41.0,10.0,1936186546.0
faint_shared,J133551.98+544450.1,42.0,10.0,2821551549.0
faint_shared,J133551.98+544450.1,43.0,10.0,3658249582.0
faint_shared,J133551.98+544450.1,44.0,10.0,1200316211.0
faint_shared,J133551.98+544450.1,45.0,10.0,1534033275.0
faint_shared,J133551.98+544450.1,46.0,10.0,337276528.0
faint_shared,J133551.98+544450.1,47.0,10.0,1693436573.0
faint_shared,J133551.98+544450.1,48.0,10.0,575227166.0
faint_shared,J133551.98+544450.1,49.0,10.0,1770543421.0
faint_shared,J133551.98+544450.1,0.0,5.0,590203566.0
faint_shared,J133551.98+544450.1,1.0,5.0,3956880495.0
faint_shared,J133551.98+544450.1,2.0,5.0,135133976.0
faint_shared,J133551.98+544450.1,3.0,5.0,3098923129.0
faint_shared,J133551.98+544450.1,4.0,5.0,1402753692.0
faint_shared,J133551.98+544450.1,5.0,5.0,1065025519.0
faint_shared,J133551.98+544450.1,6.0,5.0,2672421484.0
faint_shared,J133551.98+544450.1,7.0,5.0,364409002.0
faint_shared,J133551.98+544450.1,8.0,5.0,1590593780.0
faint_shared,J133551.98+544450.1,9.0,5.0,2227912977.0
faint_shared,J133551.98+544450.1,10.0,5.0,1989106383.0
faint_shared,J133551.98+544450.1,11.0,5.0,723647956.0
faint_shared,J133551.98+544450.1,12.0,5.0,2798775167.0
faint_shared,J133551.98+544450.1,13.0,5.0,2692245289.0
faint_shared,J133551.98+544450.1,14.0,5.0,3272494362.0
faint_shared,J133551.98+544450.1,15.0,5.0,2846445952.0
faint_shared,J133551.98+544450.1,16.0,5.0,786068497.0
faint_shared,J133551.98+544450.1,17.0,5.0,4208968677.0
faint_shared,J133551.98+544450.1,18.0,5.0,1145180565.0
faint_shared,J133551.98+544450.1,19.0,5.0,3269423843.0
faint_shared,J133551.98+544450.1,20.0,5.0,4041325701.0
faint_shared,J133551.98+544450.1,21.0,5.0,2196658385.0
faint_shared,J133551.98+544450.1,22.0,5.0,2514795800.0
faint_shared,J133551.98+544450.1,23.0,5.0,2453882451.0
faint_shared,J133551.98+544450.1,24.0,5.0,4283714234.0
faint_shared,J133551.98+544450.1,25.0,5.0,3928148794.0
faint_shared,J133551.98+544450.1,26.0,5.0,1759249306.0
faint_shared,J133551.98+544450.1,27.0,5.0,2021749322.0
faint_shared,J133551.98+544450.1,28.0,5.0,977589021.0
faint_shared,J133551.98+544450.1,29.0,5.0,2704249091.0
faint_shared,J133551.98+544450.1,30.0,5.0,3202952000.0
faint_shared,J133551.98+544450.1,31.0,5.0,1718136983.0
faint_shared,J133551.98+544450.1,32.0,5.0,930639440.0
faint_shared,J133551.98+544450.1,33.0,5.0,4135400163.0
faint_shared,J133551.98+544450.1,34.0,5.0,3130357085.0
faint_shared,J133551.98+544450.1,35.0,5.0,1684541561.0
faint_shared,J133551.98+544450.1,36.0,5.0,1257799382.0
faint_shared,J133551.98+544450.1,37.0,5.0,3428770520.0
faint_shared,J133551.98+544450.1,38.0,5.0,297428279.0
faint_shared,J133551.98+544450.1,39.0,5.0,23008262.0
faint_shared,J133551.98+544450.1,40.0,5.0,420615657.0
faint_shared,J133551.98+544450.1,41.0,5.0,3459794268.0
faint_shared,J133551.98+544450.1,42.0,5.0,3856880034.0
faint_shared,J133551.98+544450.1,43.0,5.0,2070894610.0
faint_shared,J133551.98+544450.1,44.0,5.0,709390314.0
faint_shared,J133551.98+544450.1,45.0,5.0,1922631396.0
faint_shared,J133551.98+544450.1,46.0,5.0,1867304146.0
faint_shared,J133551.98+544450.1,47.0,5.0,3014008547.0
faint_shared,J133551.98+544450.1,48.0,5.0,2776256828.0
faint_shared,J133551.98+544450.1,49.0,5.0,4132110962.0
faint_shared,J134133.73+090356.7,0.0,10.0,2524261129.0
faint_shared,J134133.73+090356.7,1.0,10.0,2061753372.0
faint_shared,J134133.73+090356.7,2.0,10.0,4123229332.0
faint_shared,J134133.73+090356.7,3.0,10.0,2397847780.0
faint_shared,J134133.73+090356.7,4.0,10.0,2739926710.0
faint_shared,J134133.73+090356.7,5.0,10.0,1545921428.0
faint_shared,J134133.73+090356.7,6.0,10.0,3060386651.0
faint_shared,J134133.73+090356.7,7.0,10.0,2607294489.0
faint_shared,J134133.73+090356.7,8.0,10.0,3600181446.0
faint_shared,J134133.73+090356.7,9.0,10.0,296188081.0
faint_shared,J134133.73+090356.7,10.0,10.0,2133534509.0
faint_shared,J134133.73+090356.7,11.0,10.0,4121916470.0
faint_shared,J134133.73+090356.7,12.0,10.0,2242247140.0
faint_shared,J134133.73+090356.7,13.0,10.0,3348658992.0
faint_shared,J134133.73+090356.7,14.0,10.0,3326958259.0
faint_shared,J134133.73+090356.7,15.0,10.0,1116627381.0
faint_shared,J134133.73+090356.7,16.0,10.0,1341574455.0
faint_shared,J134133.73+090356.7,17.0,10.0,2311996492.0
faint_shared,J134133.73+090356.7,18.0,10.0,3187273151.0
faint_shared,J134133.73+090356.7,19.0,10.0,4166199507.0
faint_shared,J134133.73+090356.7,20.0,10.0,3157505412.0
faint_shared,J134133.73+090356.7,21.0,10.0,2300346075.0
faint_shared,J134133.73+090356.7,22.0,10.0,3350836628.0
faint_shared,J134133.73+090356.7,23.0,10.0,4229163122.0
faint_shared,J134133.73+090356.7,24.0,10.0,338519453.0
faint_shared,J134133.73+090356.7,25.0,10.0,3127856515.0
faint_shared,J134133.73+090356.7,26.0,10.0,1610418398.0
faint_shared,J134133.73+090356.7,27.0,10.0,1176354608.0
faint_shared,J134133.73+090356.7,28.0,10.0,3997937582.0
faint_shared,J134133.73+090356.7,29.0,10.0,3380112549.0
faint_shared,J134133.73+090356.7,30.0,10.0,4276087633.0
faint_shared,J134133.73+090356.7,31.0,10.0,3782901988.0
faint_shared,J134133.73+090356.7,32.0,10.0,818700297.0
faint_shared,J134133.73+090356.7,33.0,10.0,1115120886.0
faint_shared,J134133.73+090356.7,34.0,10.0,1472364526.0
faint_shared,J134133.73+090356.7,35.0,10.0,2663609888.0
faint_shared,J134133.73+090356.7,36.0,10.0,4095709505.0
faint_shared,J134133.73+090356.7,37.0,10.0,1911316637.0
faint_shared,J134133.73+090356.7,38.0,10.0,755694125.0
faint_shared,J134133.73+090356.7,39.0,10.0,3735433874.0
faint_shared,J134133.73+090356.7,40.0,10.0,3150395685.0
faint_shared,J134133.73+090356.7,41.0,10.0,2858524486.0
faint_shared,J134133.73+090356.7,42.0,10.0,3313084647.0
faint_shared,J134133.73+090356.7,43.0,10.0,3237017976.0
faint_shared,J134133.73+090356.7,44.0,10.0,1896285095.0
faint_shared,J134133.73+090356.7,45.0,10.0,2759300610.0
faint_shared,J134133.73+090356.7,46.0,10.0,1699838219.0
faint_shared,J134133.73+090356.7,47.0,10.0,4146093054.0
faint_shared,J134133.73+090356.7,48.0,10.0,817831671.0
faint_shared,J134133.73+090356.7,49.0,10.0,4037975365.0
faint_shared,J134133.73+090356.7,0.0,5.0,4067076858.0
faint_shared,J134133.73+090356.7,1.0,5.0,2877854625.0
faint_shared,J134133.73+090356.7,2.0,5.0,1874550422.0
faint_shared,J134133.73+090356.7,3.0,5.0,2964810499.0
faint_shared,J134133.73+090356.7,4.0,5.0,2754635238.0
faint_shared,J134133.73+090356.7,5.0,5.0,3473338341.0
faint_shared,J134133.73+090356.7,6.0,5.0,3914769714.0
faint_shared,J134133.73+090356.7,7.0,5.0,2251227525.0
faint_shared,J134133.73+090356.7,8.0,5.0,706850747.0
faint_shared,J134133.73+090356.7,9.0,5.0,2810613685.0
faint_shared,J134133.73+090356.7,10.0,5.0,3997120151.0
faint_shared,J134133.73+090356.7,11.0,5.0,305213384.0
faint_shared,J134133.73+090356.7,12.0,5.0,3760830582.0
faint_shared,J134133.73+090356.7,13.0,5.0,79538383.0
faint_shared,J134133.73+090356.7,14.0,5.0,3435095988.0
faint_shared,J134133.73+090356.7,15.0,5.0,3242811197.0
faint_shared,J134133.73+090356.7,16.0,5.0,4182276094.0
faint_shared,J134133.73+090356.7,17.0,5.0,3144379582.0
faint_shared,J134133.73+090356.7,18.0,5.0,2944769049.0
faint_shared,J134133.73+090356.7,19.0,5.0,2305726999.0
faint_shared,J134133.73+090356.7,20.0,5.0,3665441058.0
faint_shared,J134133.73+090356.7,21.0,5.0,2315263885.0
faint_shared,J134133.73+090356.7,22.0,5.0,3807099629.0
faint_shared,J134133.73+090356.7,23.0,5.0,4182215474.0
faint_shared,J134133.73+090356.7,24.0,5.0,1996828808.0
faint_shared,J134133.73+090356.7,25.0,5.0,1239908495.0
faint_shared,J134133.73+090356.7,26.0,5.0,2614441584.0
faint_shared,J134133.73+090356.7,27.0,5.0,2654497998.0
faint_shared,J134133.73+090356.7,28.0,5.0,2422425292.0
faint_shared,J134133.73+090356.7,29.0,5.0,1883547952.0
faint_shared,J134133.73+090356.7,30.0,5.0,3617439972.0
faint_shared,J134133.73+090356.7,31.0,5.0,1409245577.0
faint_shared,J134133.73+090356.7,32.0,5.0,3456252662.0
faint_shared,J134133.73+090356.7,33.0,5.0,2323235983.0
faint_shared,J134133.73+090356.7,34.0,5.0,352040792.0
faint_shared,J134133.73+090356.7,35.0,5.0,67935058.0
faint_shared,J134133.73+090356.7,36.0,5.0,2105126970.0
faint_shared,J134133.73+090356.7,37.0,5.0,683746121.0
faint_shared,J134133.73+090356.7,38.0,5.0,4193488891.0
faint_shared,J134133.73+090356.7,39.0,5.0,813105379.0
faint_shared,J134133.73+090356.7,40.0,5.0,2091993869.0
faint_shared,J134133.73+090356.7,41.0,5.0,315215586.0
faint_shared,J134133.73+090356.7,42.0,5.0,2406891750.0
faint_shared,J134133.73+090356.7,43.0,5.0,3804413554.0
faint_shared,J134133.73+090356.7,44.0,5.0,1190544408.0
faint_shared,J134133.73+090356.7,45.0,5.0,220720098.0
faint_shared,J134133.73+090356.7,46.0,5.0,2464645800.0
faint_shared,J134133.73+090356.7,47.0,5.0,3136848089.0
faint_shared,J134133.73+090356.7,48.0,5.0,3300190561.0
faint_shared,J134133.73+090356.7,49.0,5.0,603270969.0
faint_shared,J135255.68+252859.6,0.0,10.0,4150088081.0
faint_shared,J135255.68+252859.6,1.0,10.0,1546335462.0
faint_shared,J135255.68+252859.6,2.0,10.0,523130774.0
faint_shared,J135255.68+252859.6,3.0,10.0,2047146851.0
faint_shared,J135255.68+252859.6,4.0,10.0,2230769974.0
faint_shared,J135255.68+252859.6,5.0,10.0,1786965275.0
faint_shared,J135255.68+252859.6,6.0,10.0,329109099.0
faint_shared,J135255.68+252859.6,7.0,10.0,3828268554.0
faint_shared,J135255.68+252859.6,8.0,10.0,4166317573.0
faint_shared,J135255.68+252859.6,9.0,10.0,2160201274.0
faint_shared,J135255.68+252859.6,10.0,10.0,3792942102.0
faint_shared,J135255.68+252859.6,11.0,10.0,2050519271.0
faint_shared,J135255.68+252859.6,12.0,10.0,2941736655.0
faint_shared,J135255.68+252859.6,13.0,10.0,158167347.0
faint_shared,J135255.68+252859.6,14.0,10.0,289728760.0
faint_shared,J135255.68+252859.6,15.0,10.0,1558236736.0
faint_shared,J135255.68+252859.6,16.0,10.0,2580084841.0
faint_shared,J135255.68+252859.6,17.0,10.0,3570944843.0
faint_shared,J135255.68+252859.6,18.0,10.0,4286047909.0
faint_shared,J135255.68+252859.6,19.0,10.0,3434005764.0
faint_shared,J135255.68+252859.6,20.0,10.0,1050578102.0
faint_shared,J135255.68+252859.6,21.0,10.0,2094629708.0
faint_shared,J135255.68+252859.6,22.0,10.0,3013557784.0
faint_shared,J135255.68+252859.6,23.0,10.0,3201513388.0
faint_shared,J135255.68+252859.6,24.0,10.0,678002111.0
faint_shared,J135255.68+252859.6,25.0,10.0,3899550635.0
faint_shared,J135255.68+252859.6,26.0,10.0,2731220950.0
faint_shared,J135255.68+252859.6,27.0,10.0,1956115637.0
faint_shared,J135255.68+252859.6,28.0,10.0,3781641692.0
faint_shared,J135255.68+252859.6,29.0,10.0,2902134765.0
faint_shared,J135255.68+252859.6,30.0,10.0,2210839590.0
faint_shared,J135255.68+252859.6,31.0,10.0,2317568317.0
faint_shared,J135255.68+252859.6,32.0,10.0,3563433265.0
faint_shared,J135255.68+252859.6,33.0,10.0,3447705937.0
faint_shared,J135255.68+252859.6,34.0,10.0,1532755131.0
faint_shared,J135255.68+252859.6,35.0,10.0,163307060.0
faint_shared,J135255.68+252859.6,36.0,10.0,722501984.0
faint_shared,J135255.68+252859.6,37.0,10.0,4228229953.0
faint_shared,J135255.68+252859.6,38.0,10.0,4231960270.0
faint_shared,J135255.68+252859.6,39.0,10.0,2973189912.0
faint_shared,J135255.68+252859.6,40.0,10.0,206686854.0
faint_shared,J135255.68+252859.6,41.0,10.0,1784978552.0
faint_shared,J135255.68+252859.6,42.0,10.0,1663038348.0
faint_shared,J135255.68+252859.6,43.0,10.0,55367249.0
faint_shared,J135255.68+252859.6,44.0,10.0,494743872.0
faint_shared,J135255.68+252859.6,45.0,10.0,3370961700.0
faint_shared,J135255.68+252859.6,46.0,10.0,2467504153.0
faint_shared,J135255.68+252859.6,47.0,10.0,4121392537.0
faint_shared,J135255.68+252859.6,48.0,10.0,3524789182.0
faint_shared,J135255.68+252859.6,49.0,10.0,283993920.0
faint_shared,J135255.68+252859.6,0.0,5.0,3256708611.0
faint_shared,J135255.68+252859.6,1.0,5.0,4235082767.0
faint_shared,J135255.68+252859.6,2.0,5.0,1516669604.0
faint_shared,J135255.68+252859.6,3.0,5.0,1063559760.0
faint_shared,J135255.68+252859.6,4.0,5.0,15740821.0
faint_shared,J135255.68+252859.6,5.0,5.0,3800670207.0
faint_shared,J135255.68+252859.6,6.0,5.0,3342415227.0
faint_shared,J135255.68+252859.6,7.0,5.0,1482450303.0
faint_shared,J135255.68+252859.6,8.0,5.0,1170634214.0
faint_shared,J135255.68+252859.6,9.0,5.0,477589765.0
faint_shared,J135255.68+252859.6,10.0,5.0,3853045265.0
faint_shared,J135255.68+252859.6,11.0,5.0,4165267647.0
faint_shared,J135255.68+252859.6,12.0,5.0,1849301898.0
faint_shared,J135255.68+252859.6,13.0,5.0,4158731789.0
faint_shared,J135255.68+252859.6,14.0,5.0,222817359.0
faint_shared,J135255.68+252859.6,15.0,5.0,267485646.0
faint_shared,J135255.68+252859.6,16.0,5.0,3071795156.0
faint_shared,J135255.68+252859.6,17.0,5.0,420706744.0
faint_shared,J135255.68+252859.6,18.0,5.0,1793229665.0
faint_shared,J135255.68+252859.6,19.0,5.0,1872198039.0
faint_shared,J135255.68+252859.6,20.0,5.0,1176809392.0
faint_shared,J135255.68+252859.6,21.0,5.0,2266014797.0
faint_shared,J135255.68+252859.6,22.0,5.0,589418132.0
faint_shared,J135255.68+252859.6,23.0,5.0,3773951350.0
faint_shared,J135255.68+252859.6,24.0,5.0,1963348166.0
faint_shared,J135255.68+252859.6,25.0,5.0,3142689096.0
faint_shared,J135255.68+252859.6,26.0,5.0,2677024976.0
faint_shared,J135255.68+252859.6,27.0,5.0,1229415159.0
faint_shared,J135255.68+252859.6,28.0,5.0,1404380614.0
faint_shared,J135255.68+252859.6,29.0,5.0,1120854116.0
faint_shared,J135255.68+252859.6,30.0,5.0,3095453159.0
faint_shared,J135255.68+252859.6,31.0,5.0,1120245462.0
faint_shared,J135255.68+252859.6,32.0,5.0,1237661620.0
faint_shared,J135255.68+252859.6,33.0,5.0,2175756903.0
faint_shared,J135255.68+252859.6,34.0,5.0,3628691575.0
faint_shared,J135255.68+252859.6,35.0,5.0,2841935293.0
faint_shared,J135255.68+252859.6,36.0,5.0,2856694196.0
faint_shared,J135255.68+252859.6,37.0,5.0,569869541.0
faint_shared,J135255.68+252859.6,38.0,5.0,1385859873.0
faint_shared,J135255.68+252859.6,39.0,5.0,2789988326.0
faint_shared,J135255.68+252859.6,40.0,5.0,2020486254.0
faint_shared,J135255.68+252859.6,41.0,5.0,880844597.0
faint_shared,J135255.68+252859.6,42.0,5.0,2775805389.0
faint_shared,J135255.68+252859.6,43.0,5.0,753751370.0
faint_shared,J135255.68+252859.6,44.0,5.0,2323112868.0
faint_shared,J135255.68+252859.6,45.0,5.0,3419895115.0
faint_shared,J135255.68+252859.6,46.0,5.0,1564516007.0
faint_shared,J135255.68+252859.6,47.0,5.0,4219296394.0
faint_shared,J135255.68+252859.6,48.0,5.0,396814475.0
faint_shared,J135255.68+252859.6,49.0,5.0,1409137414.0
faint_shared,J135750.26+614309.0,0.0,5.0,258368692.0
faint_shared,J135750.26+614309.0,1.0,5.0,1588730461.0
faint_shared,J135750.26+614309.0,2.0,5.0,3382895737.0
faint_shared,J135750.26+614309.0,3.0,5.0,1630083599.0
faint_shared,J135750.26+614309.0,4.0,5.0,1227994860.0
faint_shared,J135750.26+614309.0,5.0,5.0,1765273684.0
faint_shared,J135750.26+614309.0,6.0,5.0,316035774.0
faint_shared,J135750.26+614309.0,7.0,5.0,3077170391.0
faint_shared,J135750.26+614309.0,8.0,5.0,4070194706.0
faint_shared,J135750.26+614309.0,9.0,5.0,1378700044.0
faint_shared,J135750.26+614309.0,10.0,5.0,2168655545.0
faint_shared,J135750.26+614309.0,11.0,5.0,3362851988.0
faint_shared,J135750.26+614309.0,12.0,5.0,1655160727.0
faint_shared,J135750.26+614309.0,13.0,5.0,655607732.0
faint_shared,J135750.26+614309.0,14.0,5.0,615700362.0
faint_shared,J135750.26+614309.0,15.0,5.0,2282460471.0
faint_shared,J135750.26+614309.0,16.0,5.0,2034142560.0
faint_shared,J135750.26+614309.0,17.0,5.0,715036494.0
faint_shared,J135750.26+614309.0,18.0,5.0,3868987454.0
faint_shared,J135750.26+614309.0,19.0,5.0,3550910841.0
faint_shared,J135750.26+614309.0,20.0,5.0,2956668602.0
faint_shared,J135750.26+614309.0,21.0,5.0,2759454714.0
faint_shared,J135750.26+614309.0,22.0,5.0,3291951461.0
faint_shared,J135750.26+614309.0,23.0,5.0,2280908684.0
faint_shared,J135750.26+614309.0,24.0,5.0,1834782892.0
faint_shared,J135750.26+614309.0,25.0,5.0,3191321822.0
faint_shared,J135750.26+614309.0,26.0,5.0,2776222177.0
faint_shared,J135750.26+614309.0,27.0,5.0,2093406925.0
faint_shared,J135750.26+614309.0,28.0,5.0,1168876956.0
faint_shared,J135750.26+614309.0,29.0,5.0,359360943.0
faint_shared,J135750.26+614309.0,30.0,5.0,1770016286.0
faint_shared,J135750.26+614309.0,31.0,5.0,2641419574.0
faint_shared,J135750.26+614309.0,32.0,5.0,4036907350.0
faint_shared,J135750.26+614309.0,33.0,5.0,3237322030.0
faint_shared,J135750.26+614309.0,34.0,5.0,1583089989.0
faint_shared,J135750.26+614309.0,35.0,5.0,3941220728.0
faint_shared,J135750.26+614309.0,36.0,5.0,998145011.0
faint_shared,J135750.26+614309.0,37.0,5.0,2999372188.0
faint_shared,J135750.26+614309.0,38.0,5.0,3988276991.0
faint_shared,J135750.26+614309.0,39.0,5.0,2438595104.0
faint_shared,J135750.26+614309.0,40.0,5.0,4217755350.0
faint_shared,J135750.26+614309.0,41.0,5.0,3715361632.0
faint_shared,J135750.26+614309.0,42.0,5.0,3758143134.0
faint_shared,J135750.26+614309.0,43.0,5.0,2054118688.0
faint_shared,J135750.26+614309.0,44.0,5.0,2204180610.0
faint_shared,J135750.26+614309.0,45.0,5.0,1008438440.0
faint_shared,J135750.26+614309.0,46.0,5.0,1599004535.0
faint_shared,J135750.26+614309.0,47.0,5.0,2836557876.0
faint_shared,J135750.26+614309.0,48.0,5.0,1318058591.0
faint_shared,J135750.26+614309.0,49.0,5.0,989335649.0
faint_shared,J140207.59+284859.3,0.0,5.0,1480471256.0
faint_shared,J140207.59+284859.3,1.0,5.0,4158980965.0
faint_shared,J140207.59+284859.3,2.0,5.0,990920651.0
faint_shared,J140207.59+284859.3,3.0,5.0,2582542705.0
faint_shared,J140207.59+284859.3,4.0,5.0,534205230.0
faint_shared,J140207.59+284859.3,5.0,5.0,3107820069.0
faint_shared,J140207.59+284859.3,6.0,5.0,158517568.0
faint_shared,J140207.59+284859.3,7.0,5.0,2691906880.0
faint_shared,J140207.59+284859.3,8.0,5.0,2566174471.0
faint_shared,J140207.59+284859.3,9.0,5.0,2758576025.0
faint_shared,J140207.59+284859.3,10.0,5.0,565528083.0
faint_shared,J140207.59+284859.3,11.0,5.0,3045491309.0
faint_shared,J140207.59+284859.3,12.0,5.0,3664486510.0
faint_shared,J140207.59+284859.3,13.0,5.0,2181457585.0
faint_shared,J140207.59+284859.3,14.0,5.0,1366397634.0
faint_shared,J140207.59+284859.3,15.0,5.0,2086727104.0
faint_shared,J140207.59+284859.3,16.0,5.0,2580115130.0
faint_shared,J140207.59+284859.3,17.0,5.0,726343258.0
faint_shared,J140207.59+284859.3,18.0,5.0,4287172359.0
faint_shared,J140207.59+284859.3,19.0,5.0,2722371659.0
faint_shared,J140207.59+284859.3,20.0,5.0,1330466524.0
faint_shared,J140207.59+284859.3,21.0,5.0,1856917344.0
faint_shared,J140207.59+284859.3,22.0,5.0,3367095267.0
faint_shared,J140207.59+284859.3,23.0,5.0,4185686235.0
faint_shared,J140207.59+284859.3,24.0,5.0,1921540114.0
faint_shared,J140207.59+284859.3,25.0,5.0,3217082294.0
faint_shared,J140207.59+284859.3,26.0,5.0,177953393.0
faint_shared,J140207.59+284859.3,27.0,5.0,540494552.0
faint_shared,J140207.59+284859.3,28.0,5.0,1075101386.0
faint_shared,J140207.59+284859.3,29.0,5.0,2060125187.0
faint_shared,J140207.59+284859.3,30.0,5.0,3643102598.0
faint_shared,J140207.59+284859.3,31.0,5.0,104988810.0
faint_shared,J140207.59+284859.3,32.0,5.0,712084450.0
faint_shared,J140207.59+284859.3,33.0,5.0,2316293185.0
faint_shared,J140207.59+284859.3,34.0,5.0,152640880.0
faint_shared,J140207.59+284859.3,35.0,5.0,2053799492.0
faint_shared,J140207.59+284859.3,36.0,5.0,1350909769.0
faint_shared,J140207.59+284859.3,37.0,5.0,295520651.0
faint_shared,J140207.59+284859.3,38.0,5.0,4078847262.0
faint_shared,J140207.59+284859.3,39.0,5.0,3705276959.0
faint_shared,J140207.59+284859.3,40.0,5.0,1828814581.0
faint_shared,J140207.59+284859.3,41.0,5.0,435785226.0
faint_shared,J140207.59+284859.3,42.0,5.0,3873187664.0
faint_shared,J140207.59+284859.3,43.0,5.0,306867310.0
faint_shared,J140207.59+284859.3,44.0,5.0,3515929113.0
faint_shared,J140207.59+284859.3,45.0,5.0,2756485977.0
faint_shared,J140207.59+284859.3,46.0,5.0,60572906.0
faint_shared,J140207.59+284859.3,47.0,5.0,416832359.0
faint_shared,J140207.59+284859.3,48.0,5.0,3033944464.0
faint_shared,J140207.59+284859.3,49.0,5.0,1487762845.0
faint_shared,J140515.59+542458.0,0.0,10.0,837764045.0
faint_shared,J140515.59+542458.0,1.0,10.0,3939284356.0
faint_shared,J140515.59+542458.0,2.0,10.0,797807873.0
faint_shared,J140515.59+542458.0,3.0,10.0,3922487193.0
faint_shared,J140515.59+542458.0,4.0,10.0,1018040397.0
faint_shared,J140515.59+542458.0,5.0,10.0,1433215619.0
faint_shared,J140515.59+542458.0,6.0,10.0,587539318.0
faint_shared,J140515.59+542458.0,7.0,10.0,3351780640.0
faint_shared,J140515.59+542458.0,8.0,10.0,2929928031.0
faint_shared,J140515.59+542458.0,9.0,10.0,473317647.0
faint_shared,J140515.59+542458.0,10.0,10.0,1388437363.0
faint_shared,J140515.59+542458.0,11.0,10.0,2885969130.0
faint_shared,J140515.59+542458.0,12.0,10.0,86551193.0
faint_shared,J140515.59+542458.0,13.0,10.0,1417073286.0
faint_shared,J140515.59+542458.0,14.0,10.0,3609869561.0
faint_shared,J140515.59+542458.0,15.0,10.0,2889141335.0
faint_shared,J140515.59+542458.0,16.0,10.0,2183534146.0
faint_shared,J140515.59+542458.0,17.0,10.0,321277664.0
faint_shared,J140515.59+542458.0,18.0,10.0,1164977251.0
faint_shared,J140515.59+542458.0,19.0,10.0,2146896434.0
faint_shared,J140515.59+542458.0,20.0,10.0,4087581013.0
faint_shared,J140515.59+542458.0,21.0,10.0,372996639.0
faint_shared,J140515.59+542458.0,22.0,10.0,3709836941.0
faint_shared,J140515.59+542458.0,23.0,10.0,1152598960.0
faint_shared,J140515.59+542458.0,24.0,10.0,1078018866.0
faint_shared,J140515.59+542458.0,25.0,10.0,430999732.0
faint_shared,J140515.59+542458.0,26.0,10.0,3367060513.0
faint_shared,J140515.59+542458.0,27.0,10.0,3477856874.0
faint_shared,J140515.59+542458.0,28.0,10.0,1405645824.0
faint_shared,J140515.59+542458.0,29.0,10.0,1831927996.0
faint_shared,J140515.59+542458.0,30.0,10.0,3317837602.0
faint_shared,J140515.59+542458.0,31.0,10.0,150663588.0
faint_shared,J140515.59+542458.0,32.0,10.0,3840461953.0
faint_shared,J140515.59+542458.0,33.0,10.0,1307432239.0
faint_shared,J140515.59+542458.0,34.0,10.0,110950736.0
faint_shared,J140515.59+542458.0,35.0,10.0,2049408778.0
faint_shared,J140515.59+542458.0,36.0,10.0,2727808178.0
faint_shared,J140515.59+542458.0,37.0,10.0,90624323.0
faint_shared,J140515.59+542458.0,38.0,10.0,962862982.0
faint_shared,J140515.59+542458.0,39.0,10.0,753668078.0
faint_shared,J140515.59+542458.0,40.0,10.0,252103743.0
faint_shared,J140515.59+542458.0,41.0,10.0,1324397711.0
faint_shared,J140515.59+542458.0,42.0,10.0,2730924922.0
faint_shared,J140515.59+542458.0,43.0,10.0,712899521.0
faint_shared,J140515.59+542458.0,44.0,10.0,3524704989.0
faint_shared,J140515.59+542458.0,45.0,10.0,232218051.0
faint_shared,J140515.59+542458.0,46.0,10.0,4197241891.0
faint_shared,J140515.59+542458.0,47.0,10.0,3682958578.0
faint_shared,J140515.59+542458.0,48.0,10.0,444225781.0
faint_shared,J140515.59+542458.0,49.0,10.0,2757784199.0
faint_shared,J140515.59+542458.0,0.0,5.0,2006446537.0
faint_shared,J140515.59+542458.0,1.0,5.0,401189587.0
faint_shared,J140515.59+542458.0,2.0,5.0,600408296.0
faint_shared,J140515.59+542458.0,3.0,5.0,3095532860.0
faint_shared,J140515.59+542458.0,4.0,5.0,1885395856.0
faint_shared,J140515.59+542458.0,5.0,5.0,4100374134.0
faint_shared,J140515.59+542458.0,6.0,5.0,51803859.0
faint_shared,J140515.59+542458.0,7.0,5.0,1008436022.0
faint_shared,J140515.59+542458.0,8.0,5.0,3286221340.0
faint_shared,J140515.59+542458.0,9.0,5.0,3014800782.0
faint_shared,J140515.59+542458.0,10.0,5.0,3620670723.0
faint_shared,J140515.59+542458.0,11.0,5.0,230174052.0
faint_shared,J140515.59+542458.0,12.0,5.0,3894431344.0
faint_shared,J140515.59+542458.0,13.0,5.0,3555063397.0
faint_shared,J140515.59+542458.0,14.0,5.0,2164320069.0
faint_shared,J140515.59+542458.0,15.0,5.0,3083831753.0
faint_shared,J140515.59+542458.0,16.0,5.0,3816751345.0
faint_shared,J140515.59+542458.0,17.0,5.0,969687859.0
faint_shared,J140515.59+542458.0,18.0,5.0,1731588745.0
faint_shared,J140515.59+542458.0,19.0,5.0,2893380143.0
faint_shared,J140515.59+542458.0,20.0,5.0,3201401664.0
faint_shared,J140515.59+542458.0,21.0,5.0,4153168429.0
faint_shared,J140515.59+542458.0,22.0,5.0,2712434388.0
faint_shared,J140515.59+542458.0,23.0,5.0,299272388.0
faint_shared,J140515.59+542458.0,24.0,5.0,1616256289.0
faint_shared,J140515.59+542458.0,25.0,5.0,2322612001.0
faint_shared,J140515.59+542458.0,26.0,5.0,589944954.0
faint_shared,J140515.59+542458.0,27.0,5.0,62841483.0
faint_shared,J140515.59+542458.0,28.0,5.0,1585377468.0
faint_shared,J140515.59+542458.0,29.0,5.0,572495492.0
faint_shared,J140515.59+542458.0,30.0,5.0,314185079.0
faint_shared,J140515.59+542458.0,31.0,5.0,3247175739.0
faint_shared,J140515.59+542458.0,32.0,5.0,1564360657.0
faint_shared,J140515.59+542458.0,33.0,5.0,4262910589.0
faint_shared,J140515.59+542458.0,34.0,5.0,616136299.0
faint_shared,J140515.59+542458.0,35.0,5.0,1282932664.0
faint_shared,J140515.59+542458.0,36.0,5.0,577827114.0
faint_shared,J140515.59+542458.0,37.0,5.0,659697555.0
faint_shared,J140515.59+542458.0,38.0,5.0,1509867721.0
faint_shared,J140515.59+542458.0,39.0,5.0,2269626995.0
faint_shared,J140515.59+542458.0,40.0,5.0,3891290396.0
faint_shared,J140515.59+542458.0,41.0,5.0,2458676869.0
faint_shared,J140515.59+542458.0,42.0,5.0,1014685393.0
faint_shared,J140515.59+542458.0,43.0,5.0,610071896.0
faint_shared,J140515.59+542458.0,44.0,5.0,1805478616.0
faint_shared,J140515.59+542458.0,45.0,5.0,572078973.0
faint_shared,J140515.59+542458.0,46.0,5.0,1188543244.0
faint_shared,J140515.59+542458.0,47.0,5.0,3777403602.0
faint_shared,J140515.59+542458.0,48.0,5.0,2122343011.0
faint_shared,J140515.59+542458.0,49.0,5.0,1083814264.0
faint_shared,J150026.17+374732.4,0.0,5.0,672396298.0
faint_shared,J150026.17+374732.4,1.0,5.0,1553627440.0
faint_shared,J150026.17+374732.4,2.0,5.0,2981375222.0
faint_shared,J150026.17+374732.4,3.0,5.0,249009833.0
faint_shared,J150026.17+374732.4,4.0,5.0,2179749111.0
faint_shared,J150026.17+374732.4,5.0,5.0,2562522847.0
faint_shared,J150026.17+374732.4,6.0,5.0,629742049.0
faint_shared,J150026.17+374732.4,7.0,5.0,457883305.0
faint_shared,J150026.17+374732.4,8.0,5.0,3745592304.0
faint_shared,J150026.17+374732.4,9.0,5.0,3808728218.0
faint_shared,J150026.17+374732.4,10.0,5.0,1329705821.0
faint_shared,J150026.17+374732.4,11.0,5.0,343109319.0
faint_shared,J150026.17+374732.4,12.0,5.0,2472719021.0
faint_shared,J150026.17+374732.4,13.0,5.0,2083315336.0
faint_shared,J150026.17+374732.4,14.0,5.0,1378327418.0
faint_shared,J150026.17+374732.4,15.0,5.0,2078930651.0
faint_shared,J150026.17+374732.4,16.0,5.0,1806372412.0
faint_shared,J150026.17+374732.4,17.0,5.0,3736313065.0
faint_shared,J150026.17+374732.4,18.0,5.0,2439113890.0
faint_shared,J150026.17+374732.4,19.0,5.0,1010689228.0
faint_shared,J150026.17+374732.4,20.0,5.0,2609854071.0
faint_shared,J150026.17+374732.4,21.0,5.0,3335648491.0
faint_shared,J150026.17+374732.4,22.0,5.0,1456272339.0
faint_shared,J150026.17+374732.4,23.0,5.0,295296315.0
faint_shared,J150026.17+374732.4,24.0,5.0,1888510579.0
faint_shared,J150026.17+374732.4,25.0,5.0,326951377.0
faint_shared,J150026.17+374732.4,26.0,5.0,1671489091.0
faint_shared,J150026.17+374732.4,27.0,5.0,3317906678.0
faint_shared,J150026.17+374732.4,28.0,5.0,401470342.0
faint_shared,J150026.17+374732.4,29.0,5.0,10380939.0
faint_shared,J150026.17+374732.4,30.0,5.0,2054627957.0
faint_shared,J150026.17+374732.4,31.0,5.0,391769435.0
faint_shared,J150026.17+374732.4,32.0,5.0,2844548337.0
faint_shared,J150026.17+374732.4,33.0,5.0,2907198167.0
faint_shared,J150026.17+374732.4,34.0,5.0,964752071.0
faint_shared,J150026.17+374732.4,35.0,5.0,4234582755.0
faint_shared,J150026.17+374732.4,36.0,5.0,2307087434.0
faint_shared,J150026.17+374732.4,37.0,5.0,1358542866.0
faint_shared,J150026.17+374732.4,38.0,5.0,2590935687.0
faint_shared,J150026.17+374732.4,39.0,5.0,3432691554.0
faint_shared,J150026.17+374732.4,40.0,5.0,3653779093.0
faint_shared,J150026.17+374732.4,41.0,5.0,4109411345.0
faint_shared,J150026.17+374732.4,42.0,5.0,4285765454.0
faint_shared,J150026.17+374732.4,43.0,5.0,198398983.0
faint_shared,J150026.17+374732.4,44.0,5.0,4113801429.0
faint_shared,J150026.17+374732.4,45.0,5.0,891157653.0
faint_shared,J150026.17+374732.4,46.0,5.0,802547929.0
faint_shared,J150026.17+374732.4,47.0,5.0,2896209599.0
faint_shared,J150026.17+374732.4,48.0,5.0,2297344314.0
faint_shared,J150026.17+374732.4,49.0,5.0,2224531297.0
faint_shared,J152904.77+024640.4,0.0,5.0,2399848356.0
faint_shared,J152904.77+024640.4,1.0,5.0,1300742443.0
faint_shared,J152904.77+024640.4,2.0,5.0,2525686773.0
faint_shared,J152904.77+024640.4,3.0,5.0,775241811.0
faint_shared,J152904.77+024640.4,4.0,5.0,1841983210.0
faint_shared,J152904.77+024640.4,5.0,5.0,3007666226.0
faint_shared,J152904.77+024640.4,6.0,5.0,2127149545.0
faint_shared,J152904.77+024640.4,7.0,5.0,2058435846.0
faint_shared,J152904.77+024640.4,8.0,5.0,3933338985.0
faint_shared,J152904.77+024640.4,9.0,5.0,4277638987.0
faint_shared,J152904.77+024640.4,10.0,5.0,1663453505.0
faint_shared,J152904.77+024640.4,11.0,5.0,3346395747.0
faint_shared,J152904.77+024640.4,12.0,5.0,599869067.0
faint_shared,J152904.77+024640.4,13.0,5.0,1616300001.0
faint_shared,J152904.77+024640.4,14.0,5.0,1352857551.0
faint_shared,J152904.77+024640.4,15.0,5.0,2337466033.0
faint_shared,J152904.77+024640.4,16.0,5.0,3726714874.0
faint_shared,J152904.77+024640.4,17.0,5.0,2340415668.0
faint_shared,J152904.77+024640.4,18.0,5.0,1364991908.0
faint_shared,J152904.77+024640.4,19.0,5.0,2787961521.0
faint_shared,J152904.77+024640.4,20.0,5.0,2808014853.0
faint_shared,J152904.77+024640.4,21.0,5.0,4094150326.0
faint_shared,J152904.77+024640.4,22.0,5.0,4045536421.0
faint_shared,J152904.77+024640.4,23.0,5.0,4069914158.0
faint_shared,J152904.77+024640.4,24.0,5.0,416923408.0
faint_shared,J152904.77+024640.4,25.0,5.0,1312475740.0
faint_shared,J152904.77+024640.4,26.0,5.0,2712169380.0
faint_shared,J152904.77+024640.4,27.0,5.0,3743960744.0
faint_shared,J152904.77+024640.4,28.0,5.0,3462278621.0
faint_shared,J152904.77+024640.4,29.0,5.0,3935533969.0
faint_shared,J152904.77+024640.4,30.0,5.0,1321718940.0
faint_shared,J152904.77+024640.4,31.0,5.0,4166199834.0
faint_shared,J152904.77+024640.4,32.0,5.0,4174691761.0
faint_shared,J152904.77+024640.4,33.0,5.0,3691861950.0
faint_shared,J152904.77+024640.4,34.0,5.0,836058779.0
faint_shared,J152904.77+024640.4,35.0,5.0,923308078.0
faint_shared,J152904.77+024640.4,36.0,5.0,358257918.0
faint_shared,J152904.77+024640.4,37.0,5.0,3274938680.0
faint_shared,J152904.77+024640.4,38.0,5.0,525069024.0
faint_shared,J152904.77+024640.4,39.0,5.0,3224881267.0
faint_shared,J152904.77+024640.4,40.0,5.0,486672556.0
faint_shared,J152904.77+024640.4,41.0,5.0,3998712900.0
faint_shared,J152904.77+024640.4,42.0,5.0,2627830311.0
faint_shared,J152904.77+024640.4,43.0,5.0,553616264.0
faint_shared,J152904.77+024640.4,44.0,5.0,177510525.0
faint_shared,J152904.77+024640.4,45.0,5.0,3507126255.0
faint_shared,J152904.77+024640.4,46.0,5.0,1966799967.0
faint_shared,J152904.77+024640.4,47.0,5.0,3623715026.0
faint_shared,J152904.77+024640.4,48.0,5.0,3510841388.0
faint_shared,J152904.77+024640.4,49.0,5.0,1356856787.0
faint_shared,J160157.53+490207.8,0.0,5.0,425897140.0
faint_shared,J160157.53+490207.8,1.0,5.0,445638946.0
faint_shared,J160157.53+490207.8,2.0,5.0,1053355852.0
faint_shared,J160157.53+490207.8,3.0,5.0,3451252125.0
faint_shared,J160157.53+490207.8,4.0,5.0,3153711958.0
faint_shared,J160157.53+490207.8,5.0,5.0,1672797302.0
faint_shared,J160157.53+490207.8,6.0,5.0,3615578345.0
faint_shared,J160157.53+490207.8,7.0,5.0,577419998.0
faint_shared,J160157.53+490207.8,8.0,5.0,1647128068.0
faint_shared,J160157.53+490207.8,9.0,5.0,949966045.0
faint_shared,J160157.53+490207.8,10.0,5.0,3488254108.0
faint_shared,J160157.53+490207.8,11.0,5.0,1639272630.0
faint_shared,J160157.53+490207.8,12.0,5.0,3662912708.0
faint_shared,J160157.53+490207.8,13.0,5.0,4121530152.0
faint_shared,J160157.53+490207.8,14.0,5.0,781188033.0
faint_shared,J160157.53+490207.8,15.0,5.0,3970926245.0
faint_shared,J160157.53+490207.8,16.0,5.0,3730577280.0
faint_shared,J160157.53+490207.8,17.0,5.0,530851149.0
faint_shared,J160157.53+490207.8,18.0,5.0,3842871976.0
faint_shared,J160157.53+490207.8,19.0,5.0,2051421299.0
faint_shared,J160157.53+490207.8,20.0,5.0,3322176845.0
faint_shared,J160157.53+490207.8,21.0,5.0,631742000.0
faint_shared,J160157.53+490207.8,22.0,5.0,63931793.0
faint_shared,J160157.53+490207.8,23.0,5.0,2874976363.0
faint_shared,J160157.53+490207.8,24.0,5.0,3817764467.0
faint_shared,J160157.53+490207.8,25.0,5.0,2214072949.0
faint_shared,J160157.53+490207.8,26.0,5.0,3806380162.0
faint_shared,J160157.53+490207.8,27.0,5.0,2260622379.0
faint_shared,J160157.53+490207.8,28.0,5.0,4048073050.0
faint_shared,J160157.53+490207.8,29.0,5.0,3161989859.0
faint_shared,J160157.53+490207.8,30.0,5.0,3454299123.0
faint_shared,J160157.53+490207.8,31.0,5.0,465098002.0
faint_shared,J160157.53+490207.8,32.0,5.0,1846284755.0
faint_shared,J160157.53+490207.8,33.0,5.0,58798255.0
faint_shared,J160157.53+490207.8,34.0,5.0,3458148835.0
faint_shared,J160157.53+490207.8,35.0,5.0,2088961419.0
faint_shared,J160157.53+490207.8,36.0,5.0,2235006857.0
faint_shared,J160157.53+490207.8,37.0,5.0,3108772805.0
faint_shared,J160157.53+490207.8,38.0,5.0,384349233.0
faint_shared,J160157.53+490207.8,39.0,5.0,1606998555.0
faint_shared,J160157.53+490207.8,40.0,5.0,2587443943.0
faint_shared,J160157.53+490207.8,41.0,5.0,3188159593.0
faint_shared,J160157.53+490207.8,42.0,5.0,114803726.0
faint_shared,J160157.53+490207.8,43.0,5.0,3438677908.0
faint_shared,J160157.53+490207.8,44.0,5.0,330152023.0
faint_shared,J160157.53+490207.8,45.0,5.0,1051668811.0
faint_shared,J160157.53+490207.8,46.0,5.0,1024731265.0
faint_shared,J160157.53+490207.8,47.0,5.0,488844940.0
faint_shared,J160157.53+490207.8,48.0,5.0,628425291.0
faint_shared,J160157.53+490207.8,49.0,5.0,1064877733.0
faint_shared,SDSSJ000236.25-002724.8,0.0,10.0,2770016597.0
faint_shared,SDSSJ000236.25-002724.8,1.0,10.0,924341243.0
faint_shared,SDSSJ000236.25-002724.8,2.0,10.0,3488619996.0
faint_shared,SDSSJ000236.25-002724.8,3.0,10.0,3937047914.0
faint_shared,SDSSJ000236.25-002724.8,4.0,10.0,2568403730.0
faint_shared,SDSSJ000236.25-002724.8,5.0,10.0,1827962298.0
faint_shared,SDSSJ000236.25-002724.8,6.0,10.0,3985745438.0
faint_shared,SDSSJ000236.25-002724.8,7.0,10.0,4104022552.0
faint_shared,SDSSJ000236.25-002724.8,8.0,10.0,1845472692.0
faint_shared,SDSSJ000236.25-002724.8,9.0,10.0,589262245.0
faint_shared,SDSSJ000236.25-002724.8,10.0,10.0,3967571927.0
faint_shared,SDSSJ000236.25-002724.8,11.0,10.0,2389901812.0
faint_shared,SDSSJ000236.25-002724.8,12.0,10.0,3730975375.0
faint_shared,SDSSJ000236.25-002724.8,13.0,10.0,100428883.0
faint_shared,SDSSJ000236.25-002724.8,14.0,10.0,1588713661.0
faint_shared,SDSSJ000236.25-002724.8,15.0,10.0,978004148.0
faint_shared,SDSSJ000236.25-002724.8,16.0,10.0,265270254.0
faint_shared,SDSSJ000236.25-002724.8,17.0,10.0,493210404.0
faint_shared,SDSSJ000236.25-002724.8,18.0,10.0,1147784656.0
faint_shared,SDSSJ000236.25-002724.8,19.0,10.0,1631683172.0
faint_shared,SDSSJ000236.25-002724.8,20.0,10.0,2511041419.0
faint_shared,SDSSJ000236.25-002724.8,21.0,10.0,734582186.0
faint_shared,SDSSJ000236.25-002724.8,22.0,10.0,2746506896.0
faint_shared,SDSSJ000236.25-002724.8,23.0,10.0,1433560190.0
faint_shared,SDSSJ000236.25-002724.8,24.0,10.0,3756908348.0
faint_shared,SDSSJ000236.25-002724.8,25.0,10.0,2993716711.0
faint_shared,SDSSJ000236.25-002724.8,26.0,10.0,720551018.0
faint_shared,SDSSJ000236.25-002724.8,27.0,10.0,2496283012.0
faint_shared,SDSSJ000236.25-002724.8,28.0,10.0,562576235.0
faint_shared,SDSSJ000236.25-002724.8,29.0,10.0,1569438817.0
faint_shared,SDSSJ000236.25-002724.8,30.0,10.0,3599292803.0
faint_shared,SDSSJ000236.25-002724.8,31.0,10.0,1768413998.0
faint_shared,SDSSJ000236.25-002724.8,32.0,10.0,1098616601.0
faint_shared,SDSSJ000236.25-002724.8,33.0,10.0,1113374459.0
faint_shared,SDSSJ000236.25-002724.8,34.0,10.0,1793061704.0
faint_shared,SDSSJ000236.25-002724.8,35.0,10.0,1945047955.0
faint_shared,SDSSJ000236.25-002724.8,36.0,10.0,3801540751.0
faint_shared,SDSSJ000236.25-002724.8,37.0,10.0,4098402966.0
faint_shared,SDSSJ000236.25-002724.8,38.0,10.0,50585905.0
faint_shared,SDSSJ000236.25-002724.8,39.0,10.0,1284378849.0
faint_shared,SDSSJ000236.25-002724.8,40.0,10.0,3417900162.0
faint_shared,SDSSJ000236.25-002724.8,41.0,10.0,1070838536.0
faint_shared,SDSSJ000236.25-002724.8,42.0,10.0,1670202317.0
faint_shared,SDSSJ000236.25-002724.8,43.0,10.0,2707096474.0
faint_shared,SDSSJ000236.25-002724.8,44.0,10.0,411849659.0
faint_shared,SDSSJ000236.25-002724.8,45.0,10.0,3403858684.0
faint_shared,SDSSJ000236.25-002724.8,46.0,10.0,4240003606.0
faint_shared,SDSSJ000236.25-002724.8,47.0,10.0,2861511927.0
faint_shared,SDSSJ000236.25-002724.8,48.0,10.0,874525987.0
faint_shared,SDSSJ000236.25-002724.8,49.0,10.0,3782598997.0
faint_shared,SDSSJ000236.25-002724.8,0.0,5.0,1997686608.0
faint_shared,SDSSJ000236.25-002724.8,1.0,5.0,1621821663.0
faint_shared,SDSSJ000236.25-002724.8,2.0,5.0,1860235166.0
faint_shared,SDSSJ000236.25-002724.8,3.0,5.0,2114911422.0
faint_shared,SDSSJ000236.25-002724.8,4.0,5.0,172481589.0
faint_shared,SDSSJ000236.25-002724.8,5.0,5.0,1430003915.0
faint_shared,SDSSJ000236.25-002724.8,6.0,5.0,3223056188.0
faint_shared,SDSSJ000236.25-002724.8,7.0,5.0,352327993.0
faint_shared,SDSSJ000236.25-002724.8,8.0,5.0,3338691681.0
faint_shared,SDSSJ000236.25-002724.8,9.0,5.0,2340183976.0
faint_shared,SDSSJ000236.25-002724.8,10.0,5.0,4062273280.0
faint_shared,SDSSJ000236.25-002724.8,11.0,5.0,4080809305.0
faint_shared,SDSSJ000236.25-002724.8,12.0,5.0,1455333386.0
faint_shared,SDSSJ000236.25-002724.8,13.0,5.0,788754988.0
faint_shared,SDSSJ000236.25-002724.8,14.0,5.0,3951827018.0
faint_shared,SDSSJ000236.25-002724.8,15.0,5.0,1758641975.0
faint_shared,SDSSJ000236.25-002724.8,16.0,5.0,3485857602.0
faint_shared,SDSSJ000236.25-002724.8,17.0,5.0,811410090.0
faint_shared,SDSSJ000236.25-002724.8,18.0,5.0,3528582804.0
faint_shared,SDSSJ000236.25-002724.8,19.0,5.0,1163334184.0
faint_shared,SDSSJ000236.25-002724.8,20.0,5.0,2787313707.0
faint_shared,SDSSJ000236.25-002724.8,21.0,5.0,517371817.0
faint_shared,SDSSJ000236.25-002724.8,22.0,5.0,2338239786.0
faint_shared,SDSSJ000236.25-002724.8,23.0,5.0,870502149.0
faint_shared,SDSSJ000236.25-002724.8,24.0,5.0,3211842728.0
faint_shared,SDSSJ000236.25-002724.8,25.0,5.0,475491180.0
faint_shared,SDSSJ000236.25-002724.8,26.0,5.0,3599032665.0
faint_shared,SDSSJ000236.25-002724.8,27.0,5.0,4162074713.0
faint_shared,SDSSJ000236.25-002724.8,28.0,5.0,1191043664.0
faint_shared,SDSSJ000236.25-002724.8,29.0,5.0,2068714763.0
faint_shared,SDSSJ000236.25-002724.8,30.0,5.0,435247482.0
faint_shared,SDSSJ000236.25-002724.8,31.0,5.0,3692856186.0
faint_shared,SDSSJ000236.25-002724.8,32.0,5.0,672576305.0
faint_shared,SDSSJ000236.25-002724.8,33.0,5.0,3779679918.0
faint_shared,SDSSJ000236.25-002724.8,34.0,5.0,2075870712.0
faint_shared,SDSSJ000236.25-002724.8,35.0,5.0,2561964460.0
faint_shared,SDSSJ000236.25-002724.8,36.0,5.0,431117348.0
faint_shared,SDSSJ000236.25-002724.8,37.0,5.0,3110139717.0
faint_shared,SDSSJ000236.25-002724.8,38.0,5.0,3831430695.0
faint_shared,SDSSJ000236.25-002724.8,39.0,5.0,3468467658.0
faint_shared,SDSSJ000236.25-002724.8,40.0,5.0,3960190415.0
faint_shared,SDSSJ000236.25-002724.8,41.0,5.0,492138342.0
faint_shared,SDSSJ000236.25-002724.8,42.0,5.0,2084429695.0
faint_shared,SDSSJ000236.25-002724.8,43.0,5.0,852438313.0
faint_shared,SDSSJ000236.25-002724.8,44.0,5.0,197461022.0
faint_shared,SDSSJ000236.25-002724.8,45.0,5.0,2416118265.0
faint_shared,SDSSJ000236.25-002724.8,46.0,5.0,771786209.0
faint_shared,SDSSJ000236.25-002724.8,47.0,5.0,2982928861.0
faint_shared,SDSSJ000236.25-002724.8,48.0,5.0,2598524323.0
faint_shared,SDSSJ000236.25-002724.8,49.0,5.0,2984450139.0
faint_shared,SDSSJ012256.19-000252.68,0.0,10.0,4138467173.0
faint_shared,SDSSJ012256.19-000252.68,1.0,10.0,1784426867.0
faint_shared,SDSSJ012256.19-000252.68,2.0,10.0,2007075145.0
faint_shared,SDSSJ012256.19-000252.68,3.0,10.0,3656902926.0
faint_shared,SDSSJ012256.19-000252.68,4.0,10.0,515442936.0
faint_shared,SDSSJ012256.19-000252.68,5.0,10.0,1519864135.0
faint_shared,SDSSJ012256.19-000252.68,6.0,10.0,1487124833.0
faint_shared,SDSSJ012256.19-000252.68,7.0,10.0,1815209044.0
faint_shared,SDSSJ012256.19-000252.68,8.0,10.0,2849197625.0
faint_shared,SDSSJ012256.19-000252.68,9.0,10.0,3676131330.0
faint_shared,SDSSJ012256.19-000252.68,10.0,10.0,2103929199.0
faint_shared,SDSSJ012256.19-000252.68,11.0,10.0,3846113484.0
faint_shared,SDSSJ012256.19-000252.68,12.0,10.0,2010760045.0
faint_shared,SDSSJ012256.19-000252.68,13.0,10.0,3085237448.0
faint_shared,SDSSJ012256.19-000252.68,14.0,10.0,560861853.0
faint_shared,SDSSJ012256.19-000252.68,15.0,10.0,2387369756.0
faint_shared,SDSSJ012256.19-000252.68,16.0,10.0,3926845338.0
faint_shared,SDSSJ012256.19-000252.68,17.0,10.0,3868669317.0
faint_shared,SDSSJ012256.19-000252.68,18.0,10.0,310070420.0
faint_shared,SDSSJ012256.19-000252.68,19.0,10.0,911445476.0
faint_shared,SDSSJ012256.19-000252.68,20.0,10.0,2811764390.0
faint_shared,SDSSJ012256.19-000252.68,21.0,10.0,930028420.0
faint_shared,SDSSJ012256.19-000252.68,22.0,10.0,2986482290.0
faint_shared,SDSSJ012256.19-000252.68,23.0,10.0,637851594.0
faint_shared,SDSSJ012256.19-000252.68,24.0,10.0,4048400830.0
faint_shared,SDSSJ012256.19-000252.68,25.0,10.0,1884160390.0
faint_shared,SDSSJ012256.19-000252.68,26.0,10.0,2134023896.0
faint_shared,SDSSJ012256.19-000252.68,27.0,10.0,4020119039.0
faint_shared,SDSSJ012256.19-000252.68,28.0,10.0,3124305104.0
faint_shared,SDSSJ012256.19-000252.68,29.0,10.0,4100293553.0
faint_shared,SDSSJ012256.19-000252.68,30.0,10.0,1793000014.0
faint_shared,SDSSJ012256.19-000252.68,31.0,10.0,2596376460.0
faint_shared,SDSSJ012256.19-000252.68,32.0,10.0,3345444768.0
faint_shared,SDSSJ012256.19-000252.68,33.0,10.0,1395418063.0
faint_shared,SDSSJ012256.19-000252.68,34.0,10.0,1737753168.0
faint_shared,SDSSJ012256.19-000252.68,35.0,10.0,3863108657.0
faint_shared,SDSSJ012256.19-000252.68,36.0,10.0,4259984753.0
faint_shared,SDSSJ012256.19-000252.68,37.0,10.0,3163310725.0
faint_shared,SDSSJ012256.19-000252.68,38.0,10.0,3227261049.0
faint_shared,SDSSJ012256.19-000252.68,39.0,10.0,3226538392.0
faint_shared,SDSSJ012256.19-000252.68,40.0,10.0,2880615934.0
faint_shared,SDSSJ012256.19-000252.68,41.0,10.0,361299663.0
faint_shared,SDSSJ012256.19-000252.68,42.0,10.0,2421810327.0
faint_shared,SDSSJ012256.19-000252.68,43.0,10.0,413149067.0
faint_shared,SDSSJ012256.19-000252.68,44.0,10.0,4094090324.0
faint_shared,SDSSJ012256.19-000252.68,45.0,10.0,3385680018.0
faint_shared,SDSSJ012256.19-000252.68,46.0,10.0,1086298522.0
faint_shared,SDSSJ012256.19-000252.68,47.0,10.0,4281805119.0
faint_shared,SDSSJ012256.19-000252.68,48.0,10.0,4053281181.0
faint_shared,SDSSJ012256.19-000252.68,49.0,10.0,3869672533.0
faint_shared,SDSSJ012256.19-000252.68,0.0,5.0,1260868532.0
faint_shared,SDSSJ012256.19-000252.68,1.0,5.0,931911871.0
faint_shared,SDSSJ012256.19-000252.68,2.0,5.0,2989664298.0
faint_shared,SDSSJ012256.19-000252.68,3.0,5.0,1768725480.0
faint_shared,SDSSJ012256.19-000252.68,4.0,5.0,1426932376.0
faint_shared,SDSSJ012256.19-000252.68,5.0,5.0,1904900216.0
faint_shared,SDSSJ012256.19-000252.68,6.0,5.0,1101186108.0
faint_shared,SDSSJ012256.19-000252.68,7.0,5.0,614483440.0
faint_shared,SDSSJ012256.19-000252.68,8.0,5.0,3966755860.0
faint_shared,SDSSJ012256.19-000252.68,9.0,5.0,2610067619.0
faint_shared,SDSSJ012256.19-000252.68,10.0,5.0,43100050.0
faint_shared,SDSSJ012256.19-000252.68,11.0,5.0,1801031252.0
faint_shared,SDSSJ012256.19-000252.68,12.0,5.0,1603281324.0
faint_shared,SDSSJ012256.19-000252.68,13.0,5.0,2538458627.0
faint_shared,SDSSJ012256.19-000252.68,14.0,5.0,3651397262.0
faint_shared,SDSSJ012256.19-000252.68,15.0,5.0,1863486937.0
faint_shared,SDSSJ012256.19-000252.68,16.0,5.0,65303930.0
faint_shared,SDSSJ012256.19-000252.68,17.0,5.0,1459129447.0
faint_shared,SDSSJ012256.19-000252.68,18.0,5.0,3001356322.0
faint_shared,SDSSJ012256.19-000252.68,19.0,5.0,4038411502.0
faint_shared,SDSSJ012256.19-000252.68,20.0,5.0,403230014.0
faint_shared,SDSSJ012256.19-000252.68,21.0,5.0,3057570090.0
faint_shared,SDSSJ012256.19-000252.68,22.0,5.0,578344562.0
faint_shared,SDSSJ012256.19-000252.68,23.0,5.0,886177613.0
faint_shared,SDSSJ012256.19-000252.68,24.0,5.0,1152706889.0
faint_shared,SDSSJ012256.19-000252.68,25.0,5.0,1468015815.0
faint_shared,SDSSJ012256.19-000252.68,26.0,5.0,3790959771.0
faint_shared,SDSSJ012256.19-000252.68,27.0,5.0,266236320.0
faint_shared,SDSSJ012256.19-000252.68,28.0,5.0,1573124025.0
faint_shared,SDSSJ012256.19-000252.68,29.0,5.0,2016221969.0
faint_shared,SDSSJ012256.19-000252.68,30.0,5.0,451511404.0
faint_shared,SDSSJ012256.19-000252.68,31.0,5.0,1478295126.0
faint_shared,SDSSJ012256.19-000252.68,32.0,5.0,1943193197.0
faint_shared,SDSSJ012256.19-000252.68,33.0,5.0,2313076576.0
faint_shared,SDSSJ012256.19-000252.68,34.0,5.0,2232702513.0
faint_shared,SDSSJ012256.19-000252.68,35.0,5.0,2084031920.0
faint_shared,SDSSJ012256.19-000252.68,36.0,5.0,245693338.0
faint_shared,SDSSJ012256.19-000252.68,37.0,5.0,2877701036.0
faint_shared,SDSSJ012256.19-000252.68,38.0,5.0,998823264.0
faint_shared,SDSSJ012256.19-000252.68,39.0,5.0,3427884931.0
faint_shared,SDSSJ012256.19-000252.68,40.0,5.0,3790479504.0
faint_shared,SDSSJ012256.19-000252.68,41.0,5.0,2466027048.0
faint_shared,SDSSJ012256.19-000252.68,42.0,5.0,882656897.0
faint_shared,SDSSJ012256.19-000252.68,43.0,5.0,904778044.0
faint_shared,SDSSJ012256.19-000252.68,44.0,5.0,384744051.0
faint_shared,SDSSJ012256.19-000252.68,45.0,5.0,4035666994.0
faint_shared,SDSSJ012256.19-000252.68,46.0,5.0,3495866766.0
faint_shared,SDSSJ012256.19-000252.68,47.0,5.0,3715276139.0
faint_shared,SDSSJ012256.19-000252.68,48.0,5.0,577140396.0
faint_shared,SDSSJ012256.19-000252.68,49.0,5.0,4230483508.0
faint_shared,SDSSJ012648.08-083948.0,0.0,10.0,737936380.0
faint_shared,SDSSJ012648.08-083948.0,1.0,10.0,2731445677.0
faint_shared,SDSSJ012648.08-083948.0,2.0,10.0,3068426191.0
faint_shared,SDSSJ012648.08-083948.0,3.0,10.0,3333316846.0
faint_shared,SDSSJ012648.08-083948.0,4.0,10.0,1408839347.0
faint_shared,SDSSJ012648.08-083948.0,5.0,10.0,2690213215.0
faint_shared,SDSSJ012648.08-083948.0,6.0,10.0,2036916079.0
faint_shared,SDSSJ012648.08-083948.0,7.0,10.0,1514193480.0
faint_shared,SDSSJ012648.08-083948.0,8.0,10.0,597044605.0
faint_shared,SDSSJ012648.08-083948.0,9.0,10.0,2316574982.0
faint_shared,SDSSJ012648.08-083948.0,10.0,10.0,2960229163.0
faint_shared,SDSSJ012648.08-083948.0,11.0,10.0,2815125913.0
faint_shared,SDSSJ012648.08-083948.0,12.0,10.0,2476954627.0
faint_shared,SDSSJ012648.08-083948.0,13.0,10.0,4152046413.0
faint_shared,SDSSJ012648.08-083948.0,14.0,10.0,1275307185.0
faint_shared,SDSSJ012648.08-083948.0,15.0,10.0,1909569491.0
faint_shared,SDSSJ012648.08-083948.0,16.0,10.0,2090126247.0
faint_shared,SDSSJ012648.08-083948.0,17.0,10.0,3104359732.0
faint_shared,SDSSJ012648.08-083948.0,18.0,10.0,2856234024.0
faint_shared,SDSSJ012648.08-083948.0,19.0,10.0,1986588202.0
faint_shared,SDSSJ012648.08-083948.0,20.0,10.0,2452379135.0
faint_shared,SDSSJ012648.08-083948.0,21.0,10.0,3700022925.0
faint_shared,SDSSJ012648.08-083948.0,22.0,10.0,1841387006.0
faint_shared,SDSSJ012648.08-083948.0,23.0,10.0,4215098808.0
faint_shared,SDSSJ012648.08-083948.0,24.0,10.0,2911023115.0
faint_shared,SDSSJ012648.08-083948.0,25.0,10.0,2418388823.0
faint_shared,SDSSJ012648.08-083948.0,26.0,10.0,2822799268.0
faint_shared,SDSSJ012648.08-083948.0,27.0,10.0,3155094368.0
faint_shared,SDSSJ012648.08-083948.0,28.0,10.0,1095814581.0
faint_shared,SDSSJ012648.08-083948.0,29.0,10.0,3029507099.0
faint_shared,SDSSJ012648.08-083948.0,30.0,10.0,660346140.0
faint_shared,SDSSJ012648.08-083948.0,31.0,10.0,3818146653.0
faint_shared,SDSSJ012648.08-083948.0,32.0,10.0,1224020207.0
faint_shared,SDSSJ012648.08-083948.0,33.0,10.0,3932332243.0
faint_shared,SDSSJ012648.08-083948.0,34.0,10.0,579803397.0
faint_shared,SDSSJ012648.08-083948.0,35.0,10.0,4152871604.0
faint_shared,SDSSJ012648.08-083948.0,36.0,10.0,1470377417.0
faint_shared,SDSSJ012648.08-083948.0,37.0,10.0,1629499358.0
faint_shared,SDSSJ012648.08-083948.0,38.0,10.0,2899974204.0
faint_shared,SDSSJ012648.08-083948.0,39.0,10.0,4081688054.0
faint_shared,SDSSJ012648.08-083948.0,40.0,10.0,334640065.0
faint_shared,SDSSJ012648.08-083948.0,41.0,10.0,1007455167.0
faint_shared,SDSSJ012648.08-083948.0,42.0,10.0,2434907628.0
faint_shared,SDSSJ012648.08-083948.0,43.0,10.0,22258469.0
faint_shared,SDSSJ012648.08-083948.0,44.0,10.0,4281613230.0
faint_shared,SDSSJ012648.08-083948.0,45.0,10.0,3795056015.0
faint_shared,SDSSJ012648.08-083948.0,46.0,10.0,3048057801.0
faint_shared,SDSSJ012648.08-083948.0,47.0,10.0,127541844.0
faint_shared,SDSSJ012648.08-083948.0,48.0,10.0,2351127723.0
faint_shared,SDSSJ012648.08-083948.0,49.0,10.0,805401133.0
faint_shared,SDSSJ012648.08-083948.0,0.0,5.0,3947179947.0
faint_shared,SDSSJ012648.08-083948.0,1.0,5.0,3593864348.0
faint_shared,SDSSJ012648.08-083948.0,2.0,5.0,3861061718.0
faint_shared,SDSSJ012648.08-083948.0,3.0,5.0,2133935901.0
faint_shared,SDSSJ012648.08-083948.0,4.0,5.0,1715799517.0
faint_shared,SDSSJ012648.08-083948.0,5.0,5.0,3249383842.0
faint_shared,SDSSJ012648.08-083948.0,6.0,5.0,1750196576.0
faint_shared,SDSSJ012648.08-083948.0,7.0,5.0,3374709201.0
faint_shared,SDSSJ012648.08-083948.0,8.0,5.0,3226132185.0
faint_shared,SDSSJ012648.08-083948.0,9.0,5.0,752395444.0
faint_shared,SDSSJ012648.08-083948.0,10.0,5.0,3597751100.0
faint_shared,SDSSJ012648.08-083948.0,11.0,5.0,3240688627.0
faint_shared,SDSSJ012648.08-083948.0,12.0,5.0,2341292206.0
faint_shared,SDSSJ012648.08-083948.0,13.0,5.0,3193789737.0
faint_shared,SDSSJ012648.08-083948.0,14.0,5.0,2148180502.0
faint_shared,SDSSJ012648.08-083948.0,15.0,5.0,667914793.0
faint_shared,SDSSJ012648.08-083948.0,16.0,5.0,52053293.0
faint_shared,SDSSJ012648.08-083948.0,17.0,5.0,2911703908.0
faint_shared,SDSSJ012648.08-083948.0,18.0,5.0,1568749340.0
faint_shared,SDSSJ012648.08-083948.0,19.0,5.0,3742857417.0
faint_shared,SDSSJ012648.08-083948.0,20.0,5.0,2992039027.0
faint_shared,SDSSJ012648.08-083948.0,21.0,5.0,3674063718.0
faint_shared,SDSSJ012648.08-083948.0,22.0,5.0,1196818985.0
faint_shared,SDSSJ012648.08-083948.0,23.0,5.0,3646385912.0
faint_shared,SDSSJ012648.08-083948.0,24.0,5.0,3023332727.0
faint_shared,SDSSJ012648.08-083948.0,25.0,5.0,2149290278.0
faint_shared,SDSSJ012648.08-083948.0,26.0,5.0,880304453.0
faint_shared,SDSSJ012648.08-083948.0,27.0,5.0,3248404595.0
faint_shared,SDSSJ012648.08-083948.0,28.0,5.0,3036557681.0
faint_shared,SDSSJ012648.08-083948.0,29.0,5.0,2631763848.0
faint_shared,SDSSJ012648.08-083948.0,30.0,5.0,3406976543.0
faint_shared,SDSSJ012648.08-083948.0,31.0,5.0,496400256.0
faint_shared,SDSSJ012648.08-083948.0,32.0,5.0,2862904510.0
faint_shared,SDSSJ012648.08-083948.0,33.0,5.0,3329516557.0
faint_shared,SDSSJ012648.08-083948.0,34.0,5.0,3242074922.0
faint_shared,SDSSJ012648.08-083948.0,35.0,5.0,2658750636.0
faint_shared,SDSSJ012648.08-083948.0,36.0,5.0,3610723576.0
faint_shared,SDSSJ012648.08-083948.0,37.0,5.0,375701985.0
faint_shared,SDSSJ012648.08-083948.0,38.0,5.0,2771761391.0
faint_shared,SDSSJ012648.08-083948.0,39.0,5.0,1455431599.0
faint_shared,SDSSJ012648.08-083948.0,40.0,5.0,2620465937.0
faint_shared,SDSSJ012648.08-083948.0,41.0,5.0,3741174810.0
faint_shared,SDSSJ012648.08-083948.0,42.0,5.0,3121591244.0
faint_shared,SDSSJ012648.08-083948.0,43.0,5.0,3307925321.0
faint_shared,SDSSJ012648.08-083948.0,44.0,5.0,3478069360.0
faint_shared,SDSSJ012648.08-083948.0,45.0,5.0,1762689855.0
faint_shared,SDSSJ012648.08-083948.0,46.0,5.0,3458979284.0
faint_shared,SDSSJ012648.08-083948.0,47.0,5.0,33497405.0
faint_shared,SDSSJ012648.08-083948.0,48.0,5.0,959103361.0
faint_shared,SDSSJ012648.08-083948.0,49.0,5.0,3802783609.0
faint_shared,SDSSJ015957.64+003310.4,0.0,10.0,1919909741.0
faint_shared,SDSSJ015957.64+003310.4,1.0,10.0,1482498667.0
faint_shared,SDSSJ015957.64+003310.4,2.0,10.0,3131091460.0
faint_shared,SDSSJ015957.64+003310.4,3.0,10.0,1359189112.0
faint_shared,SDSSJ015957.64+003310.4,4.0,10.0,2906228496.0
faint_shared,SDSSJ015957.64+003310.4,5.0,10.0,3808393310.0
faint_shared,SDSSJ015957.64+003310.4,6.0,10.0,1793357522.0
faint_shared,SDSSJ015957.64+003310.4,7.0,10.0,2558916251.0
faint_shared,SDSSJ015957.64+003310.4,8.0,10.0,2536848744.0
faint_shared,SDSSJ015957.64+003310.4,9.0,10.0,2442754963.0
faint_shared,SDSSJ015957.64+003310.4,10.0,10.0,1000887568.0
faint_shared,SDSSJ015957.64+003310.4,11.0,10.0,360107749.0
faint_shared,SDSSJ015957.64+003310.4,12.0,10.0,3118099711.0
faint_shared,SDSSJ015957.64+003310.4,13.0,10.0,3486017398.0
faint_shared,SDSSJ015957.64+003310.4,14.0,10.0,636619551.0
faint_shared,SDSSJ015957.64+003310.4,15.0,10.0,2379098774.0
faint_shared,SDSSJ015957.64+003310.4,16.0,10.0,4115382753.0
faint_shared,SDSSJ015957.64+003310.4,17.0,10.0,702610051.0
faint_shared,SDSSJ015957.64+003310.4,18.0,10.0,1866661743.0
faint_shared,SDSSJ015957.64+003310.4,19.0,10.0,455515451.0
faint_shared,SDSSJ015957.64+003310.4,20.0,10.0,1979942199.0
faint_shared,SDSSJ015957.64+003310.4,21.0,10.0,2537903245.0
faint_shared,SDSSJ015957.64+003310.4,22.0,10.0,2041562181.0
faint_shared,SDSSJ015957.64+003310.4,23.0,10.0,4283385208.0
faint_shared,SDSSJ015957.64+003310.4,24.0,10.0,1834161740.0
faint_shared,SDSSJ015957.64+003310.4,25.0,10.0,2445585540.0
faint_shared,SDSSJ015957.64+003310.4,26.0,10.0,997754690.0
faint_shared,SDSSJ015957.64+003310.4,27.0,10.0,1847962827.0
faint_shared,SDSSJ015957.64+003310.4,28.0,10.0,1857024594.0
faint_shared,SDSSJ015957.64+003310.4,29.0,10.0,994181231.0
faint_shared,SDSSJ015957.64+003310.4,30.0,10.0,1591742021.0
faint_shared,SDSSJ015957.64+003310.4,31.0,10.0,1172601633.0
faint_shared,SDSSJ015957.64+003310.4,32.0,10.0,716833994.0
faint_shared,SDSSJ015957.64+003310.4,33.0,10.0,123616710.0
faint_shared,SDSSJ015957.64+003310.4,34.0,10.0,1637017091.0
faint_shared,SDSSJ015957.64+003310.4,35.0,10.0,159764311.0
faint_shared,SDSSJ015957.64+003310.4,36.0,10.0,3905014877.0
faint_shared,SDSSJ015957.64+003310.4,37.0,10.0,1707622419.0
faint_shared,SDSSJ015957.64+003310.4,38.0,10.0,1094414351.0
faint_shared,SDSSJ015957.64+003310.4,39.0,10.0,147306370.0
faint_shared,SDSSJ015957.64+003310.4,40.0,10.0,464750339.0
faint_shared,SDSSJ015957.64+003310.4,41.0,10.0,4030560053.0
faint_shared,SDSSJ015957.64+003310.4,42.0,10.0,400025186.0
faint_shared,SDSSJ015957.64+003310.4,43.0,10.0,1782845530.0
faint_shared,SDSSJ015957.64+003310.4,44.0,10.0,1165443048.0
faint_shared,SDSSJ015957.64+003310.4,45.0,10.0,1929655497.0
faint_shared,SDSSJ015957.64+003310.4,46.0,10.0,76765163.0
faint_shared,SDSSJ015957.64+003310.4,47.0,10.0,1171948827.0
faint_shared,SDSSJ015957.64+003310.4,48.0,10.0,2015748170.0
faint_shared,SDSSJ015957.64+003310.4,49.0,10.0,1595496706.0
faint_shared,SDSSJ015957.64+003310.4,0.0,5.0,3652559766.0
faint_shared,SDSSJ015957.64+003310.4,1.0,5.0,1105126275.0
faint_shared,SDSSJ015957.64+003310.4,2.0,5.0,1795314943.0
faint_shared,SDSSJ015957.64+003310.4,3.0,5.0,2279788825.0
faint_shared,SDSSJ015957.64+003310.4,4.0,5.0,136139983.0
faint_shared,SDSSJ015957.64+003310.4,5.0,5.0,3975147204.0
faint_shared,SDSSJ015957.64+003310.4,6.0,5.0,3635244255.0
faint_shared,SDSSJ015957.64+003310.4,7.0,5.0,2545024692.0
faint_shared,SDSSJ015957.64+003310.4,8.0,5.0,4170888476.0
faint_shared,SDSSJ015957.64+003310.4,9.0,5.0,3525646298.0
faint_shared,SDSSJ015957.64+003310.4,10.0,5.0,3576105356.0
faint_shared,SDSSJ015957.64+003310.4,11.0,5.0,645720172.0
faint_shared,SDSSJ015957.64+003310.4,12.0,5.0,401093389.0
faint_shared,SDSSJ015957.64+003310.4,13.0,5.0,1673755012.0
faint_shared,SDSSJ015957.64+003310.4,14.0,5.0,3916029093.0
faint_shared,SDSSJ015957.64+003310.4,15.0,5.0,935792039.0
faint_shared,SDSSJ015957.64+003310.4,16.0,5.0,2791512306.0
faint_shared,SDSSJ015957.64+003310.4,17.0,5.0,469707436.0
faint_shared,SDSSJ015957.64+003310.4,18.0,5.0,852595189.0
faint_shared,SDSSJ015957.64+003310.4,19.0,5.0,3761071809.0
faint_shared,SDSSJ015957.64+003310.4,20.0,5.0,3401476053.0
faint_shared,SDSSJ015957.64+003310.4,21.0,5.0,785707970.0
faint_shared,SDSSJ015957.64+003310.4,22.0,5.0,255305896.0
faint_shared,SDSSJ015957.64+003310.4,23.0,5.0,4047276696.0
faint_shared,SDSSJ015957.64+003310.4,24.0,5.0,3939901729.0
faint_shared,SDSSJ015957.64+003310.4,25.0,5.0,2839627551.0
faint_shared,SDSSJ015957.64+003310.4,26.0,5.0,3101682945.0
faint_shared,SDSSJ015957.64+003310.4,27.0,5.0,1991715944.0
faint_shared,SDSSJ015957.64+003310.4,28.0,5.0,2846100033.0
faint_shared,SDSSJ015957.64+003310.4,29.0,5.0,3725410647.0
faint_shared,SDSSJ015957.64+003310.4,30.0,5.0,2230500557.0
faint_shared,SDSSJ015957.64+003310.4,31.0,5.0,615964902.0
faint_shared,SDSSJ015957.64+003310.4,32.0,5.0,1276440326.0
faint_shared,SDSSJ015957.64+003310.4,33.0,5.0,1663917980.0
faint_shared,SDSSJ015957.64+003310.4,34.0,5.0,2661050378.0
faint_shared,SDSSJ015957.64+003310.4,35.0,5.0,2312931788.0
faint_shared,SDSSJ015957.64+003310.4,36.0,5.0,988572020.0
faint_shared,SDSSJ015957.64+003310.4,37.0,5.0,2070908422.0
faint_shared,SDSSJ015957.64+003310.4,38.0,5.0,3188034477.0
faint_shared,SDSSJ015957.64+003310.4,39.0,5.0,730419537.0
faint_shared,SDSSJ015957.64+003310.4,40.0,5.0,3641953618.0
faint_shared,SDSSJ015957.64+003310.4,41.0,5.0,525577408.0
faint_shared,SDSSJ015957.64+003310.4,42.0,5.0,1213112687.0
faint_shared,SDSSJ015957.64+003310.4,43.0,5.0,3104766240.0
faint_shared,SDSSJ015957.64+003310.4,44.0,5.0,3720153653.0
faint_shared,SDSSJ015957.64+003310.4,45.0,5.0,1641132800.0
faint_shared,SDSSJ015957.64+003310.4,46.0,5.0,1304709438.0
faint_shared,SDSSJ015957.64+003310.4,47.0,5.0,3920387032.0
faint_shared,SDSSJ015957.64+003310.4,48.0,5.0,2309494750.0
faint_shared,SDSSJ015957.64+003310.4,49.0,5.0,1713416246.0
faint_shared,SDSSJ021359.79+004226.81,0.0,10.0,1848529433.0
faint_shared,SDSSJ021359.79+004226.81,1.0,10.0,1451082644.0
faint_shared,SDSSJ021359.79+004226.81,2.0,10.0,767515656.0
faint_shared,SDSSJ021359.79+004226.81,3.0,10.0,1203991149.0
faint_shared,SDSSJ021359.79+004226.81,4.0,10.0,3508059729.0
faint_shared,SDSSJ021359.79+004226.81,5.0,10.0,3004187601.0
faint_shared,SDSSJ021359.79+004226.81,6.0,10.0,1815688135.0
faint_shared,SDSSJ021359.79+004226.81,7.0,10.0,155202453.0
faint_shared,SDSSJ021359.79+004226.81,8.0,10.0,2324444189.0
faint_shared,SDSSJ021359.79+004226.81,9.0,10.0,1471709323.0
faint_shared,SDSSJ021359.79+004226.81,10.0,10.0,1834933667.0
faint_shared,SDSSJ021359.79+004226.81,11.0,10.0,1864241979.0
faint_shared,SDSSJ021359.79+004226.81,12.0,10.0,3197404421.0
faint_shared,SDSSJ021359.79+004226.81,13.0,10.0,3546194729.0
faint_shared,SDSSJ021359.79+004226.81,14.0,10.0,1248284160.0
faint_shared,SDSSJ021359.79+004226.81,15.0,10.0,974800176.0
faint_shared,SDSSJ021359.79+004226.81,16.0,10.0,3561036694.0
faint_shared,SDSSJ021359.79+004226.81,17.0,10.0,2573383124.0
faint_shared,SDSSJ021359.79+004226.81,18.0,10.0,738211196.0
faint_shared,SDSSJ021359.79+004226.81,19.0,10.0,994647889.0
faint_shared,SDSSJ021359.79+004226.81,20.0,10.0,2471102269.0
faint_shared,SDSSJ021359.79+004226.81,21.0,10.0,4236768966.0
faint_shared,SDSSJ021359.79+004226.81,22.0,10.0,2403380096.0
faint_shared,SDSSJ021359.79+004226.81,23.0,10.0,891653290.0
faint_shared,SDSSJ021359.79+004226.81,24.0,10.0,1973973750.0
faint_shared,SDSSJ021359.79+004226.81,25.0,10.0,3244198431.0
faint_shared,SDSSJ021359.79+004226.81,26.0,10.0,2154913268.0
faint_shared,SDSSJ021359.79+004226.81,27.0,10.0,1708333917.0
faint_shared,SDSSJ021359.79+004226.81,28.0,10.0,690655463.0
faint_shared,SDSSJ021359.79+004226.81,29.0,10.0,3043681462.0
faint_shared,SDSSJ021359.79+004226.81,30.0,10.0,1679851463.0
faint_shared,SDSSJ021359.79+004226.81,31.0,10.0,2183440843.0
faint_shared,SDSSJ021359.79+004226.81,32.0,10.0,3954628367.0
faint_shared,SDSSJ021359.79+004226.81,33.0,10.0,2089223568.0
faint_shared,SDSSJ021359.79+004226.81,34.0,10.0,3904245031.0
faint_shared,SDSSJ021359.79+004226.81,35.0,10.0,3310601986.0
faint_shared,SDSSJ021359.79+004226.81,36.0,10.0,1358595095.0
faint_shared,SDSSJ021359.79+004226.81,37.0,10.0,1162897059.0
faint_shared,SDSSJ021359.79+004226.81,38.0,10.0,2662451801.0
faint_shared,SDSSJ021359.79+004226.81,39.0,10.0,3058021784.0
faint_shared,SDSSJ021359.79+004226.81,40.0,10.0,3263517684.0
faint_shared,SDSSJ021359.79+004226.81,41.0,10.0,2253006404.0
faint_shared,SDSSJ021359.79+004226.81,42.0,10.0,3222312820.0
faint_shared,SDSSJ021359.79+004226.81,43.0,10.0,2645160955.0
faint_shared,SDSSJ021359.79+004226.81,44.0,10.0,2957899496.0
faint_shared,SDSSJ021359.79+004226.81,45.0,10.0,1123518312.0
faint_shared,SDSSJ021359.79+004226.81,46.0,10.0,773560629.0
faint_shared,SDSSJ021359.79+004226.81,47.0,10.0,1258544874.0
faint_shared,SDSSJ021359.79+004226.81,48.0,10.0,3157911346.0
faint_shared,SDSSJ021359.79+004226.81,49.0,10.0,4138857935.0
faint_shared,SDSSJ021359.79+004226.81,0.0,5.0,2597773396.0
faint_shared,SDSSJ021359.79+004226.81,1.0,5.0,3617543167.0
faint_shared,SDSSJ021359.79+004226.81,2.0,5.0,207159171.0
faint_shared,SDSSJ021359.79+004226.81,3.0,5.0,1066408227.0
faint_shared,SDSSJ021359.79+004226.81,4.0,5.0,2568509985.0
faint_shared,SDSSJ021359.79+004226.81,5.0,5.0,4119026555.0
faint_shared,SDSSJ021359.79+004226.81,6.0,5.0,278951779.0
faint_shared,SDSSJ021359.79+004226.81,7.0,5.0,1946166760.0
faint_shared,SDSSJ021359.79+004226.81,8.0,5.0,4124131203.0
faint_shared,SDSSJ021359.79+004226.81,9.0,5.0,1574705046.0
faint_shared,SDSSJ021359.79+004226.81,10.0,5.0,604226322.0
faint_shared,SDSSJ021359.79+004226.81,11.0,5.0,1295114446.0
faint_shared,SDSSJ021359.79+004226.81,12.0,5.0,244937215.0
faint_shared,SDSSJ021359.79+004226.81,13.0,5.0,2944252509.0
faint_shared,SDSSJ021359.79+004226.81,14.0,5.0,1100550205.0
faint_shared,SDSSJ021359.79+004226.81,15.0,5.0,1123266091.0
faint_shared,SDSSJ021359.79+004226.81,16.0,5.0,2380077628.0
faint_shared,SDSSJ021359.79+004226.81,17.0,5.0,1445961627.0
faint_shared,SDSSJ021359.79+004226.81,18.0,5.0,3283336378.0
faint_shared,SDSSJ021359.79+004226.81,19.0,5.0,826939845.0
faint_shared,SDSSJ021359.79+004226.81,20.0,5.0,2764733084.0
faint_shared,SDSSJ021359.79+004226.81,21.0,5.0,4034355423.0
faint_shared,SDSSJ021359.79+004226.81,22.0,5.0,1609043358.0
faint_shared,SDSSJ021359.79+004226.81,23.0,5.0,2905641541.0
faint_shared,SDSSJ021359.79+004226.81,24.0,5.0,1835300371.0
faint_shared,SDSSJ021359.79+004226.81,25.0,5.0,3874473672.0
faint_shared,SDSSJ021359.79+004226.81,26.0,5.0,2155979475.0
faint_shared,SDSSJ021359.79+004226.81,27.0,5.0,2437666343.0
faint_shared,SDSSJ021359.79+004226.81,28.0,5.0,1470388341.0
faint_shared,SDSSJ021359.79+004226.81,29.0,5.0,2401972229.0
faint_shared,SDSSJ021359.79+004226.81,30.0,5.0,96012568.0
faint_shared,SDSSJ021359.79+004226.81,31.0,5.0,2291876051.0
faint_shared,SDSSJ021359.79+004226.81,32.0,5.0,1865702249.0
faint_shared,SDSSJ021359.79+004226.81,33.0,5.0,1930897862.0
faint_shared,SDSSJ021359.79+004226.81,34.0,5.0,3566589180.0
faint_shared,SDSSJ021359.79+004226.81,35.0,5.0,2154175595.0
faint_shared,SDSSJ021359.79+004226.81,36.0,5.0,2441881215.0
faint_shared,SDSSJ021359.79+004226.81,37.0,5.0,779828045.0
faint_shared,SDSSJ021359.79+004226.81,38.0,5.0,487253489.0
faint_shared,SDSSJ021359.79+004226.81,39.0,5.0,3828629999.0
faint_shared,SDSSJ021359.79+004226.81,40.0,5.0,885284191.0
faint_shared,SDSSJ021359.79+004226.81,41.0,5.0,3399463497.0
faint_shared,SDSSJ021359.79+004226.81,42.0,5.0,50584939.0
faint_shared,SDSSJ021359.79+004226.81,43.0,5.0,4275536824.0
faint_shared,SDSSJ021359.79+004226.81,44.0,5.0,360199341.0
faint_shared,SDSSJ021359.79+004226.81,45.0,5.0,134013649.0
faint_shared,SDSSJ021359.79+004226.81,46.0,5.0,2827981688.0
faint_shared,SDSSJ021359.79+004226.81,47.0,5.0,2959383596.0
faint_shared,SDSSJ021359.79+004226.81,48.0,5.0,785535576.0
faint_shared,SDSSJ021359.79+004226.81,49.0,5.0,2644777041.0
faint_shared,SDSSJ081319.34+460849.5,0.0,10.0,692912075.0
faint_shared,SDSSJ081319.34+460849.5,1.0,10.0,463705494.0
faint_shared,SDSSJ081319.34+460849.5,2.0,10.0,2431884913.0
faint_shared,SDSSJ081319.34+460849.5,3.0,10.0,3774254712.0
faint_shared,SDSSJ081319.34+460849.5,4.0,10.0,2973732084.0
faint_shared,SDSSJ081319.34+460849.5,5.0,10.0,2354314815.0
faint_shared,SDSSJ081319.34+460849.5,6.0,10.0,1085550558.0
faint_shared,SDSSJ081319.34+460849.5,7.0,10.0,3601969236.0
faint_shared,SDSSJ081319.34+460849.5,8.0,10.0,1926713125.0
faint_shared,SDSSJ081319.34+460849.5,9.0,10.0,4211759883.0
faint_shared,SDSSJ081319.34+460849.5,10.0,10.0,427647685.0
faint_shared,SDSSJ081319.34+460849.5,11.0,10.0,3239157394.0
faint_shared,SDSSJ081319.34+460849.5,12.0,10.0,3174849333.0
faint_shared,SDSSJ081319.34+460849.5,13.0,10.0,3328511217.0
faint_shared,SDSSJ081319.34+460849.5,14.0,10.0,1243512095.0
faint_shared,SDSSJ081319.34+460849.5,15.0,10.0,3906144913.0
faint_shared,SDSSJ081319.34+460849.5,16.0,10.0,4042226853.0
faint_shared,SDSSJ081319.34+460849.5,17.0,10.0,1645923833.0
faint_shared,SDSSJ081319.34+460849.5,18.0,10.0,2595062649.0
faint_shared,SDSSJ081319.34+460849.5,19.0,10.0,2694915101.0
faint_shared,SDSSJ081319.34+460849.5,20.0,10.0,2317940649.0
faint_shared,SDSSJ081319.34+460849.5,21.0,10.0,3297808652.0
faint_shared,SDSSJ081319.34+460849.5,22.0,10.0,4286202738.0
faint_shared,SDSSJ081319.34+460849.5,23.0,10.0,2591651273.0
faint_shared,SDSSJ081319.34+460849.5,24.0,10.0,1491304661.0
faint_shared,SDSSJ081319.34+460849.5,25.0,10.0,2062717968.0
faint_shared,SDSSJ081319.34+460849.5,26.0,10.0,2197875260.0
faint_shared,SDSSJ081319.34+460849.5,27.0,10.0,713676665.0
faint_shared,SDSSJ081319.34+460849.5,28.0,10.0,1440967775.0
faint_shared,SDSSJ081319.34+460849.5,29.0,10.0,1380308855.0
faint_shared,SDSSJ081319.34+460849.5,30.0,10.0,527583208.0
faint_shared,SDSSJ081319.34+460849.5,31.0,10.0,154605547.0
faint_shared,SDSSJ081319.34+460849.5,32.0,10.0,2862386655.0
faint_shared,SDSSJ081319.34+460849.5,33.0,10.0,90477117.0
faint_shared,SDSSJ081319.34+460849.5,34.0,10.0,1954081979.0
faint_shared,SDSSJ081319.34+460849.5,35.0,10.0,1399029787.0
faint_shared,SDSSJ081319.34+460849.5,36.0,10.0,2712411994.0
faint_shared,SDSSJ081319.34+460849.5,37.0,10.0,3637768040.0
faint_shared,SDSSJ081319.34+460849.5,38.0,10.0,3166885207.0
faint_shared,SDSSJ081319.34+460849.5,39.0,10.0,1828861911.0
faint_shared,SDSSJ081319.34+460849.5,40.0,10.0,4290778960.0
faint_shared,SDSSJ081319.34+460849.5,41.0,10.0,1003317649.0
faint_shared,SDSSJ081319.34+460849.5,42.0,10.0,3445416019.0
faint_shared,SDSSJ081319.34+460849.5,43.0,10.0,4046216238.0
faint_shared,SDSSJ081319.34+460849.5,44.0,10.0,603831201.0
faint_shared,SDSSJ081319.34+460849.5,45.0,10.0,4249686725.0
faint_shared,SDSSJ081319.34+460849.5,46.0,10.0,24235105.0
faint_shared,SDSSJ081319.34+460849.5,47.0,10.0,36987678.0
faint_shared,SDSSJ081319.34+460849.5,48.0,10.0,3872828538.0
faint_shared,SDSSJ081319.34+460849.5,49.0,10.0,1734953495.0
faint_shared,SDSSJ081319.34+460849.5,0.0,5.0,3137261271.0
faint_shared,SDSSJ081319.34+460849.5,1.0,5.0,699854527.0
faint_shared,SDSSJ081319.34+460849.5,2.0,5.0,1503532005.0
faint_shared,SDSSJ081319.34+460849.5,3.0,5.0,698387884.0
faint_shared,SDSSJ081319.34+460849.5,4.0,5.0,1041764485.0
faint_shared,SDSSJ081319.34+460849.5,5.0,5.0,2823260438.0
faint_shared,SDSSJ081319.34+460849.5,6.0,5.0,2528270564.0
faint_shared,SDSSJ081319.34+460849.5,7.0,5.0,1851710764.0
faint_shared,SDSSJ081319.34+460849.5,8.0,5.0,591180897.0
faint_shared,SDSSJ081319.34+460849.5,9.0,5.0,3897340159.0
faint_shared,SDSSJ081319.34+460849.5,10.0,5.0,504095294.0
faint_shared,SDSSJ081319.34+460849.5,11.0,5.0,1423924883.0
faint_shared,SDSSJ081319.34+460849.5,12.0,5.0,2226530059.0
faint_shared,SDSSJ081319.34+460849.5,13.0,5.0,3061537128.0
faint_shared,SDSSJ081319.34+460849.5,14.0,5.0,4011419829.0
faint_shared,SDSSJ081319.34+460849.5,15.0,5.0,3140311265.0
faint_shared,SDSSJ081319.34+460849.5,16.0,5.0,2104001530.0
faint_shared,SDSSJ081319.34+460849.5,17.0,5.0,3833035261.0
faint_shared,SDSSJ081319.34+460849.5,18.0,5.0,727433091.0
faint_shared,SDSSJ081319.34+460849.5,19.0,5.0,259208512.0
faint_shared,SDSSJ081319.34+460849.5,20.0,5.0,2246304164.0
faint_shared,SDSSJ081319.34+460849.5,21.0,5.0,732368328.0
faint_shared,SDSSJ081319.34+460849.5,22.0,5.0,1307423512.0
faint_shared,SDSSJ081319.34+460849.5,23.0,5.0,548811348.0
faint_shared,SDSSJ081319.34+460849.5,24.0,5.0,2475620806.0
faint_shared,SDSSJ081319.34+460849.5,25.0,5.0,265417913.0
faint_shared,SDSSJ081319.34+460849.5,26.0,5.0,2546814942.0
faint_shared,SDSSJ081319.34+460849.5,27.0,5.0,1448799301.0
faint_shared,SDSSJ081319.34+460849.5,28.0,5.0,3501836796.0
faint_shared,SDSSJ081319.34+460849.5,29.0,5.0,1753800441.0
faint_shared,SDSSJ081319.34+460849.5,30.0,5.0,2548115493.0
faint_shared,SDSSJ081319.34+460849.5,31.0,5.0,1527950241.0
faint_shared,SDSSJ081319.34+460849.5,32.0,5.0,4139285232.0
faint_shared,SDSSJ081319.34+460849.5,33.0,5.0,686253687.0
faint_shared,SDSSJ081319.34+460849.5,34.0,5.0,1961292488.0
faint_shared,SDSSJ081319.34+460849.5,35.0,5.0,2506841374.0
faint_shared,SDSSJ081319.34+460849.5,36.0,5.0,1341297349.0
faint_shared,SDSSJ081319.34+460849.5,37.0,5.0,1407429736.0
faint_shared,SDSSJ081319.34+460849.5,38.0,5.0,1511616324.0
faint_shared,SDSSJ081319.34+460849.5,39.0,5.0,3545905999.0
faint_shared,SDSSJ081319.34+460849.5,40.0,5.0,1501573398.0
faint_shared,SDSSJ081319.34+460849.5,41.0,5.0,4189100280.0
faint_shared,SDSSJ081319.34+460849.5,42.0,5.0,893760182.0
faint_shared,SDSSJ081319.34+460849.5,43.0,5.0,1885176546.0
faint_shared,SDSSJ081319.34+460849.5,44.0,5.0,3682083480.0
faint_shared,SDSSJ081319.34+460849.5,45.0,5.0,3913905196.0
faint_shared,SDSSJ081319.34+460849.5,46.0,5.0,611456603.0
faint_shared,SDSSJ081319.34+460849.5,47.0,5.0,1364427699.0
faint_shared,SDSSJ081319.34+460849.5,48.0,5.0,4195060488.0
faint_shared,SDSSJ081319.34+460849.5,49.0,5.0,1783741064.0
faint_shared,SDSSJ082942.66+415436.8,0.0,10.0,3012448493.0
faint_shared,SDSSJ082942.66+415436.8,1.0,10.0,1444828360.0
faint_shared,SDSSJ082942.66+415436.8,2.0,10.0,2605605781.0
faint_shared,SDSSJ082942.66+415436.8,3.0,10.0,1170085502.0
faint_shared,SDSSJ082942.66+415436.8,4.0,10.0,222843626.0
faint_shared,SDSSJ082942.66+415436.8,5.0,10.0,568696010.0
faint_shared,SDSSJ082942.66+415436.8,6.0,10.0,2750652430.0
faint_shared,SDSSJ082942.66+415436.8,7.0,10.0,2786402995.0
faint_shared,SDSSJ082942.66+415436.8,8.0,10.0,2541098571.0
faint_shared,SDSSJ082942.66+415436.8,9.0,10.0,3740846904.0
faint_shared,SDSSJ082942.66+415436.8,10.0,10.0,559242627.0
faint_shared,SDSSJ082942.66+415436.8,11.0,10.0,696849983.0
faint_shared,SDSSJ082942.66+415436.8,12.0,10.0,3863366416.0
faint_shared,SDSSJ082942.66+415436.8,13.0,10.0,646961854.0
faint_shared,SDSSJ082942.66+415436.8,14.0,10.0,371211518.0
faint_shared,SDSSJ082942.66+415436.8,15.0,10.0,3315453453.0
faint_shared,SDSSJ082942.66+415436.8,16.0,10.0,1245392317.0
faint_shared,SDSSJ082942.66+415436.8,17.0,10.0,937197401.0
faint_shared,SDSSJ082942.66+415436.8,18.0,10.0,299261411.0
faint_shared,SDSSJ082942.66+415436.8,19.0,10.0,1578393968.0
faint_shared,SDSSJ082942.66+415436.8,20.0,10.0,4142674444.0
faint_shared,SDSSJ082942.66+415436.8,21.0,10.0,477225995.0
faint_shared,SDSSJ082942.66+415436.8,22.0,10.0,1057662306.0
faint_shared,SDSSJ082942.66+415436.8,23.0,10.0,2919812671.0
faint_shared,SDSSJ082942.66+415436.8,24.0,10.0,1811930405.0
faint_shared,SDSSJ082942.66+415436.8,25.0,10.0,1705072476.0
faint_shared,SDSSJ082942.66+415436.8,26.0,10.0,3141355111.0
faint_shared,SDSSJ082942.66+415436.8,27.0,10.0,2265448527.0
faint_shared,SDSSJ082942.66+415436.8,28.0,10.0,839516490.0
faint_shared,SDSSJ082942.66+415436.8,29.0,10.0,3720278361.0
faint_shared,SDSSJ082942.66+415436.8,30.0,10.0,153040706.0
faint_shared,SDSSJ082942.66+415436.8,31.0,10.0,2836382747.0
faint_shared,SDSSJ082942.66+415436.8,32.0,10.0,2271792266.0
faint_shared,SDSSJ082942.66+415436.8,33.0,10.0,2116015754.0
faint_shared,SDSSJ082942.66+415436.8,34.0,10.0,1678482397.0
faint_shared,SDSSJ082942.66+415436.8,35.0,10.0,3834222437.0
faint_shared,SDSSJ082942.66+415436.8,36.0,10.0,1538023458.0
faint_shared,SDSSJ082942.66+415436.8,37.0,10.0,3450853231.0
faint_shared,SDSSJ082942.66+415436.8,38.0,10.0,1512816254.0
faint_shared,SDSSJ082942.66+415436.8,39.0,10.0,1905102769.0
faint_shared,SDSSJ082942.66+415436.8,40.0,10.0,4003818081.0
faint_shared,SDSSJ082942.66+415436.8,41.0,10.0,581245319.0
faint_shared,SDSSJ082942.66+415436.8,42.0,10.0,1250727093.0
faint_shared,SDSSJ082942.66+415436.8,43.0,10.0,2111461178.0
faint_shared,SDSSJ082942.66+415436.8,44.0,10.0,1920372743.0
faint_shared,SDSSJ082942.66+415436.8,45.0,10.0,3475228010.0
faint_shared,SDSSJ082942.66+415436.8,46.0,10.0,2658103887.0
faint_shared,SDSSJ082942.66+415436.8,47.0,10.0,1639077098.0
faint_shared,SDSSJ082942.66+415436.8,48.0,10.0,2595339960.0
faint_shared,SDSSJ082942.66+415436.8,49.0,10.0,2521496010.0
faint_shared,SDSSJ082942.66+415436.8,0.0,5.0,2012211205.0
faint_shared,SDSSJ082942.66+415436.8,1.0,5.0,3992127352.0
faint_shared,SDSSJ082942.66+415436.8,2.0,5.0,2609689510.0
faint_shared,SDSSJ082942.66+415436.8,3.0,5.0,1424001214.0
faint_shared,SDSSJ082942.66+415436.8,4.0,5.0,1880040690.0
faint_shared,SDSSJ082942.66+415436.8,5.0,5.0,1630223835.0
faint_shared,SDSSJ082942.66+415436.8,6.0,5.0,1493520949.0
faint_shared,SDSSJ082942.66+415436.8,7.0,5.0,1892315349.0
faint_shared,SDSSJ082942.66+415436.8,8.0,5.0,1893433237.0
faint_shared,SDSSJ082942.66+415436.8,9.0,5.0,1315712028.0
faint_shared,SDSSJ082942.66+415436.8,10.0,5.0,4205359883.0
faint_shared,SDSSJ082942.66+415436.8,11.0,5.0,2895957692.0
faint_shared,SDSSJ082942.66+415436.8,12.0,5.0,1764483833.0
faint_shared,SDSSJ082942.66+415436.8,13.0,5.0,2201021692.0
faint_shared,SDSSJ082942.66+415436.8,14.0,5.0,2881981077.0
faint_shared,SDSSJ082942.66+415436.8,15.0,5.0,3411257158.0
faint_shared,SDSSJ082942.66+415436.8,16.0,5.0,1053338898.0
faint_shared,SDSSJ082942.66+415436.8,17.0,5.0,3035242732.0
faint_shared,SDSSJ082942.66+415436.8,18.0,5.0,2096982569.0
faint_shared,SDSSJ082942.66+415436.8,19.0,5.0,527326458.0
faint_shared,SDSSJ082942.66+415436.8,20.0,5.0,351293129.0
faint_shared,SDSSJ082942.66+415436.8,21.0,5.0,1366638728.0
faint_shared,SDSSJ082942.66+415436.8,22.0,5.0,2390790499.0
faint_shared,SDSSJ082942.66+415436.8,23.0,5.0,1616826846.0
faint_shared,SDSSJ082942.66+415436.8,24.0,5.0,575671532.0
faint_shared,SDSSJ082942.66+415436.8,25.0,5.0,2873221445.0
faint_shared,SDSSJ082942.66+415436.8,26.0,5.0,671336944.0
faint_shared,SDSSJ082942.66+415436.8,27.0,5.0,2570046676.0
faint_shared,SDSSJ082942.66+415436.8,28.0,5.0,390520398.0
faint_shared,SDSSJ082942.66+415436.8,29.0,5.0,410855825.0
faint_shared,SDSSJ082942.66+415436.8,30.0,5.0,2365113741.0
faint_shared,SDSSJ082942.66+415436.8,31.0,5.0,2715857475.0
faint_shared,SDSSJ082942.66+415436.8,32.0,5.0,4180305604.0
faint_shared,SDSSJ082942.66+415436.8,33.0,5.0,1997548714.0
faint_shared,SDSSJ082942.66+415436.8,34.0,5.0,3985436572.0
faint_shared,SDSSJ082942.66+415436.8,35.0,5.0,1122877957.0
faint_shared,SDSSJ082942.66+415436.8,36.0,5.0,3767065775.0
faint_shared,SDSSJ082942.66+415436.8,37.0,5.0,1590215458.0
faint_shared,SDSSJ082942.66+415436.8,38.0,5.0,783483332.0
faint_shared,SDSSJ082942.66+415436.8,39.0,5.0,1322474688.0
faint_shared,SDSSJ082942.66+415436.8,40.0,5.0,1715165523.0
faint_shared,SDSSJ082942.66+415436.8,41.0,5.0,1208152658.0
faint_shared,SDSSJ082942.66+415436.8,42.0,5.0,1465867573.0
faint_shared,SDSSJ082942.66+415436.8,43.0,5.0,557793683.0
faint_shared,SDSSJ082942.66+415436.8,44.0,5.0,2459060392.0
faint_shared,SDSSJ082942.66+415436.8,45.0,5.0,3991898025.0
faint_shared,SDSSJ082942.66+415436.8,46.0,5.0,819765510.0
faint_shared,SDSSJ082942.66+415436.8,47.0,5.0,2228577560.0
faint_shared,SDSSJ082942.66+415436.8,48.0,5.0,812054237.0
faint_shared,SDSSJ082942.66+415436.8,49.0,5.0,138190920.0
faint_shared,SDSSJ101152.98+544206.4,0.0,10.0,1266873860.0
faint_shared,SDSSJ101152.98+544206.4,1.0,10.0,3506052588.0
faint_shared,SDSSJ101152.98+544206.4,2.0,10.0,2975961010.0
faint_shared,SDSSJ101152.98+544206.4,3.0,10.0,1873289850.0
faint_shared,SDSSJ101152.98+544206.4,4.0,10.0,1692623369.0
faint_shared,SDSSJ101152.98+544206.4,5.0,10.0,1156048092.0
faint_shared,SDSSJ101152.98+544206.4,6.0,10.0,1164627365.0
faint_shared,SDSSJ101152.98+544206.4,7.0,10.0,237666914.0
faint_shared,SDSSJ101152.98+544206.4,8.0,10.0,1972645910.0
faint_shared,SDSSJ101152.98+544206.4,9.0,10.0,2810862679.0
faint_shared,SDSSJ101152.98+544206.4,10.0,10.0,3806262783.0
faint_shared,SDSSJ101152.98+544206.4,11.0,10.0,1468815188.0
faint_shared,SDSSJ101152.98+544206.4,12.0,10.0,3627871521.0
faint_shared,SDSSJ101152.98+544206.4,13.0,10.0,1061753966.0
faint_shared,SDSSJ101152.98+544206.4,14.0,10.0,2272384629.0
faint_shared,SDSSJ101152.98+544206.4,15.0,10.0,491932711.0
faint_shared,SDSSJ101152.98+544206.4,16.0,10.0,1515948767.0
faint_shared,SDSSJ101152.98+544206.4,17.0,10.0,2275130670.0
faint_shared,SDSSJ101152.98+544206.4,18.0,10.0,1167518371.0
faint_shared,SDSSJ101152.98+544206.4,19.0,10.0,3350108470.0
faint_shared,SDSSJ101152.98+544206.4,20.0,10.0,797335930.0
faint_shared,SDSSJ101152.98+544206.4,21.0,10.0,3006335849.0
faint_shared,SDSSJ101152.98+544206.4,22.0,10.0,2325841940.0
faint_shared,SDSSJ101152.98+544206.4,23.0,10.0,3067787079.0
faint_shared,SDSSJ101152.98+544206.4,24.0,10.0,887064957.0
faint_shared,SDSSJ101152.98+544206.4,25.0,10.0,2335999759.0
faint_shared,SDSSJ101152.98+544206.4,26.0,10.0,1366761380.0
faint_shared,SDSSJ101152.98+544206.4,27.0,10.0,3612128365.0
faint_shared,SDSSJ101152.98+544206.4,28.0,10.0,404887033.0
faint_shared,SDSSJ101152.98+544206.4,29.0,10.0,1243270969.0
faint_shared,SDSSJ101152.98+544206.4,30.0,10.0,3164171177.0
faint_shared,SDSSJ101152.98+544206.4,31.0,10.0,2584893814.0
faint_shared,SDSSJ101152.98+544206.4,32.0,10.0,893218360.0
faint_shared,SDSSJ101152.98+544206.4,33.0,10.0,3173760122.0
faint_shared,SDSSJ101152.98+544206.4,34.0,10.0,3220746573.0
faint_shared,SDSSJ101152.98+544206.4,35.0,10.0,2641539159.0
faint_shared,SDSSJ101152.98+544206.4,36.0,10.0,95667245.0
faint_shared,SDSSJ101152.98+544206.4,37.0,10.0,1032911904.0
faint_shared,SDSSJ101152.98+544206.4,38.0,10.0,1062171581.0
faint_shared,SDSSJ101152.98+544206.4,39.0,10.0,2631437511.0
faint_shared,SDSSJ101152.98+544206.4,40.0,10.0,2688879626.0
faint_shared,SDSSJ101152.98+544206.4,41.0,10.0,1963634434.0
faint_shared,SDSSJ101152.98+544206.4,42.0,10.0,1801692939.0
faint_shared,SDSSJ101152.98+544206.4,43.0,10.0,2106114280.0
faint_shared,SDSSJ101152.98+544206.4,44.0,10.0,4028706565.0
faint_shared,SDSSJ101152.98+544206.4,45.0,10.0,3174669491.0
faint_shared,SDSSJ101152.98+544206.4,46.0,10.0,3580975400.0
faint_shared,SDSSJ101152.98+544206.4,47.0,10.0,817993776.0
faint_shared,SDSSJ101152.98+544206.4,48.0,10.0,2027874787.0
faint_shared,SDSSJ101152.98+544206.4,49.0,10.0,3886516228.0
faint_shared,SDSSJ101152.98+544206.4,0.0,5.0,2469427167.0
faint_shared,SDSSJ101152.98+544206.4,1.0,5.0,3675440598.0
faint_shared,SDSSJ101152.98+544206.4,2.0,5.0,2884995239.0
faint_shared,SDSSJ101152.98+544206.4,3.0,5.0,2052651282.0
faint_shared,SDSSJ101152.98+544206.4,4.0,5.0,702139156.0
faint_shared,SDSSJ101152.98+544206.4,5.0,5.0,2239587417.0
faint_shared,SDSSJ101152.98+544206.4,6.0,5.0,1973209557.0
faint_shared,SDSSJ101152.98+544206.4,7.0,5.0,1622237299.0
faint_shared,SDSSJ101152.98+544206.4,8.0,5.0,3402736955.0
faint_shared,SDSSJ101152.98+544206.4,9.0,5.0,1284787954.0
faint_shared,SDSSJ101152.98+544206.4,10.0,5.0,3183658906.0
faint_shared,SDSSJ101152.98+544206.4,11.0,5.0,2427086790.0
faint_shared,SDSSJ101152.98+544206.4,12.0,5.0,1207766108.0
faint_shared,SDSSJ101152.98+544206.4,13.0,5.0,560728957.0
faint_shared,SDSSJ101152.98+544206.4,14.0,5.0,3039951270.0
faint_shared,SDSSJ101152.98+544206.4,15.0,5.0,4278062528.0
faint_shared,SDSSJ101152.98+544206.4,16.0,5.0,571815191.0
faint_shared,SDSSJ101152.98+544206.4,17.0,5.0,2131592045.0
faint_shared,SDSSJ101152.98+544206.4,18.0,5.0,2139716696.0
faint_shared,SDSSJ101152.98+544206.4,19.0,5.0,4136278824.0
faint_shared,SDSSJ101152.98+544206.4,20.0,5.0,1079606164.0
faint_shared,SDSSJ101152.98+544206.4,21.0,5.0,2066815336.0
faint_shared,SDSSJ101152.98+544206.4,22.0,5.0,1789201303.0
faint_shared,SDSSJ101152.98+544206.4,23.0,5.0,2297460125.0
faint_shared,SDSSJ101152.98+544206.4,24.0,5.0,2917924106.0
faint_shared,SDSSJ101152.98+544206.4,25.0,5.0,2328395398.0
faint_shared,SDSSJ101152.98+544206.4,26.0,5.0,3696916120.0
faint_shared,SDSSJ101152.98+544206.4,27.0,5.0,2255291249.0
faint_shared,SDSSJ101152.98+544206.4,28.0,5.0,3581249887.0
faint_shared,SDSSJ101152.98+544206.4,29.0,5.0,1913050645.0
faint_shared,SDSSJ101152.98+544206.4,30.0,5.0,1145929924.0
faint_shared,SDSSJ101152.98+544206.4,31.0,5.0,1140030203.0
faint_shared,SDSSJ101152.98+544206.4,32.0,5.0,2002693919.0
faint_shared,SDSSJ101152.98+544206.4,33.0,5.0,763902604.0
faint_shared,SDSSJ101152.98+544206.4,34.0,5.0,2434607696.0
faint_shared,SDSSJ101152.98+544206.4,35.0,5.0,1892734152.0
faint_shared,SDSSJ101152.98+544206.4,36.0,5.0,3580432057.0
faint_shared,SDSSJ101152.98+544206.4,37.0,5.0,3212531415.0
faint_shared,SDSSJ101152.98+544206.4,38.0,5.0,3194269916.0
faint_shared,SDSSJ101152.98+544206.4,39.0,5.0,1023658050.0
faint_shared,SDSSJ101152.98+544206.4,40.0,5.0,294231717.0
faint_shared,SDSSJ101152.98+544206.4,41.0,5.0,2966235019.0
faint_shared,SDSSJ101152.98+544206.4,42.0,5.0,1420572016.0
faint_shared,SDSSJ101152.98+544206.4,43.0,5.0,1199582755.0
faint_shared,SDSSJ101152.98+544206.4,44.0,5.0,2014467957.0
faint_shared,SDSSJ101152.98+544206.4,45.0,5.0,974459478.0
faint_shared,SDSSJ101152.98+544206.4,46.0,5.0,2117159458.0
faint_shared,SDSSJ101152.98+544206.4,47.0,5.0,2341368663.0
faint_shared,SDSSJ101152.98+544206.4,48.0,5.0,4123345170.0
faint_shared,SDSSJ101152.98+544206.4,49.0,5.0,1524078476.0
faint_shared,SDSSJ102152.34+464515.6,0.0,10.0,1162303325.0
faint_shared,SDSSJ102152.34+464515.6,1.0,10.0,2991633118.0
faint_shared,SDSSJ102152.34+464515.6,2.0,10.0,2613353273.0
faint_shared,SDSSJ102152.34+464515.6,3.0,10.0,3339049999.0
faint_shared,SDSSJ102152.34+464515.6,4.0,10.0,180385497.0
faint_shared,SDSSJ102152.34+464515.6,5.0,10.0,1645789090.0
faint_shared,SDSSJ102152.34+464515.6,6.0,10.0,3968567453.0
faint_shared,SDSSJ102152.34+464515.6,7.0,10.0,2471882639.0
faint_shared,SDSSJ102152.34+464515.6,8.0,10.0,4263816112.0
faint_shared,SDSSJ102152.34+464515.6,9.0,10.0,3714028352.0
faint_shared,SDSSJ102152.34+464515.6,10.0,10.0,3966753161.0
faint_shared,SDSSJ102152.34+464515.6,11.0,10.0,134914750.0
faint_shared,SDSSJ102152.34+464515.6,12.0,10.0,2278728205.0
faint_shared,SDSSJ102152.34+464515.6,13.0,10.0,1534059714.0
faint_shared,SDSSJ102152.34+464515.6,14.0,10.0,2009573013.0
faint_shared,SDSSJ102152.34+464515.6,15.0,10.0,2186488089.0
faint_shared,SDSSJ102152.34+464515.6,16.0,10.0,2841206557.0
faint_shared,SDSSJ102152.34+464515.6,17.0,10.0,3758234045.0
faint_shared,SDSSJ102152.34+464515.6,18.0,10.0,402745107.0
faint_shared,SDSSJ102152.34+464515.6,19.0,10.0,1449910016.0
faint_shared,SDSSJ102152.34+464515.6,20.0,10.0,3375995439.0
faint_shared,SDSSJ102152.34+464515.6,21.0,10.0,1354232403.0
faint_shared,SDSSJ102152.34+464515.6,22.0,10.0,2380773462.0
faint_shared,SDSSJ102152.34+464515.6,23.0,10.0,2313577513.0
faint_shared,SDSSJ102152.34+464515.6,24.0,10.0,1680196047.0
faint_shared,SDSSJ102152.34+464515.6,25.0,10.0,306293556.0
faint_shared,SDSSJ102152.34+464515.6,26.0,10.0,3554027449.0
faint_shared,SDSSJ102152.34+464515.6,27.0,10.0,2669572689.0
faint_shared,SDSSJ102152.34+464515.6,28.0,10.0,1657737082.0
faint_shared,SDSSJ102152.34+464515.6,29.0,10.0,4008128759.0
faint_shared,SDSSJ102152.34+464515.6,30.0,10.0,3804709817.0
faint_shared,SDSSJ102152.34+464515.6,31.0,10.0,2333607953.0
faint_shared,SDSSJ102152.34+464515.6,32.0,10.0,2356822544.0
faint_shared,SDSSJ102152.34+464515.6,33.0,10.0,2122834609.0
faint_shared,SDSSJ102152.34+464515.6,34.0,10.0,2191020095.0
faint_shared,SDSSJ102152.34+464515.6,35.0,10.0,2946015811.0
faint_shared,SDSSJ102152.34+464515.6,36.0,10.0,254561777.0
faint_shared,SDSSJ102152.34+464515.6,37.0,10.0,2502032540.0
faint_shared,SDSSJ102152.34+464515.6,38.0,10.0,2556932286.0
faint_shared,SDSSJ102152.34+464515.6,39.0,10.0,2393870107.0
faint_shared,SDSSJ102152.34+464515.6,40.0,10.0,1696070642.0
faint_shared,SDSSJ102152.34+464515.6,41.0,10.0,26679820.0
faint_shared,SDSSJ102152.34+464515.6,42.0,10.0,3380589583.0
faint_shared,SDSSJ102152.34+464515.6,43.0,10.0,3571933722.0
faint_shared,SDSSJ102152.34+464515.6,44.0,10.0,3824269538.0
faint_shared,SDSSJ102152.34+464515.6,45.0,10.0,3105207965.0
faint_shared,SDSSJ102152.34+464515.6,46.0,10.0,2039302389.0
faint_shared,SDSSJ102152.34+464515.6,47.0,10.0,1362564482.0
faint_shared,SDSSJ102152.34+464515.6,48.0,10.0,1848820605.0
faint_shared,SDSSJ102152.34+464515.6,49.0,10.0,1797947394.0
faint_shared,SDSSJ102152.34+464515.6,0.0,5.0,2282570684.0
faint_shared,SDSSJ102152.34+464515.6,1.0,5.0,3387530356.0
faint_shared,SDSSJ102152.34+464515.6,2.0,5.0,2906353600.0
faint_shared,SDSSJ102152.34+464515.6,3.0,5.0,3547413601.0
faint_shared,SDSSJ102152.34+464515.6,4.0,5.0,465991433.0
faint_shared,SDSSJ102152.34+464515.6,5.0,5.0,4182642927.0
faint_shared,SDSSJ102152.34+464515.6,6.0,5.0,1112162785.0
faint_shared,SDSSJ102152.34+464515.6,7.0,5.0,802280333.0
faint_shared,SDSSJ102152.34+464515.6,8.0,5.0,4000454005.0
faint_shared,SDSSJ102152.34+464515.6,9.0,5.0,4206228899.0
faint_shared,SDSSJ102152.34+464515.6,10.0,5.0,199369597.0
faint_shared,SDSSJ102152.34+464515.6,11.0,5.0,794500763.0
faint_shared,SDSSJ102152.34+464515.6,12.0,5.0,229077309.0
faint_shared,SDSSJ102152.34+464515.6,13.0,5.0,1298569154.0
faint_shared,SDSSJ102152.34+464515.6,14.0,5.0,543474276.0
faint_shared,SDSSJ102152.34+464515.6,15.0,5.0,1759500767.0
faint_shared,SDSSJ102152.34+464515.6,16.0,5.0,584786063.0
faint_shared,SDSSJ102152.34+464515.6,17.0,5.0,15899751.0
faint_shared,SDSSJ102152.34+464515.6,18.0,5.0,2522912246.0
faint_shared,SDSSJ102152.34+464515.6,19.0,5.0,1452004457.0
faint_shared,SDSSJ102152.34+464515.6,20.0,5.0,313773184.0
faint_shared,SDSSJ102152.34+464515.6,21.0,5.0,1930235042.0
faint_shared,SDSSJ102152.34+464515.6,22.0,5.0,1103171293.0
faint_shared,SDSSJ102152.34+464515.6,23.0,5.0,2841212869.0
faint_shared,SDSSJ102152.34+464515.6,24.0,5.0,3388825923.0
faint_shared,SDSSJ102152.34+464515.6,25.0,5.0,2191115454.0
faint_shared,SDSSJ102152.34+464515.6,26.0,5.0,2198251747.0
faint_shared,SDSSJ102152.34+464515.6,27.0,5.0,345650203.0
faint_shared,SDSSJ102152.34+464515.6,28.0,5.0,3624011065.0
faint_shared,SDSSJ102152.34+464515.6,29.0,5.0,1864840052.0
faint_shared,SDSSJ102152.34+464515.6,30.0,5.0,1648976172.0
faint_shared,SDSSJ102152.34+464515.6,31.0,5.0,1670250318.0
faint_shared,SDSSJ102152.34+464515.6,32.0,5.0,4257873293.0
faint_shared,SDSSJ102152.34+464515.6,33.0,5.0,2005747540.0
faint_shared,SDSSJ102152.34+464515.6,34.0,5.0,2694150985.0
faint_shared,SDSSJ102152.34+464515.6,35.0,5.0,3205909937.0
faint_shared,SDSSJ102152.34+464515.6,36.0,5.0,2145717166.0
faint_shared,SDSSJ102152.34+464515.6,37.0,5.0,1096989822.0
faint_shared,SDSSJ102152.34+464515.6,38.0,5.0,2240728646.0
faint_shared,SDSSJ102152.34+464515.6,39.0,5.0,1676053151.0
faint_shared,SDSSJ102152.34+464515.6,40.0,5.0,1191913780.0
faint_shared,SDSSJ102152.34+464515.6,41.0,5.0,2975560137.0
faint_shared,SDSSJ102152.34+464515.6,42.0,5.0,3466901285.0
faint_shared,SDSSJ102152.34+464515.6,43.0,5.0,2998457945.0
faint_shared,SDSSJ102152.34+464515.6,44.0,5.0,3596847886.0
faint_shared,SDSSJ102152.34+464515.6,45.0,5.0,2422766152.0
faint_shared,SDSSJ102152.34+464515.6,46.0,5.0,22520943.0
faint_shared,SDSSJ102152.34+464515.6,47.0,5.0,914531429.0
faint_shared,SDSSJ102152.34+464515.6,48.0,5.0,3067747791.0
faint_shared,SDSSJ102152.34+464515.6,49.0,5.0,809152283.0
faint_shared,SDSSJ105058.42+241351.18,0.0,10.0,1960662458.0
faint_shared,SDSSJ105058.42+241351.18,1.0,10.0,1432409055.0
faint_shared,SDSSJ105058.42+241351.18,2.0,10.0,1221496860.0
faint_shared,SDSSJ105058.42+241351.18,3.0,10.0,128858395.0
faint_shared,SDSSJ105058.42+241351.18,4.0,10.0,155913200.0
faint_shared,SDSSJ105058.42+241351.18,5.0,10.0,3373184605.0
faint_shared,SDSSJ105058.42+241351.18,6.0,10.0,4051832439.0
faint_shared,SDSSJ105058.42+241351.18,7.0,10.0,553507453.0
faint_shared,SDSSJ105058.42+241351.18,8.0,10.0,3850225653.0
faint_shared,SDSSJ105058.42+241351.18,9.0,10.0,1671602213.0
faint_shared,SDSSJ105058.42+241351.18,10.0,10.0,1312689231.0
faint_shared,SDSSJ105058.42+241351.18,11.0,10.0,1181984634.0
faint_shared,SDSSJ105058.42+241351.18,12.0,10.0,337384739.0
faint_shared,SDSSJ105058.42+241351.18,13.0,10.0,1138099691.0
faint_shared,SDSSJ105058.42+241351.18,14.0,10.0,387623512.0
faint_shared,SDSSJ105058.42+241351.18,15.0,10.0,2876224958.0
faint_shared,SDSSJ105058.42+241351.18,16.0,10.0,2540716541.0
faint_shared,SDSSJ105058.42+241351.18,17.0,10.0,783763254.0
faint_shared,SDSSJ105058.42+241351.18,18.0,10.0,1649175985.0
faint_shared,SDSSJ105058.42+241351.18,19.0,10.0,3307088133.0
faint_shared,SDSSJ105058.42+241351.18,20.0,10.0,2626617523.0
faint_shared,SDSSJ105058.42+241351.18,21.0,10.0,3850317149.0
faint_shared,SDSSJ105058.42+241351.18,22.0,10.0,3327691696.0
faint_shared,SDSSJ105058.42+241351.18,23.0,10.0,2133564236.0
faint_shared,SDSSJ105058.42+241351.18,24.0,10.0,2877337843.0
faint_shared,SDSSJ105058.42+241351.18,25.0,10.0,3980429443.0
faint_shared,SDSSJ105058.42+241351.18,26.0,10.0,3148233044.0
faint_shared,SDSSJ105058.42+241351.18,27.0,10.0,1345951305.0
faint_shared,SDSSJ105058.42+241351.18,28.0,10.0,2932445423.0
faint_shared,SDSSJ105058.42+241351.18,29.0,10.0,2129830011.0
faint_shared,SDSSJ105058.42+241351.18,30.0,10.0,1782865002.0
faint_shared,SDSSJ105058.42+241351.18,31.0,10.0,1918254996.0
faint_shared,SDSSJ105058.42+241351.18,32.0,10.0,3554413021.0
faint_shared,SDSSJ105058.42+241351.18,33.0,10.0,393515425.0
faint_shared,SDSSJ105058.42+241351.18,34.0,10.0,4228590222.0
faint_shared,SDSSJ105058.42+241351.18,35.0,10.0,3788922023.0
faint_shared,SDSSJ105058.42+241351.18,36.0,10.0,708462016.0
faint_shared,SDSSJ105058.42+241351.18,37.0,10.0,3654554390.0
faint_shared,SDSSJ105058.42+241351.18,38.0,10.0,3699081841.0
faint_shared,SDSSJ105058.42+241351.18,39.0,10.0,3155711186.0
faint_shared,SDSSJ105058.42+241351.18,40.0,10.0,2709484332.0
faint_shared,SDSSJ105058.42+241351.18,41.0,10.0,3551900378.0
faint_shared,SDSSJ105058.42+241351.18,42.0,10.0,2522866342.0
faint_shared,SDSSJ105058.42+241351.18,43.0,10.0,3689441839.0
faint_shared,SDSSJ105058.42+241351.18,44.0,10.0,543217537.0
faint_shared,SDSSJ105058.42+241351.18,45.0,10.0,1610809575.0
faint_shared,SDSSJ105058.42+241351.18,46.0,10.0,3218848049.0
faint_shared,SDSSJ105058.42+241351.18,47.0,10.0,3641643414.0
faint_shared,SDSSJ105058.42+241351.18,48.0,10.0,4033515520.0
faint_shared,SDSSJ105058.42+241351.18,49.0,10.0,3911806651.0
faint_shared,SDSSJ105058.42+241351.18,0.0,5.0,413363313.0
faint_shared,SDSSJ105058.42+241351.18,1.0,5.0,1944262947.0
faint_shared,SDSSJ105058.42+241351.18,2.0,5.0,1391532536.0
faint_shared,SDSSJ105058.42+241351.18,3.0,5.0,762038654.0
faint_shared,SDSSJ105058.42+241351.18,4.0,5.0,2733553670.0
faint_shared,SDSSJ105058.42+241351.18,5.0,5.0,2648946611.0
faint_shared,SDSSJ105058.42+241351.18,6.0,5.0,399729324.0
faint_shared,SDSSJ105058.42+241351.18,7.0,5.0,913271137.0
faint_shared,SDSSJ105058.42+241351.18,8.0,5.0,2984494924.0
faint_shared,SDSSJ105058.42+241351.18,9.0,5.0,3154744358.0
faint_shared,SDSSJ105058.42+241351.18,10.0,5.0,2924076683.0
faint_shared,SDSSJ105058.42+241351.18,11.0,5.0,2732222188.0
faint_shared,SDSSJ105058.42+241351.18,12.0,5.0,3843040595.0
faint_shared,SDSSJ105058.42+241351.18,13.0,5.0,3616237206.0
faint_shared,SDSSJ105058.42+241351.18,14.0,5.0,1446185559.0
faint_shared,SDSSJ105058.42+241351.18,15.0,5.0,2197174985.0
faint_shared,SDSSJ105058.42+241351.18,16.0,5.0,908604485.0
faint_shared,SDSSJ105058.42+241351.18,17.0,5.0,3411238169.0
faint_shared,SDSSJ105058.42+241351.18,18.0,5.0,1733349954.0
faint_shared,SDSSJ105058.42+241351.18,19.0,5.0,3789258559.0
faint_shared,SDSSJ105058.42+241351.18,20.0,5.0,1651471806.0
faint_shared,SDSSJ105058.42+241351.18,21.0,5.0,171474507.0
faint_shared,SDSSJ105058.42+241351.18,22.0,5.0,2523587498.0
faint_shared,SDSSJ105058.42+241351.18,23.0,5.0,4274458217.0
faint_shared,SDSSJ105058.42+241351.18,24.0,5.0,706788277.0
faint_shared,SDSSJ105058.42+241351.18,25.0,5.0,3422948077.0
faint_shared,SDSSJ105058.42+241351.18,26.0,5.0,3312106831.0
faint_shared,SDSSJ105058.42+241351.18,27.0,5.0,2866650828.0
faint_shared,SDSSJ105058.42+241351.18,28.0,5.0,3433307729.0
faint_shared,SDSSJ105058.42+241351.18,29.0,5.0,969712407.0
faint_shared,SDSSJ105058.42+241351.18,30.0,5.0,4049462082.0
faint_shared,SDSSJ105058.42+241351.18,31.0,5.0,1448038265.0
faint_shared,SDSSJ105058.42+241351.18,32.0,5.0,4049705390.0
faint_shared,SDSSJ105058.42+241351.18,33.0,5.0,3591786368.0
faint_shared,SDSSJ105058.42+241351.18,34.0,5.0,19767339.0
faint_shared,SDSSJ105058.42+241351.18,35.0,5.0,3017665796.0
faint_shared,SDSSJ105058.42+241351.18,36.0,5.0,3996000165.0
faint_shared,SDSSJ105058.42+241351.18,37.0,5.0,972520027.0
faint_shared,SDSSJ105058.42+241351.18,38.0,5.0,702492245.0
faint_shared,SDSSJ105058.42+241351.18,39.0,5.0,2339717497.0
faint_shared,SDSSJ105058.42+241351.18,40.0,5.0,1387888755.0
faint_shared,SDSSJ105058.42+241351.18,41.0,5.0,2820999384.0
faint_shared,SDSSJ105058.42+241351.18,42.0,5.0,2358316773.0
faint_shared,SDSSJ105058.42+241351.18,43.0,5.0,3755331851.0
faint_shared,SDSSJ105058.42+241351.18,44.0,5.0,1063280115.0
faint_shared,SDSSJ105058.42+241351.18,45.0,5.0,735419040.0
faint_shared,SDSSJ105058.42+241351.18,46.0,5.0,3000957604.0
faint_shared,SDSSJ105058.42+241351.18,47.0,5.0,3302679715.0
faint_shared,SDSSJ105058.42+241351.18,48.0,5.0,1930544479.0
faint_shared,SDSSJ105058.42+241351.18,49.0,5.0,1031640722.0
faint_shared,SDSSJ105325.40+302419.34,0.0,10.0,1819943392.0
faint_shared,SDSSJ105325.40+302419.34,1.0,10.0,4146699343.0
faint_shared,SDSSJ105325.40+302419.34,2.0,10.0,3255138433.0
faint_shared,SDSSJ105325.40+302419.34,3.0,10.0,3193983446.0
faint_shared,SDSSJ105325.40+302419.34,4.0,10.0,2561842775.0
faint_shared,SDSSJ105325.40+302419.34,5.0,10.0,4164142216.0
faint_shared,SDSSJ105325.40+302419.34,6.0,10.0,1642657706.0
faint_shared,SDSSJ105325.40+302419.34,7.0,10.0,2472025833.0
faint_shared,SDSSJ105325.40+302419.34,8.0,10.0,2856350545.0
faint_shared,SDSSJ105325.40+302419.34,9.0,10.0,3403348186.0
faint_shared,SDSSJ105325.40+302419.34,10.0,10.0,3635960157.0
faint_shared,SDSSJ105325.40+302419.34,11.0,10.0,3466915686.0
faint_shared,SDSSJ105325.40+302419.34,12.0,10.0,2669269096.0
faint_shared,SDSSJ105325.40+302419.34,13.0,10.0,324841729.0
faint_shared,SDSSJ105325.40+302419.34,14.0,10.0,999494635.0
faint_shared,SDSSJ105325.40+302419.34,15.0,10.0,3812995798.0
faint_shared,SDSSJ105325.40+302419.34,16.0,10.0,2678442081.0
faint_shared,SDSSJ105325.40+302419.34,17.0,10.0,297458259.0
faint_shared,SDSSJ105325.40+302419.34,18.0,10.0,1099345366.0
faint_shared,SDSSJ105325.40+302419.34,19.0,10.0,2556094543.0
faint_shared,SDSSJ105325.40+302419.34,20.0,10.0,200895546.0
faint_shared,SDSSJ105325.40+302419.34,21.0,10.0,1782751025.0
faint_shared,SDSSJ105325.40+302419.34,22.0,10.0,3309615822.0
faint_shared,SDSSJ105325.40+302419.34,23.0,10.0,961953882.0
faint_shared,SDSSJ105325.40+302419.34,24.0,10.0,4263538053.0
faint_shared,SDSSJ105325.40+302419.34,25.0,10.0,249327731.0
faint_shared,SDSSJ105325.40+302419.34,26.0,10.0,1758589974.0
faint_shared,SDSSJ105325.40+302419.34,27.0,10.0,2238163225.0
faint_shared,SDSSJ105325.40+302419.34,28.0,10.0,1084502553.0
faint_shared,SDSSJ105325.40+302419.34,29.0,10.0,66573641.0
faint_shared,SDSSJ105325.40+302419.34,30.0,10.0,511943655.0
faint_shared,SDSSJ105325.40+302419.34,31.0,10.0,440986055.0
faint_shared,SDSSJ105325.40+302419.34,32.0,10.0,622456152.0
faint_shared,SDSSJ105325.40+302419.34,33.0,10.0,2148265100.0
faint_shared,SDSSJ105325.40+302419.34,34.0,10.0,4284520871.0
faint_shared,SDSSJ105325.40+302419.34,35.0,10.0,2232734343.0
faint_shared,SDSSJ105325.40+302419.34,36.0,10.0,3598149341.0
faint_shared,SDSSJ105325.40+302419.34,37.0,10.0,2729492638.0
faint_shared,SDSSJ105325.40+302419.34,38.0,10.0,1034184863.0
faint_shared,SDSSJ105325.40+302419.34,39.0,10.0,2563736445.0
faint_shared,SDSSJ105325.40+302419.34,40.0,10.0,911273248.0
faint_shared,SDSSJ105325.40+302419.34,41.0,10.0,1864636744.0
faint_shared,SDSSJ105325.40+302419.34,42.0,10.0,2794533052.0
faint_shared,SDSSJ105325.40+302419.34,43.0,10.0,2262965930.0
faint_shared,SDSSJ105325.40+302419.34,44.0,10.0,2624728006.0
faint_shared,SDSSJ105325.40+302419.34,45.0,10.0,4148682058.0
faint_shared,SDSSJ105325.40+302419.34,46.0,10.0,1485533577.0
faint_shared,SDSSJ105325.40+302419.34,47.0,10.0,2127435457.0
faint_shared,SDSSJ105325.40+302419.34,48.0,10.0,1607037543.0
faint_shared,SDSSJ105325.40+302419.34,49.0,10.0,3753094049.0
faint_shared,SDSSJ105325.40+302419.34,0.0,5.0,2617754066.0
faint_shared,SDSSJ105325.40+302419.34,1.0,5.0,1706193167.0
faint_shared,SDSSJ105325.40+302419.34,2.0,5.0,2772447374.0
faint_shared,SDSSJ105325.40+302419.34,3.0,5.0,2542575538.0
faint_shared,SDSSJ105325.40+302419.34,4.0,5.0,3347068585.0
faint_shared,SDSSJ105325.40+302419.34,5.0,5.0,2188553323.0
faint_shared,SDSSJ105325.40+302419.34,6.0,5.0,2405097815.0
faint_shared,SDSSJ105325.40+302419.34,7.0,5.0,841715734.0
faint_shared,SDSSJ105325.40+302419.34,8.0,5.0,2167648831.0
faint_shared,SDSSJ105325.40+302419.34,9.0,5.0,907693274.0
faint_shared,SDSSJ105325.40+302419.34,10.0,5.0,667704867.0
faint_shared,SDSSJ105325.40+302419.34,11.0,5.0,218058113.0
faint_shared,SDSSJ105325.40+302419.34,12.0,5.0,685643072.0
faint_shared,SDSSJ105325.40+302419.34,13.0,5.0,2032234389.0
faint_shared,SDSSJ105325.40+302419.34,14.0,5.0,4043886725.0
faint_shared,SDSSJ105325.40+302419.34,15.0,5.0,1516048445.0
faint_shared,SDSSJ105325.40+302419.34,16.0,5.0,2288243856.0
faint_shared,SDSSJ105325.40+302419.34,17.0,5.0,4206612490.0
faint_shared,SDSSJ105325.40+302419.34,18.0,5.0,1498398712.0
faint_shared,SDSSJ105325.40+302419.34,19.0,5.0,2199850975.0
faint_shared,SDSSJ105325.40+302419.34,20.0,5.0,2633033188.0
faint_shared,SDSSJ105325.40+302419.34,21.0,5.0,2948075313.0
faint_shared,SDSSJ105325.40+302419.34,22.0,5.0,2917289926.0
faint_shared,SDSSJ105325.40+302419.34,23.0,5.0,664062971.0
faint_shared,SDSSJ105325.40+302419.34,24.0,5.0,3101612032.0
faint_shared,SDSSJ105325.40+302419.34,25.0,5.0,4290662081.0
faint_shared,SDSSJ105325.40+302419.34,26.0,5.0,321389294.0
faint_shared,SDSSJ105325.40+302419.34,27.0,5.0,1174525791.0
faint_shared,SDSSJ105325.40+302419.34,28.0,5.0,2067541419.0
faint_shared,SDSSJ105325.40+302419.34,29.0,5.0,678963826.0
faint_shared,SDSSJ105325.40+302419.34,30.0,5.0,907273864.0
faint_shared,SDSSJ105325.40+302419.34,31.0,5.0,3103156701.0
faint_shared,SDSSJ105325.40+302419.34,32.0,5.0,3493008603.0
faint_shared,SDSSJ105325.40+302419.34,33.0,5.0,2663612152.0
faint_shared,SDSSJ105325.40+302419.34,34.0,5.0,553029436.0
faint_shared,SDSSJ105325.40+302419.34,35.0,5.0,3724382460.0
faint_shared,SDSSJ105325.40+302419.34,36.0,5.0,3212142884.0
faint_shared,SDSSJ105325.40+302419.34,37.0,5.0,786474249.0
faint_shared,SDSSJ105325.40+302419.34,38.0,5.0,2504958593.0
faint_shared,SDSSJ105325.40+302419.34,39.0,5.0,1732367167.0
faint_shared,SDSSJ105325.40+302419.34,40.0,5.0,1443376311.0
faint_shared,SDSSJ105325.40+302419.34,41.0,5.0,3659047275.0
faint_shared,SDSSJ105325.40+302419.34,42.0,5.0,1399827466.0
faint_shared,SDSSJ105325.40+302419.34,43.0,5.0,2375843081.0
faint_shared,SDSSJ105325.40+302419.34,44.0,5.0,1193764163.0
faint_shared,SDSSJ105325.40+302419.34,45.0,5.0,2712869523.0
faint_shared,SDSSJ105325.40+302419.34,46.0,5.0,1217029969.0
faint_shared,SDSSJ105325.40+302419.34,47.0,5.0,2699487532.0
faint_shared,SDSSJ105325.40+302419.34,48.0,5.0,4001810997.0
faint_shared,SDSSJ105325.40+302419.34,49.0,5.0,835845841.0
faint_shared,SDSSJ135855.83+493414.2,0.0,5.0,2953729763.0
faint_shared,SDSSJ135855.83+493414.2,1.0,5.0,2110753174.0
faint_shared,SDSSJ135855.83+493414.2,2.0,5.0,16393680.0
faint_shared,SDSSJ135855.83+493414.2,3.0,5.0,1098159508.0
faint_shared,SDSSJ135855.83+493414.2,4.0,5.0,1834959585.0
faint_shared,SDSSJ135855.83+493414.2,5.0,5.0,79547078.0
faint_shared,SDSSJ135855.83+493414.2,6.0,5.0,3754954833.0
faint_shared,SDSSJ135855.83+493414.2,7.0,5.0,2015620522.0
faint_shared,SDSSJ135855.83+493414.2,8.0,5.0,284473813.0
faint_shared,SDSSJ135855.83+493414.2,9.0,5.0,1628407471.0
faint_shared,SDSSJ135855.83+493414.2,10.0,5.0,2209761558.0
faint_shared,SDSSJ135855.83+493414.2,11.0,5.0,383915374.0
faint_shared,SDSSJ135855.83+493414.2,12.0,5.0,1784324379.0
faint_shared,SDSSJ135855.83+493414.2,13.0,5.0,1964444297.0
faint_shared,SDSSJ135855.83+493414.2,14.0,5.0,1294628437.0
faint_shared,SDSSJ135855.83+493414.2,15.0,5.0,3217825886.0
faint_shared,SDSSJ135855.83+493414.2,16.0,5.0,429296455.0
faint_shared,SDSSJ135855.83+493414.2,17.0,5.0,700657296.0
faint_shared,SDSSJ135855.83+493414.2,18.0,5.0,4287332539.0
faint_shared,SDSSJ135855.83+493414.2,19.0,5.0,609131018.0
faint_shared,SDSSJ135855.83+493414.2,20.0,5.0,3869984504.0
faint_shared,SDSSJ135855.83+493414.2,21.0,5.0,2995192815.0
faint_shared,SDSSJ135855.83+493414.2,22.0,5.0,205066196.0
faint_shared,SDSSJ135855.83+493414.2,23.0,5.0,3189324259.0
faint_shared,SDSSJ135855.83+493414.2,24.0,5.0,3276540961.0
faint_shared,SDSSJ135855.83+493414.2,25.0,5.0,2422575970.0
faint_shared,SDSSJ135855.83+493414.2,26.0,5.0,230332133.0
faint_shared,SDSSJ135855.83+493414.2,27.0,5.0,44542254.0
faint_shared,SDSSJ135855.83+493414.2,28.0,5.0,4234270462.0
faint_shared,SDSSJ135855.83+493414.2,29.0,5.0,2931716045.0
faint_shared,SDSSJ135855.83+493414.2,30.0,5.0,2852149096.0
faint_shared,SDSSJ135855.83+493414.2,31.0,5.0,2516754831.0
faint_shared,SDSSJ135855.83+493414.2,32.0,5.0,3098112220.0
faint_shared,SDSSJ135855.83+493414.2,33.0,5.0,2915951332.0
faint_shared,SDSSJ135855.83+493414.2,34.0,5.0,3399947091.0
faint_shared,SDSSJ135855.83+493414.2,35.0,5.0,4116422771.0
faint_shared,SDSSJ135855.83+493414.2,36.0,5.0,3003005042.0
faint_shared,SDSSJ135855.83+493414.2,37.0,5.0,82474435.0
faint_shared,SDSSJ135855.83+493414.2,38.0,5.0,1562601109.0
faint_shared,SDSSJ135855.83+493414.2,39.0,5.0,126093487.0
faint_shared,SDSSJ135855.83+493414.2,40.0,5.0,3705667630.0
faint_shared,SDSSJ135855.83+493414.2,41.0,5.0,3069639472.0
faint_shared,SDSSJ135855.83+493414.2,42.0,5.0,3705076602.0
faint_shared,SDSSJ135855.83+493414.2,43.0,5.0,1426126852.0
faint_shared,SDSSJ135855.83+493414.2,44.0,5.0,2918105683.0
faint_shared,SDSSJ135855.83+493414.2,45.0,5.0,1552240425.0
faint_shared,SDSSJ135855.83+493414.2,46.0,5.0,1852144184.0
faint_shared,SDSSJ135855.83+493414.2,47.0,5.0,632559493.0
faint_shared,SDSSJ135855.83+493414.2,48.0,5.0,3082390546.0
faint_shared,SDSSJ135855.83+493414.2,49.0,5.0,3734141322.0
faint_shared,SDSSJ222132.41-010928.70,0.0,10.0,1565743636.0
faint_shared,SDSSJ222132.41-010928.70,1.0,10.0,4059602314.0
faint_shared,SDSSJ222132.41-010928.70,2.0,10.0,192363838.0
faint_shared,SDSSJ222132.41-010928.70,3.0,10.0,4063080240.0
faint_shared,SDSSJ222132.41-010928.70,4.0,10.0,1137449661.0
faint_shared,SDSSJ222132.41-010928.70,5.0,10.0,572122504.0
faint_shared,SDSSJ222132.41-010928.70,6.0,10.0,2057496043.0
faint_shared,SDSSJ222132.41-010928.70,7.0,10.0,3946721873.0
faint_shared,SDSSJ222132.41-010928.70,8.0,10.0,546924695.0
faint_shared,SDSSJ222132.41-010928.70,9.0,10.0,3872848650.0
faint_shared,SDSSJ222132.41-010928.70,10.0,10.0,768518556.0
faint_shared,SDSSJ222132.41-010928.70,11.0,10.0,62715672.0
faint_shared,SDSSJ222132.41-010928.70,12.0,10.0,318522559.0
faint_shared,SDSSJ222132.41-010928.70,13.0,10.0,2454688780.0
faint_shared,SDSSJ222132.41-010928.70,14.0,10.0,1813522266.0
faint_shared,SDSSJ222132.41-010928.70,15.0,10.0,2931807521.0
faint_shared,SDSSJ222132.41-010928.70,16.0,10.0,1356672039.0
faint_shared,SDSSJ222132.41-010928.70,17.0,10.0,27425579.0
faint_shared,SDSSJ222132.41-010928.70,18.0,10.0,1112902215.0
faint_shared,SDSSJ222132.41-010928.70,19.0,10.0,3958124054.0
faint_shared,SDSSJ222132.41-010928.70,20.0,10.0,669199627.0
faint_shared,SDSSJ222132.41-010928.70,21.0,10.0,2618141929.0
faint_shared,SDSSJ222132.41-010928.70,22.0,10.0,2108846504.0
faint_shared,SDSSJ222132.41-010928.70,23.0,10.0,1746705100.0
faint_shared,SDSSJ222132.41-010928.70,24.0,10.0,2758503669.0
faint_shared,SDSSJ222132.41-010928.70,25.0,10.0,3410614155.0
faint_shared,SDSSJ222132.41-010928.70,26.0,10.0,779971494.0
faint_shared,SDSSJ222132.41-010928.70,27.0,10.0,211352414.0
faint_shared,SDSSJ222132.41-010928.70,28.0,10.0,1656620384.0
faint_shared,SDSSJ222132.41-010928.70,29.0,10.0,1560819996.0
faint_shared,SDSSJ222132.41-010928.70,30.0,10.0,2232648436.0
faint_shared,SDSSJ222132.41-010928.70,31.0,10.0,4092705256.0
faint_shared,SDSSJ222132.41-010928.70,32.0,10.0,4110967422.0
faint_shared,SDSSJ222132.41-010928.70,33.0,10.0,2586835936.0
faint_shared,SDSSJ222132.41-010928.70,34.0,10.0,1099166740.0
faint_shared,SDSSJ222132.41-010928.70,35.0,10.0,742372112.0
faint_shared,SDSSJ222132.41-010928.70,36.0,10.0,2343515205.0
faint_shared,SDSSJ222132.41-010928.70,37.0,10.0,2174739678.0
faint_shared,SDSSJ222132.41-010928.70,38.0,10.0,1065304684.0
faint_shared,SDSSJ222132.41-010928.70,39.0,10.0,1838899348.0
faint_shared,SDSSJ222132.41-010928.70,40.0,10.0,1394876581.0
faint_shared,SDSSJ222132.41-010928.70,41.0,10.0,224723933.0
faint_shared,SDSSJ222132.41-010928.70,42.0,10.0,1152288362.0
faint_shared,SDSSJ222132.41-010928.70,43.0,10.0,1856311576.0
faint_shared,SDSSJ222132.41-010928.70,44.0,10.0,4222757431.0
faint_shared,SDSSJ222132.41-010928.70,45.0,10.0,3874909293.0
faint_shared,SDSSJ222132.41-010928.70,46.0,10.0,1831059189.0
faint_shared,SDSSJ222132.41-010928.70,47.0,10.0,2481853645.0
faint_shared,SDSSJ222132.41-010928.70,48.0,10.0,348764811.0
faint_shared,SDSSJ222132.41-010928.70,49.0,10.0,29897730.0
faint_shared,SDSSJ222132.41-010928.70,0.0,5.0,65664868.0
faint_shared,SDSSJ222132.41-010928.70,1.0,5.0,984354662.0
faint_shared,SDSSJ222132.41-010928.70,2.0,5.0,1694275231.0
faint_shared,SDSSJ222132.41-010928.70,3.0,5.0,2801902579.0
faint_shared,SDSSJ222132.41-010928.70,4.0,5.0,3743959440.0
faint_shared,SDSSJ222132.41-010928.70,5.0,5.0,1908036824.0
faint_shared,SDSSJ222132.41-010928.70,6.0,5.0,2514236.0
faint_shared,SDSSJ222132.41-010928.70,7.0,5.0,1755329462.0
faint_shared,SDSSJ222132.41-010928.70,8.0,5.0,4292860211.0
faint_shared,SDSSJ222132.41-010928.70,9.0,5.0,2304633071.0
faint_shared,SDSSJ222132.41-010928.70,10.0,5.0,2407903219.0
faint_shared,SDSSJ222132.41-010928.70,11.0,5.0,3093065842.0
faint_shared,SDSSJ222132.41-010928.70,12.0,5.0,4270223270.0
faint_shared,SDSSJ222132.41-010928.70,13.0,5.0,3197782079.0
faint_shared,SDSSJ222132.41-010928.70,14.0,5.0,3383223133.0
faint_shared,SDSSJ222132.41-010928.70,15.0,5.0,1829061411.0
faint_shared,SDSSJ222132.41-010928.70,16.0,5.0,1281902411.0
faint_shared,SDSSJ222132.41-010928.70,17.0,5.0,3460391025.0
faint_shared,SDSSJ222132.41-010928.70,18.0,5.0,4014095241.0
faint_shared,SDSSJ222132.41-010928.70,19.0,5.0,695997981.0
faint_shared,SDSSJ222132.41-010928.70,20.0,5.0,54199141.0
faint_shared,SDSSJ222132.41-010928.70,21.0,5.0,2453676726.0
faint_shared,SDSSJ222132.41-010928.70,22.0,5.0,2626850009.0
faint_shared,SDSSJ222132.41-010928.70,23.0,5.0,1714370654.0
faint_shared,SDSSJ222132.41-010928.70,24.0,5.0,794448043.0
faint_shared,SDSSJ222132.41-010928.70,25.0,5.0,1653200710.0
faint_shared,SDSSJ222132.41-010928.70,26.0,5.0,4256236742.0
faint_shared,SDSSJ222132.41-010928.70,27.0,5.0,2669070174.0
faint_shared,SDSSJ222132.41-010928.70,28.0,5.0,1050570791.0
faint_shared,SDSSJ222132.41-010928.70,29.0,5.0,786617169.0
faint_shared,SDSSJ222132.41-010928.70,30.0,5.0,1972895311.0
faint_shared,SDSSJ222132.41-010928.70,31.0,5.0,3152281298.0
faint_shared,SDSSJ222132.41-010928.70,32.0,5.0,1890921695.0
faint_shared,SDSSJ222132.41-010928.70,33.0,5.0,2623327339.0
faint_shared,SDSSJ222132.41-010928.70,34.0,5.0,2222096788.0
faint_shared,SDSSJ222132.41-010928.70,35.0,5.0,1809449477.0
faint_shared,SDSSJ222132.41-010928.70,36.0,5.0,3430706286.0
faint_shared,SDSSJ222132.41-010928.70,37.0,5.0,1211663727.0
faint_shared,SDSSJ222132.41-010928.70,38.0,5.0,2370581776.0
faint_shared,SDSSJ222132.41-010928.70,39.0,5.0,142748632.0
faint_shared,SDSSJ222132.41-010928.70,40.0,5.0,4048745560.0
faint_shared,SDSSJ222132.41-010928.70,41.0,5.0,3201956458.0
faint_shared,SDSSJ222132.41-010928.70,42.0,5.0,1985705304.0
faint_shared,SDSSJ222132.41-010928.70,43.0,5.0,902749263.0
faint_shared,SDSSJ222132.41-010928.70,44.0,5.0,3168064242.0
faint_shared,SDSSJ222132.41-010928.70,45.0,5.0,3616084400.0
faint_shared,SDSSJ222132.41-010928.70,46.0,5.0,1003522987.0
faint_shared,SDSSJ222132.41-010928.70,47.0,5.0,1144080194.0
faint_shared,SDSSJ222132.41-010928.70,48.0,5.0,4011939615.0
faint_shared,SDSSJ222132.41-010928.70,49.0,5.0,1488208040.0
faint_shared,SDSSJ233602.98+001728.7,0.0,5.0,3667668081.0
faint_shared,SDSSJ233602.98+001728.7,1.0,5.0,1018655163.0
faint_shared,SDSSJ233602.98+001728.7,2.0,5.0,2997253586.0
faint_shared,SDSSJ233602.98+001728.7,3.0,5.0,407610520.0
faint_shared,SDSSJ233602.98+001728.7,4.0,5.0,2126660713.0
faint_shared,SDSSJ233602.98+001728.7,5.0,5.0,2920700934.0
faint_shared,SDSSJ233602.98+001728.7,6.0,5.0,3758846138.0
faint_shared,SDSSJ233602.98+001728.7,7.0,5.0,3749479782.0
faint_shared,SDSSJ233602.98+001728.7,8.0,5.0,4118669261.0
faint_shared,SDSSJ233602.98+001728.7,9.0,5.0,4291127715.0
faint_shared,SDSSJ233602.98+001728.7,10.0,5.0,3831470226.0
faint_shared,SDSSJ233602.98+001728.7,11.0,5.0,3594268160.0
faint_shared,SDSSJ233602.98+001728.7,12.0,5.0,2989277703.0
faint_shared,SDSSJ233602.98+001728.7,13.0,5.0,2234477459.0
faint_shared,SDSSJ233602.98+001728.7,14.0,5.0,521907446.0
faint_shared,SDSSJ233602.98+001728.7,15.0,5.0,2066815106.0
faint_shared,SDSSJ233602.98+001728.7,16.0,5.0,237288274.0
faint_shared,SDSSJ233602.98+001728.7,17.0,5.0,3107987547.0
faint_shared,SDSSJ233602.98+001728.7,18.0,5.0,2966251192.0
faint_shared,SDSSJ233602.98+001728.7,19.0,5.0,3746453268.0
faint_shared,SDSSJ233602.98+001728.7,20.0,5.0,431268117.0
faint_shared,SDSSJ233602.98+001728.7,21.0,5.0,579321272.0
faint_shared,SDSSJ233602.98+001728.7,22.0,5.0,2901171620.0
faint_shared,SDSSJ233602.98+001728.7,23.0,5.0,2755845.0
faint_shared,SDSSJ233602.98+001728.7,24.0,5.0,2297421544.0
faint_shared,SDSSJ233602.98+001728.7,25.0,5.0,765573331.0
faint_shared,SDSSJ233602.98+001728.7,26.0,5.0,1635737872.0
faint_shared,SDSSJ233602.98+001728.7,27.0,5.0,1256673215.0
faint_shared,SDSSJ233602.98+001728.7,28.0,5.0,1343441420.0
faint_shared,SDSSJ233602.98+001728.7,29.0,5.0,2353494783.0
faint_shared,SDSSJ233602.98+001728.7,30.0,5.0,4264984746.0
faint_shared,SDSSJ233602.98+001728.7,31.0,5.0,319096233.0
faint_shared,SDSSJ233602.98+001728.7,32.0,5.0,2641185671.0
faint_shared,SDSSJ233602.98+001728.7,33.0,5.0,4252265459.0
faint_shared,SDSSJ233602.98+001728.7,34.0,5.0,1612534983.0
faint_shared,SDSSJ233602.98+001728.7,35.0,5.0,2312280458.0
faint_shared,SDSSJ233602.98+001728.7,36.0,5.0,1195675838.0
faint_shared,SDSSJ233602.98+001728.7,37.0,5.0,3071750117.0
faint_shared,SDSSJ233602.98+001728.7,38.0,5.0,355656877.0
faint_shared,SDSSJ233602.98+001728.7,39.0,5.0,37547925.0
faint_shared,SDSSJ233602.98+001728.7,40.0,5.0,4285172829.0
faint_shared,SDSSJ233602.98+001728.7,41.0,5.0,2183610180.0
faint_shared,SDSSJ233602.98+001728.7,42.0,5.0,2756776353.0
faint_shared,SDSSJ233602.98+001728.7,43.0,5.0,3937837059.0
faint_shared,SDSSJ233602.98+001728.7,44.0,5.0,491415135.0
faint_shared,SDSSJ233602.98+001728.7,45.0,5.0,2442617927.0
faint_shared,SDSSJ233602.98+001728.7,46.0,5.0,1415251372.0
faint_shared,SDSSJ233602.98+001728.7,47.0,5.0,3261773320.0
faint_shared,SDSSJ233602.98+001728.7,48.0,5.0,177358637.0
faint_shared,SDSSJ233602.98+001728.7,49.0,5.0,2705434710.0
